-82764124
-62658249
-61894125
-53031374
-52967250
-41382059
-41382055
-36807749
-36743625
-36358875
-34138499
-34134375
-31328919
-31328915
-30946860
-26513619
-26513615
-26481560
-25706999
-25702875
-25393500
-22112999
-20691024
-20691000
-20468249
-20464125
-20443500
-19348875
-18402439
-18402435
-18370380
-18178020
-17048559
-17048555
-17046500
-15664049
-15664025
-15473025
-14206499
-14202375
-14181750
-14033250
-13850999
-13786875
-13754214
-13252674
-13252650
-13236650
-12837919
-12837915
-12835860
-12681360
-12225999
-12119625
-11669476
-11461875
-11056479
-11056475
-10697750
-10345499
-10345375
-10221719
-10221715
-10219660
-10209360
-9674420
-9198349
-9198325
-9182325
-9107999
-9103875
-9086175
-8482899
-8482875
-8481875
-8276416
-8276409
-8276406
-8276405
-8276400
-8079714
-7969500
-7830999
-7830875
-7735500
-7641249
-7525413
-7181999
-7117875
-7094639
-7094635
-7092580
-7082280
-7008120
-6924959
-6924955
-6892900
-6877125
-6877107
-6877044
-6876900
-6733125
-6615999
-6615875
-6608000
-6387799
-6387775
-6386775
-6309900
-6284250
-6266193
-6265788
-6265778
-6265619
-6265615
-6265610
-6265373
-6189777
-6189377
-6189367
-6189210
-6188967
-6113015
-6112984
-6112983
-6112959
-6112955
-6059340
-5833646
-5828550
-5793486
-5793480
-5771250
-5730900
-5707124
-5643000
-5642964
-5528199
-5528175
-5494500
-5482923
-5348889
-5348840
-5345999
-5341875
-5321794
-5321250
-5306858
-5302728
-5302718
-5301069
-5301065
-5301060
-5300442
-5298588
-5296317
-5296307
-5294660
-5292182
-5258823
-5257676
-5257675
-5247606
-5194692
-5086049
-5086025
-5085025
-5079900
-5015999
-5011875
-4965839
-4965835
-4965780
-4837175
-4809374
-4745250
-4702500
-4677750
-4616999
-4591999
-4591875
-4584749
-4584000
-4552875
-4548479
-4548475
-4546420
-4536000
-4503226
-4488749
-4424625
-4397249
-4393125
-4389000
-4386336
-4385933
-4385927
-4343625
-4332447
-4171986
-4138214
-4138210
-4138194
-4138190
-4137999
-4137875
-4137500
-4039875
-4039857
-4039524
-4039380
-3979920
-3820625
-3820599
-3820595
-3758879
-3758875
-3758820
-3752658
-3713040
-3710748
-3710742
-3708810
-3706262
-3683357
-3680897
-3680492
-3680482
-3680077
-3679339
-3679335
-3679330
-3677617
-3676941
-3674081
-3674071
-3672930
-3671211
-3638439
-3636009
-3635609
-3635599
-3635199
-3634470
-3632769
-3591015
-3590984
-3590983
-3590719
-3590715
-3558660
-3530099
-3530075
-3529075
-3523950
-3513321
-3487050
-3461399
-3461375
-3451091
-3450675
-3445375
-3438540
-3438522
-3438450
-3438414
-3437550
-3436124
-3432000
-3416336
-3412206
-3410532
-3409716
-3409706
-3409305
-3409295
-3406413
-3406412
-3393159
-3393155
-3393150
-3392750
-3386624
-3382500
-3368331
-3367925
-3366300
-3337152
-3175679
-3175675
-3175620
-3171840
-3142139
-3141880
-3134999
-3133629
-3133625
-3132819
-3132815
-3132799
-3132795
-3131989
-3131985
-3130875
-3118464
-3115999
-3115875
-3115500
-3095415
-3094615
-3094595
-3093795
-3078000
-3056559
-3056555
-3056495
-3056464
-3056463
-3056400
-3056399
-3056395
-3056375
-3028725
-2970000
-2915276
-2885625
-2885400
-2884700
-2865375
-2853339
-2853335
-2821500
-2821482
-2821280
-2818044
-2817900
-2806272
-2771999
-2767875
-2764132
-2764117
-2764116
-2764107
-2763999
-2763875
-2747250
-2743920
-2693249
-2674490
-2674434
-2674350
-2669759
-2669755
-2667700
-2660399
-2658804
-2658800
-2658075
-2657400
-2655590
-2650544
-2650540
-2650524
-2650520
-2647340
-2647320
-2642264
-2642260
-2639070
-2631789
-2631785
-2629493
-2629125
-2628346
-2628345
-2626050
-2626049
-2626045
-2616796
-2599695
-2598750
-2598743
-2598327
-2597427
-2586220
-2575537
-2575531
-2573999
-2571051
-2569875
-2567993
-2567588
-2567578
-2567177
-2567173
-2567167
-2567052
-2565000
-2564999
-2555119
-2555115
-2555110
-2554710
-2544129
-2536677
-2536423
-2536277
-2536267
-2536017
-2535867
-2523960
-2508015
-2507984
-2507983
-2505492
-2504959
-2504955
-2502900
-2500875
-2482926
-2482923
-2482922
-2480999
-2480875
-2480500
-2478000
-2449902
-2442000
-2441999
-2437875
-2425500
-2418500
-2404499
-2404495
-2393139
-2392499
-2388375
-2375211
-2375205
-2374925
-2372440
-2371193
-2368425
-2367063
-2364306
-2364305
-2363625
-2348400
-2342999
-2342277
-2338875
-2336040
-2314125
-2308319
-2308315
-2308248
-2292359
-2292355
-2276260
-2263199
-2263175
-2262175
-2252250
-2248246
-2247948
-2244375
-2244374
-2244199
-2244195
-2243150
-2227500
-2212140
-2211396
-2211335
-2211300
-2211290
-2211279
-2211275
-2211270
-2211255
-2204159
-2204155
-2204100
-2202749
-2200320
-2198625
-2195959
-2195955
-2194514
-2193900
-2191840
-2180250
-2178000
-2177280
-2169180
-2151863
-2151838
-2069153
-2069124
-2069100
-2069099
-2069075
-2069074
-2069050
-2068737
-2066652
-2053669
-2048478
-2046002
-2044348
-2044338
-2043937
-2043927
-2041877
-2041867
-2040208
-2037742
-2034419
-2034415
-2034410
-2034010
-2031960
-2030073
-2028926
-2028925
-2019780
-2019762
-2019690
-2019533
-2019127
-2019114
-2018250
-2017092
-2005317
-2001834
-1986360
-1986336
-1986335
-1986239
-1986235
-1986180
-1986000
-1980300
-1956864
-1934919
-1934889
-1934879
-1934870
-1934849
-1910300
-1910249
-1910225
-1902609
-1880999
-1879689
-1879686
-1879685
-1876875
-1861713
-1856249
-1852125
-1845409
-1845405
-1842195
-1840489
-1840485
-1839679
-1839675
-1839659
-1839655
-1838849
-1838845
-1836475
-1836455
-1833929
-1833925
-1831500
-1830735
-1822905
-1818045
-1817245
-1817225
-1816425
-1811565
-1795439
-1795435
-1795375
-1795344
-1795343
-1795280
-1795279
-1795275
-1794799
-1794775
-1788583
-1788577
-1788297
-1781999
-1779339
-1779335
-1779125
-1778775
-1777875
-1766772
-1757250
-1754496
-1732499
-1731382
-1731367
-1731366
-1731357
-1728429
-1728425
-1728375
-1727999
-1727875
-1726340
-1721999
-1721875
-1721500
-1720000
-1719225
-1719207
-1719000
-1718964
-1718775
-1715979
-1715975
-1714500
-1713920
-1708581
-1707750
-1706516
-1701336
-1701000
-1700712
-1698658
-1698657
-1696589
-1696585
-1696569
-1696565
-1696385
-1696365
-1691259
-1691255
-1689200
-1682625
-1680840
-1678810
-1678809
-1678805
-1673672
-1655286
-1655285
-1655276
-1655275
-1644876
-1628847
-1628822
-1613819
-1613815
-1613625
-1608984
-1598625
-1592244
-1590324
-1590321
-1590320
-1571010
-1570954
-1570450
-1568249
-1568225
-1567500
-1566224
-1566200
-1566199
-1566175
-1566174
-1566150
-1565599
-1565595
-1564149
-1564125
-1563540
-1559250
-1559232
-1557324
-1557180
-1549125
-1547895
-1547889
-1547125
-1547100
-1547075
-1545075
-1528599
-1528575
-1528257
-1528242
-1528241
-1528232
-1528215
-1528184
-1528183
-1527999
-1527875
-1527800
-1527799
-1527775
-1521888
-1512000
-1503576
-1503552
-1503551
-1495679
-1495675
-1495620
-1495440
-1492614
-1485000
-1483200
-1477440
-1474874
-1454726
-1451999
-1447875
-1442700
-1442250
-1436147
-1435731
-1433646
-1432500
-1426224
-1426200
-1424093
-1424087
-1423807
-1422372
-1421797
-1419337
-1419321
-1418932
-1418922
-1418634
-1418521
-1418517
-1418511
-1416461
-1416451
-1416057
-1413591
-1412039
-1412035
-1412030
-1411630
-1410750
-1410749
-1410200
-1409580
-1409040
-1409022
-1408950
-1406987
-1406971
-1404459
-1402164
-1402029
-1401707
-1401629
-1401619
-1401301
-1401300
-1401219
-1399266
-1398789
-1394820
-1386071
-1386015
-1385984
-1385983
-1385031
-1384996
-1384986
-1384951
-1384614
-1384559
-1384555
-1384550
-1384319
-1384315
-1383911
-1382260
-1382099
-1382095
-1382067
-1382052
-1382051
-1382042
-1382020
-1382019
-1382015
-1381970
-1379655
-1378585
-1378575
-1378150
-1377505
-1376127
-1376102
-1375470
-1375385
-1375375
-1375344
-1375290
-1375200
-1375020
-1374464
-1371960
-1365300
-1354409
-1348326
-1346625
-1346519
-1346515
-1343874
-1343850
-1342250
-1339879
-1339875
-1339665
-1337525
-1337189
-1337000
-1329494
-1328399
-1328375
-1327872
-1327375
-1326719
-1326715
-1326660
-1326402
-1323540
-1323224
-1323200
-1323199
-1323175
-1323174
-1323150
-1322250
-1321625
-1321600
-1321575
-1320000
-1319999
-1315875
-1315550
-1314623
-1314460
-1313476
-1313475
-1312200
-1302524
-1302500
-1300950
-1299700
-1299699
-1299675
-1298592
-1298206
-1297800
-1296750
-1285439
-1285435
-1283380
-1282400
-1282399
-1282395
-1282360
-1278379
-1278375
-1277569
-1277565
-1277549
-1277545
-1277365
-1277345
-1276739
-1276735
-1271808
-1270500
-1270296
-1270272
-1270271
-1262790
-1261990
-1261970
-1261170
-1253533
-1253128
-1253127
-1253118
-1253117
-1252713
-1252559
-1252555
-1252495
-1252464
-1252463
-1252400
-1252399
-1252395
-1251432
-1250340
-1246399
-1246375
-1245375
-1241459
-1241455
-1241445
-1238247
-1237847
-1237837
-1237437
-1222671
-1222631
-1222596
-1222586
-1222559
-1222555
-1222551
-1222550
-1222511
-1219520
-1219519
-1219515
-1218375
-1218374
-1217460
-1215239
-1215235
-1215045
-1212813
-1212764
-1211903
-1211873
-1211863
-1211833
-1211490
-1211280
-1210923
-1201874
-1201850
-1200420
-1199659
-1199655
-1197570
-1194799
-1194795
-1194048
-1193374
-1192740
-1190879
-1190875
-1190820
-1190640
-1189440
-1185883
-1185850
-1185030
-1183818
-1181050
-1180380
-1179430
-1178996
-1178995
-1171499
-1171422
-1170079
-1170075
-1168500
-1168020
-1167375
-1167250
-1166620
-1165715
-1165705
-1165346
-1165220
-1165219
-1165215
-1164800
-1162350
-1160880
-1160250
-1155660
-1154340
-1154250
-1154124
-1154088
-1153998
-1153908
-1153880
-1153799
-1153775
-1153764
-1152900
-1146255
-1146185
-1146175
-1146150
-1146149
-1146125
-1146105
-1138507
-1138492
-1138491
-1138482
-1137775
-1124760
-1122100
-1122099
-1122095
-1121749
-1121725
-1118026
-1117263
-1114750
-1113750
-1112400
-1105725
-1105719
-1105715
-1105649
-1105645
-1105629
-1105625
-1105559
-1105555
-1105500
-1105499
-1103999
-1103875
-1103805
-1103802
-1103801
-1103500
-1101375
-1100039
-1100035
-1097980
-1096584
-1095990
-1095934
-1092649
-1092625
-1091625
-1090600
-1090124
-1090040
-1090006
-1088999
-1087680
-1087450
-1084875
-1079325
-1069838
-1069803
-1069773
-1069763
-1069740
-1069733
-1069698
-1067603
-1067475
-1066829
-1066825
-1066615
-1065540
-1065015
-1064999
-1064348
-1064250
-1063062
-1060218
-1060217
-1060208
-1060207
-1058937
-1058927
-1056078
-1054802
-1052352
-1052028
-1039499
-1037988
-1035375
-1034999
-1034875
-1034499
-1034475
-1034375
-1033999
-1033875
-1033749
-1033625
-1032500
-1026111
-1026000
-1025888
-1025887
-1025479
-1025475
-1025299
-1024240
-1023456
-1022975
-1018071
-1017951
-1017948
-1017947
-1017219
-1017215
-1017199
-1017195
-1017015
-1016995
-1016389
-1016385
-1015990
-1015970
-1014750
-1014093
-1012946
-1012945
-1010650
-1010649
-1010645
-1009575
-1009557
-1009125
-1008939
-1008935
-1007964
-1007720
-1003995
-1003500
-1001727
-1001517
-1001396
-1001395
-1000917
-998244
-993172
-993162
-993161
-993151
-990000
-989999
-988427
-988421
-988141
-986706
-986580
-985875
-976374
-971724
-971700
-970550
-969191
-969185
-967589
-967585
-967505
-967445
-967425
-967395
-967365
-966420
-966000
-965250
-965214
-964705
-962730
-962514
-961980
-955135
-955125
-955110
-954999
-954875
-953472
-952875
-943488
-940212
-939719
-939715
-939705
-939359
-939355
-937300
-934578
-932749
-932725
-931125
-928260
-926999
-926995
-924940
-924924
-921375
-920735
-920449
-920425
-920319
-918424
-918400
-918399
-918375
-918374
-918350
-916825
-916800
-916775
-916349
-916325
-915749
-914640
-913820
-911625
-910403
-910393
-909735
-909700
-909690
-909655
-909289
-909279
-909225
-907225
-907200
-907175
-905279
-905275
-905270
-905175
-904870
-904049
-904025
-902538
-902475
-899775
-899759
-898688
-898655
-898249
-897848
-897799
-897775
-897757
-897742
-897741
-897732
-897415
-897384
-897383
-897000
-896999
-896975
-895999
-895875
-893823
-893025
-892416
-892295
-890748
-889919
-889915
-889704
-889703
-888165
-888000
-887860
-883200
-881688
-881664
-881663
-877560
-866250
-866249
-865659
-865655
-865627
-865612
-865611
-865602
-865580
-865579
-865575
-865530
-865199
-865195
-863140
-862125
-860703
-860678
-860600
-859500
-859482
-857999
-857250
-855791
-855785
-853875
-853824
-853800
-852840
-852800
-852636
-851606
-848043
-843732
-842713
-842712
-841524
-841500
-840500
-840000
-834288
-833624
-829439
-829435
-829380
-827665
-827650
-827649
-827647
-827645
-827643
-827640
-827639
-827637
-827635
-827633
-827630
-827629
-827625
-827624
-827620
-827615
-827600
-827599
-827575
-827574
-827550
-827525
-827500
-827475
-826559
-826555
-826500
-826320
-825600
-825228
-825120
-825084
-824940
-822960
-819999
-819875
-816750
-816480
-815360
-810000
-808506
-807966
-807881
-807871
-807786
-807716
-807624
-807480
-807300
-807246
-805644
-804375
-803927
-803799
-802305
-796019
-795989
-795979
-795949
-794592
-794520
-794496
-794495
-794124
-793919
-793915
-793905
-792960
-792120
-786324
-785575
-785239
-784000
-782800
-780759
-779499
-779375
-778999
-778975
-778875
-778680
-778662
-778590
-778499
-778491
-778375
-777975
-775884
-774864
-774592
-774000
-770000
-769500
-769000
-766659
-766539
-766536
-766535
-765999
-765875
-764206
-764169
-764159
-764155
-764140
-764139
-764134
-764130
-764127
-764124
-764119
-764118
-764115
-764114
-764112
-764111
-764109
-764108
-764107
-764105
-764102
-764099
-764095
-764090
-764089
-764080
-764079
-764075
-764069
-764043
-764042
-764030
-764015
-763984
-763983
-763943
-763268
-762000
-761999
-761875
-754875
-754193
-754072
-754071
-752185
-751780
-751770
-751769
-751759
-751365
-750897
-750750
-750568
-748818
-748384
-746496
-746307
-744885
-744876
-744875
-743106
-743013
-742613
-742603
-742203
-741767
-741757
-741600
-740459
-740455
-740245
-739170
-738737
-738108
-738000
-737999
-737875
-737451
-737379
-737375
-736918
-736277
-735872
-735871
-735862
-735861
-735457
-734591
-734581
-733824
-733439
-733435
-733380
-732997
-732627
-731721
-731430
-731040
-729729
-729000
-727749
-727625
-727299
-726899
-726889
-726489
-725760
-725119
-725115
-724500
-724059
-723625
-723624
-723600
-723060
-721125
-720825
-720011
-720000
-719925
-718875
-718703
-718223
-718183
-718148
-718138
-718103
-718063
-717919
-717915
-717910
-717583
-717499
-717375
-716250
-712287
-711999
-711875
-711759
-711755
-711737
-711727
-711510
-711177
-710520
-708750
-706839
-706835
-706029
-706025
-706009
-706005
-705825
-705805
-705320
-705319
-705315
-705298
-705199
-705195
-704800
-704780
-704000
-703080
-701568
-701249
-701100
-701082
-700650
-700279
-700275
-699060
-698220
-697606
-697420
-697400
-697125
-696600
-695240
-694439
-694435
-694260
-692999
-692510
-692359
-692355
-692289
-692285
-692269
-692265
-692239
-692235
-692199
-692195
-692175
-692144
-692143
-692080
-692079
-692075
-691740
-691225
-691224
-691200
-691032
-691017
-691016
-691007
-690825
-690824
-690800
-690575
-690119
-690115
-689127
-689117
-689085
-689065
-688875
-688799
-688775
-687834
-687775
-687753
-687735
-687713
-687703
-687695
-687690
-687685
-687672
-687663
-687645
-687600
-687520
-687510
-687500
-687474
-687330
-686925
-683964
-682650
-680724
-679500
-678636
-678635
-678626
-678625
-678555
-678545
-674449
-674425
-673785
-673335
-673275
-673265
-673260
-673255
-673185
-673050
-673049
-673025
-672735
-671579
-671575
-671385
-670410
-670250
-668514
-668257
-668242
-668241
-668232
-667278
-666225
-666000
-663419
-663390
-663387
-663384
-663383
-662111
-662104
-662079
-662075
-662000
-660096
-659999
-659200
-659199
-659195
-657936
-657140
-657025
-656573
-655875
-655426
-655425
-651749
-648567
-648127
-648102
-648024
-647999
-647875
-647625
-647500
-645750
-645000
-641760
-641319
-641180
-641179
-641060
-641000
-640999
-640975
-640500
-640224
-640097
-639969
-639599
-639575
-639450
-639324
-639270
-638575
-638498
-637251
-637175
-635250
-635249
-635140
-635130
-635129
-635119
-634480
-634373
-634363
-633695
-633689
-633409
-631125
-631000
-630238
-629356
-628866
-628611
-628446
-628411
-628381
-628371
-628341
-628306
-628180
-627886
-627381
-627299
-627295
-627290
-627135
-627007
-626992
-626991
-626982
-626807
-626730
-626720
-626586
-626571
-626568
-626564
-626558
-626554
-626551
-626536
-626489
-626485
-626480
-626479
-626475
-626470
-626469
-626465
-626460
-626402
-626392
-626315
-625987
-625741
-625659
-625655
-625650
-625249
-625225
-624975
-624511
-624495
-623599
-623575
-623424
-623224
-623215
-623200
-623199
-623184
-623183
-623175
-623174
-623150
-623125
-623100
-623075
-622800
-622799
-622775
-622440
-621149
-621125
-620946
-620749
-620699
-620675
-620625
-620249
-620225
-620125
-620000
-619749
-619731
-619650
-619625
-619500
-619488
-619164
-619088
-619078
-619000
-618946
-618931
-618928
-618924
-618918
-618914
-618911
-618896
-618850
-618840
-618830
-618764
-618754
-618678
-618354
-618111
-618030
-617625
-616896
-615625
-615600
-615575
-613872
-613575
-611439
-611435
-611430
-611359
-611355
-611351
-611320
-611319
-611316
-611306
-611295
-611289
-611285
-611284
-611275
-611274
-611271
-611269
-611265
-611264
-611263
-611240
-611239
-611200
-611199
-611195
-611120
-611119
-611115
-611110
-611064
-610449
-610329
-610326
-610325
-609140
-609139
-609135
-607999
-607875
-607635
-607500
-606800
-606799
-606775
-606375
-605815
-605775
-605755
-605735
-605710
-605675
-605654
-605568
-603855
-602700
-601128
-600523
-600402
-600401
-599999
-599875
-598368
-598296
-598272
-598271
-597024
-594499
-594475
-594000
-593999
-593475
-592039
-592000
-591793
-591375
-590763
-589875
-587325
-585925
-585039
-585035
-584906
-584905
-584640
-584577
-584250
-584249
-584125
-583856
-582980
-582207
-582199
-582197
-582175
-581504
-581175
-580216
-579354
-579348
-579347
-579341
-579340
-579334
-578760
-577674
-577530
-577500
-577188
-577170
-577132
-577125
-577124
-577117
-577116
-577107
-577085
-577080
-577075
-577044
-576999
-576990
-576954
-576950
-576930
-576918
-576900
-576882
-576828
-576660
-576648
-576630
-576594
-576450
-576414
-576270
-575999
-575875
-575820
-575120
-575025
-574911
-574886
-574650
-573225
-573085
-573065
-572999
-572925
-572875
-571112
-570708
-570672
-570662
-570600
-570489
-570485
-570480
-570420
-570222
-570000
-569249
-568599
-568595
-568567
-568552
-568551
-568542
-568520
-568519
-568515
-568470
-568000
-567000
-565326
-565125
-565110
-564696
-564261
-564251
-564080
-563841
-563832
-563831
-563816
-563670
-563585
-563575
-563490
-562767
-562751
-562700
-560875
-560874
-560850
-560844
-560700
-560520
-559999
-559875
-559650
-556740
-556200
-555444
-554484
-553500
-553280
-552999
-552975
-552824
-552800
-552799
-552775
-552774
-552750
-552599
-552575
-552080
-552079
-552075
-552000
-551039
-551035
-551025
-550781
-550116
-550080
-550020
-548874
-548789
-548779
-548694
-548295
-548292
-548289
-547349
-547325
-546325
-546215
-546150
-546120
-545650
-545314
-545019
-545015
-544901
-544850
-544726
-544500
-544499
-544425
-544320
-543839
-543835
-542183
-542124
-542097
-541780
-541200
-540431
-540375
-540015
-538376
-537930
-537726
-537549
-537545
-537540
-536900
-536249
-535895
-535572
-535248
-535031
-535010
-534940
-534933
-534903
-534893
-534884
-534880
-534869
-534863
-534860
-534800
-534730
-533991
-533956
-533946
-533911
-533545
-533535
-532999
-532875
-532871
-532587
-532555
-532500
-532125
-532030
-532000
-531944
-531765
-531755
-531620
-531610
-531485
-531480
-531475
-531449
-531359
-531355
-531350
-531200
-531123
-531113
-530950
-530712
-530688
-530687
-530405
-530131
-530116
-530113
-530109
-530103
-530099
-530096
-530081
-529919
-529915
-529860
-529680
-529663
-529600
-529491
-529476
-529473
-529469
-529463
-529459
-529456
-529441
-529289
-529285
-529280
-529279
-529275
-529270
-529269
-529265
-529260
-529125
-528900
-528650
-528640
-528630
-528489
-528485
-528457
-528447
-527819
-527809
-527625
-527471
-527065
-526988
-526767
-526500
-526362
-526352
-526220
-526193
-525947
-525620
-525619
-525215
-525214
-525205
-525204
-525046
-525045
-525030
-524880
-524800
-524799
-524317
-523684
-523614
-522750
-522749
-522745
-522045
-521836
-521206
-521009
-521005
-521000
-520470
-520380
-520344
-519944
-519934
-519880
-519879
-519875
-519870
-519777
-519750
-519534
-519119
-519115
-518994
-518958
-518649
-518625
-518154
-517608
-517249
-517239
-517060
-516874
-516850
-516334
-516250
-516047
-516022
-515944
-515424
-514696
-513519
-513515
-513387
-513215
-513111
-513071
-513040
-513039
-513000
-512960
-512959
-512928
-512927
-512888
-512887
-512848
-512847
-512784
-512783
-512400
-512399
-512395
-512325
-511560
-511499
-511433
-511028
-511027
-511018
-511017
-510947
-510937
-510874
-510613
-509869
-509431
-508816
-508375
-507375
-507071
-506760
-506655
-505197
-504873
-504797
-504787
-504387
-504000
-503982
-503726
-503725
-503125
-503048
-502543
-502537
-502250
-502249
-502225
-501750
-501183
-501176
-501071
-501031
-500996
-500986
-500951
-500911
-500585
-500575
-499122
-498717
-498559
-498555
-498550
-498480
-498150
-498057
-497952
-496799
-496795
-496740
-496590
-496584
-496583
-496559
-496555
-496545
-496500
-496319
-496315
-496260
-496224
-496200
-496199
-496195
-496175
-496174
-496150
-496140
-496125
-496100
-496075
-495925
-495625
-495600
-495575
-495234
-495072
-494999
-494911
-494860
-494505
-494400
-494399
-494395
-493290
-492480
-492340
-490875
-490161
-489950
-489949
-489925
-489216
-486749
-484596
-484120
-483875
-483804
-483725
-483700
-483675
-483660
-483525
-482625
-482607
-482040
-482004
-481860
-481680
-481425
-481383
-481365
-481274
-481257
-481005
-480904
-480894
-480749
-480745
-480740
-480524
-479863
-479787
-477500
-476928
-476448
-476376
-476361
-476352
-476351
-475860
-475524
-475500
-475380
-474950
-474858
-474719
-474715
-474505
-474493
-474483
-474340
-474118
-474012
-472878
-471499
-471375
-471135
-470250
-470249
-469755
-469685
-469675
-469605
-468153
-467400
-467399
-467375
-467325
-467289
-467243
-467213
-467203
-467173
-466375
-466263
-466125
-465750
-465447
-464940
-463980
-463680
-463512
-463456
-463455
-462671
-462023
-461703
-461700
-461668
-461658
-461623
-461538
-461519
-461515
-461510
-461328
-461327
-461303
-461249
-461225
-460225
-458541
-458501
-458476
-458466
-458460
-458459
-458455
-458450
-458441
-458399
-458395
-458340
-457875
-457319
-457315
-455607
-455260
-455257
-455247
-455110
-455100
-454897
-454090
-452719
-452715
-452649
-452645
-452629
-452625
-452559
-452555
-452445
-452425
-451439
-451435
-449999
-449875
-449540
-449350
-449330
-449189
-449064
-448973
-448956
-448938
-448890
-448889
-448884
-448880
-448879
-448875
-448869
-448868
-448865
-448864
-448859
-448858
-448857
-448855
-448847
-448844
-448840
-448839
-448834
-448832
-448831
-448826
-448822
-448800
-448799
-448795
-448793
-448792
-448789
-448750
-448699
-448695
-448693
-448690
-448635
-448625
-448489
-448015
-447984
-447983
-447768
-447720
-447615
-446446
-446255
-446000
-445999
-445900
-445875
-445718
-445590
-445500
-445374
-445338
-445248
-445014
-444708
-444521
-444275
-444190
-444147
-444105
-443701
-443700
-443688
-443664
-443663
-443502
-443170
-442929
-442799
-442775
-442773
-442433
-442423
-442295
-442290
-442260
-442259
-442250
-442249
-442215
-442083
-441775
-441350
-441241
-440836
-440826
-440825
-440815
-440510
-440421
-440069
-440059
-439726
-439601
-439196
-439186
-439109
-439103
-439101
-438858
-438785
-438781
-438775
-438720
-438627
-438624
-438575
-438542
-438536
-438535
-438529
-438528
-438522
-438480
-438479
-438475
-438438
-438403
-438373
-438363
-438333
-438298
-438291
-437961
-437955
-437249
-437199
-437059
-437055
-437050
-436650
-436240
-435861
-435461
-435451
-435051
-434980
-434241
-433861
-433841
-433831
-433755
-433455
-433431
-433195
-433188
-433181
-433125
-433048
-432874
-432850
-432682
-432667
-432666
-432657
-432621
-432600
-432599
-432595
-432475
-432474
-432450
-432225
-431730
-431693
-431607
-431172
-430999
-430875
-430559
-430555
-430540
-430499
-430475
-430375
-430365
-430250
-430079
-430075
-430020
-429999
-429875
-429750
-429475
-429250
-429015
-429000
-428984
-428983
-428778
-428571
-428479
-428475
-428064
-428007
-428001
-427911
-427880
-427879
-427784
-427783
-427777
-427518
-426420
-426240
-425750
-425250
-424750
-424350
-423775
-423759
-423735
-423708
-423615
-423612
-423611
-423423
-423416
-422912
-422075
-422025
-421806
-420749
-420631
-420240
-418608
-418461
-417956
-417690
-417450
-417291
-417147
-417144
-417141
-416845
-416779
-416775
-416724
-416723
-416625
-416598
-416499
-416375
-416000
-415380
-415371
-415368
-415367
-413879
-413875
-413834
-413830
-413829
-413825
-413824
-413820
-413819
-413815
-413814
-413810
-413809
-413805
-413804
-413800
-413799
-413795
-413790
-413759
-413755
-413750
-412722
-412614
-412578
-412560
-412542
-412470
-411480
-411311
-411246
-411018
-410522
-410499
-410375
-410000
-409032
-408538
-408537
-408375
-407880
-407680
-406888
-406887
-406878
-406877
-406807
-406797
-406397
-406387
-406296
-405054
-404910
-404838
-404271
-404253
-404095
-404085
-404001
-403991
-403983
-403974
-403961
-403951
-403943
-403933
-403921
-403911
-403893
-403830
-403812
-403740
-403660
-403650
-403641
-403640
-403623
-403614
-403470
-403392
-403200
-402748
-402534
-402390
-402262
-402072
-401700
-399342
-399336
-399168
-398847
-398784
-397252
-397247
-397242
-397241
-397231
-397205
-397200
-397195
-396959
-396955
-396880
-396480
-396130
-396111
-396070
-396050
-396000
-395990
-395888
-395887
-395010
-394856
-394632
-393984
-393750
-393599
-393595
-393540
-392580
-392364
-392014
-391874
-390474
-389691
-389500
-389499
-389375
-388800
-388689
-388685
-388680
-388220
-388206
-387750
-387450
-387432
-387072
-387009
-387000
-386979
-386969
-386939
-386750
-384791
-384750
-384749
-384720
-384708
-384707
-383796
-383670
-382469
-382465
-382284
-382283
-382249
-382225
-382149
-382145
-382141
-382139
-382135
-382130
-382109
-382105
-382089
-382085
-382077
-382075
-382074
-382073
-382069
-382065
-382062
-382061
-382059
-382057
-382055
-382054
-382053
-382052
-382050
-382049
-382044
-382043
-382042
-382041
-382040
-382039
-382035
-382032
-382030
-382029
-382025
-382024
-382010
-382009
-382005
-381997
-381980
-381979
-381978
-381977
-381975
-381970
-381960
-381949
-381945
-381880
-381878
-381850
-381849
-381843
-381825
-381650
-381649
-381645
-381618
-381612
-381600
-381150
-380472
-379999
-379875
-379500
-379499
-379106
-377964
-377622
-376980
-376740
-376320
-376284
-376278
-375903
-375894
-375888
-375887
-375830
-375389
-375375
-374920
-374738
-374507
-374423
-374159
-374155
-374100
-374010
-373919
-373915
-373905
-373860
-373679
-373675
-373673
-373620
-373500
-373248
-373099
-373095
-373090
-373023
-372554
-372450
-372149
-372125
-372075
-371951
-371945
-371840
-371790
-371700
-371665
-371355
-371304
-371250
-370710
-370502
-370496
-370495
-370489
-370488
-370482
-370230
-370055
-370048
-370041
-369983
-369655
-369600
-369491
-369360
-369120
-369117
-369086
-369076
-369012
-369000
-368753
-368671
-368574
-368550
-368507
-368444
-368434
-368354
-368186
-368179
-368175
-368170
-368102
-368092
-367958
-367943
-367940
-367936
-367930
-367926
-367923
-367908
-367774
-367764
-367687
-367679
-367675
-367658
-367620
-367416
-367369
-367365
-367360
-367359
-367355
-367350
-367349
-367345
-367340
-367318
-367303
-367300
-367296
-367290
-367286
-367283
-367276
-367268
-367195
-367113
-366799
-366795
-366790
-366780
-366771
-366768
-366767
-366735
-366730
-366720
-366710
-366704
-366703
-366640
-366639
-366635
-366591
-366590
-366539
-366535
-366530
-366375
-366211
-366152
-366142
-365883
-365760
-365759
-365755
-365700
-365574
-365528
-365520
-365472
-365148
-364986
-364706
-364700
-364586
-364576
-364266
-364257
-364176
-364143
-364133
-364100
-364014
-363916
-363915
-363909
-363879
-363875
-363690
-363614
-363604
-363528
-363472
-363457
-363454
-363450
-363447
-363444
-363440
-363437
-363422
-363290
-363282
-363280
-363204
-363090
-363000
-362999
-362890
-362880
-362870
-362718
-362637
-362318
-362308
-362193
-362070
-361908
-361746
-361619
-361615
-361610
-361563
-361422
-361088
-360990
-360799
-360775
-360079
-360075
-360000
-359775
-359478
-359450
-359423
-359398
-359367
-359336
-359335
-359127
-359119
-359115
-359110
-359096
-359095
-359092
-359082
-359061
-359060
-359051
-359050
-359047
-359039
-359035
-359016
-359015
-358975
-358969
-358965
-358949
-358945
-358944
-358943
-358880
-358879
-358875
-358807
-358800
-358799
-358795
-358790
-358776
-358775
-358749
-358725
-358668
-358175
-358150
-358125
-358072
-357994
-357839
-357835
-357777
-357760
-357552
-357516
-357210
-356865
-356616
-356265
-355872
-355867
-355862
-355830
-355825
-355820
-355765
-355745
-355250
-354749
-354645
-354375
-354239
-354235
-354180
-353808
-353583
-353248
-352968
-352836
-352583
-352550
-352549
-352525
-352275
-350999
-350975
-350787
-350784
-350781
-350625
-350199
-350195
-349920
-349820
-349440
-349398
-349375
-349319
-349315
-349272
-349260
-349048
-348992
-348991
-348985
-348712
-348705
-348140
-347360
-346944
-346598
-346507
-346500
-346499
-346492
-346491
-346482
-346449
-346425
-346375
-346079
-346075
-345799
-345775
-345690
-345680
-345624
-345600
-345599
-345575
-345574
-345550
-345507
-345492
-345491
-345482
-345399
-345375
-345303
-345273
-345263
-345060
-344799
-344775
-344500
-344499
-344481
-344424
-344415
-344400
-344399
-344395
-344384
-344383
-344375
-344374
-344350
-344340
-344325
-344300
-344275
-344214
-344031
-344025
-344020
-344000
-343999
-343975
-343935
-343917
-343855
-343845
-343835
-343825
-343800
-343775
-343765
-343764
-343755
-343745
-343737
-343665
-343616
-343350
-343314
-343250
-343200
-343190
-342925
-342900
-342875
-342789
-342779
-342450
-342374
-342356
-342349
-342325
-342292
-342225
-342000
-341982
-341940
-341759
-341755
-341700
-341693
-341550
-341529
-341525
-341520
-341296
-341138
-341120
-340308
-340281
-340225
-340200
-340199
-340175
-339897
-339896
-339750
-339340
-339325
-339322
-339318
-339315
-339312
-339308
-339305
-339300
-339290
-339285
-339282
-339278
-339272
-339268
-339265
-339250
-339030
-338889
-338625
-338624
-338331
-338256
-338250
-338249
-338246
-338175
-338168
-338167
-337995
-337920
-337845
-337835
-337575
-337527
-337415
-337399
-337348
-337184
-337183
-337008
-336700
-336675
-336609
-336605
-336600
-336535
-336528
-336525
-336524
-336518
-336515
-336375
-336200
-336173
-336163
-336067
-335999
-335875
-335767
-335766
-335757
-335756
-335500
-335475
-335178
-334806
-334805
-334656
-334512
-334206
-334146
-334125
-334124
-334108
-334107
-333759
-333755
-333740
-333727
-333712
-333711
-333702
-333680
-333679
-333675
-333639
-333630
-333312
-333000
-332748
-332064
-332038
-332028
-332018
-332017
-331968
-331872
-331800
-331776
-331775
-331679
-331675
-331665
-331627
-331626
-331200
-331080
-331056
-331055
-331052
-331049
-331045
-331040
-331039
-331035
-331030
-331029
-331025
-331020
-331010
-331000
-330990
-330912
-330720
-330648
-330633
-330624
-330623
-330295
-330243
-330049
-330048
-330025
-330012
-330000
-329599
-329595
-329475
-328916
-328860
-328284
-328140
-328000
-327999
-327975
-327540
-327491
-327426
-327180
-327096
-326975
-326268
-326160
-326025
-325479
-325475
-325458
-323420
-323063
-323057
-322768
-322758
-322730
-322720
-321757
-321749
-321742
-321741
-321732
-321720
-320950
-320949
-320945
-320921
-320915
-320894
-320669
-320660
-320632
-320625
-320617
-320616
-320607
-320530
-320529
-320360
-320250
-320249
-320245
-320000
-319999
-319875
-319735
-319715
-319680
-318577
-318159
-318155
-318139
-317952
-317831
-317823
-317798
-317781
-317749
-317745
-317625
-317574
-317568
-317567
-317504
-317240
-317239
-317235
-317184
-317163
-317060
-317000
-316919
-316503
-315815
-315700
-315453
-315216
-315180
-315070
-315000
-314640
-314496
-314487
-314469
-314465
-314450
-314447
-314306
-314305
-314280
-314260
-314259
-314255
-314237
-314230
-314207
-314197
-314167
-314160
-314104
-314100
-314089
-314083
-314080
-314059
-314055
-314020
-313957
-313956
-313950
-313880
-313875
-313659
-313655
-313649
-313645
-313639
-313635
-313581
-313515
-313514
-313509
-313505
-313500
-313499
-313494
-313493
-313490
-313489
-313484
-313483
-313482
-313480
-313464
-313418
-313417
-313318
-313299
-313295
-313254
-313250
-313249
-313245
-313244
-313240
-313239
-313235
-313234
-313230
-313229
-313225
-313224
-313220
-313179
-313175
-313169
-313159
-313155
-313127
-313124
-313114
-313112
-313111
-313110
-313102
-313080
-313079
-313075
-313069
-313044
-313030
-312839
-312835
-312829
-312825
-312819
-312815
-312713
-312703
-312419
-312415
-312130
-312066
-312010
-312009
-312005
-312000
-311999
-311875
-311712
-311607
-311599
-311595
-311590
-311550
-311526
-311500
-311441
-311431
-311346
-311190
-311039
-311035
-310980
-310806
-310800
-310635
-310230
-310128
-309924
-309835
-309825
-309824
-309815
-309780
-309603
-309600
-309480
-309435
-309430
-309425
-309415
-309410
-309405
-309375
-309360
-309319
-309025
-309015
-309005
-308925
-308924
-308913
-308610
-308319
-308315
-308205
-307800
-307656
-307125
-305999
-305975
-305941
-305935
-305875
-305799
-305795
-305775
-305760
-305735
-305729
-305725
-305709
-305705
-305704
-305703
-305694
-305655
-305640
-305639
-305635
-305624
-305600
-305599
-305575
-305574
-305570
-305569
-305565
-305550
-305549
-305545
-305544
-305543
-305532
-305480
-305479
-305475
-305399
-305375
-305368
-305257
-305242
-305241
-305232
-305199
-305175
-304560
-304486
-304475
-304474
-304450
-304304
-304015
-303984
-303983
-302820
-302575
-302425
-302400
-302375
-302225
-302211
-302000
-301999
-301875
-301700
-301574
-301455
-301364
-300687
-300564
-300240
-299627
-299545
-299541
-299140
-299135
-299130
-299129
-299119
-299106
-299093
-299088
-299083
-298725
-298512
-298116
-297972
-297960
-297959
-297955
-297945
-297936
-297935
-297900
-297719
-297715
-297705
-297675
-297660
-297600
-297479
-297475
-297431
-297420
-297360
-297120
-297000
-296730
-296645
-296640
-296639
-296635
-296568
-296567
-296550
-296000
-295999
-295974
-295893
-295875
-295500
-295493
-295488
-295483
-295200
-295083
-294580
-294476
-294084
-294000
-293940
-293887
-293880
-293400
-293376
-293375
-293301
-293040
-292449
-291839
-291835
-291780
-291600
-291564
-291099
-291075
-291018
-290700
-290472
-290443
-290304
-290220
-290075
-289999
-289938
-289926
-289875
-289800
-289659
-289655
-289653
-289625
-289500
-289450
-289449
-289445
-289440
-289350
-289169
-288855
-288837
-288765
-288750
-288749
-288630
-288603
-288585
-288579
-288575
-288547
-288545
-288540
-288539
-288535
-288532
-288531
-288522
-288500
-288499
-288495
-288460
-288459
-288450
-288440
-288414
-288400
-288330
-288329
-288324
-288315
-288297
-288288
-288270
-288207
-288198
-288135
-287999
-287995
-287964
-287940
-287910
-287748
-287560
-287550
-287325
-287014
-286902
-286875
-286525
-286500
-286475
-286380
-286286
-286134
-286130
-286125
-285376
-285300
-285277
-285264
-285254
-285250
-285234
-285230
-285228
-285210
-285039
-284831
-284781
-284703
-284625
-284624
-284400
-284354
-284350
-284279
-284275
-284200
-284160
-284050
-283999
-283875
-283860
-283556
-283555
-283500
-283099
-283075
-282920
-282907
-282892
-282891
-282882
-282817
-282700
-282699
-282681
-282675
-282663
-282555
-282450
-282412
-282411
-282402
-282401
-282331
-282321
-282220
-282150
-282050
-282030
-281997
-281921
-281911
-281853
-281835
-281813
-281803
-281799
-281795
-281785
-281763
-281745
-281383
-281350
-281160
-280584
-280500
-280440
-280439
-280435
-280422
-280380
-280350
-280270
-280260
-280250
-280224
-280223
-280080
-280000
-279999
-279936
-279875
-279807
-279537
-279369
-279051
-278969
-278959
-278639
-278635
-278559
-278425
-278388
-278370
-278278
-278208
-278096
-277991
-277928
-277872
-277871
-277722
-277423
-277350
-277044
-277040
-276951
-276943
-276916
-276915
-276906
-276905
-276903
-276871
-276868
-276858
-276823
-276783
-276750
-276710
-276705
-276640
-276499
-276489
-276485
-276480
-276479
-276475
-276457
-276449
-276447
-276445
-276424
-276420
-276417
-276414
-276409
-276408
-276402
-276401
-276399
-276398
-276392
-276389
-276375
-276370
-276369
-276365
-276330
-276329
-276325
-276320
-276303
-276300
-276230
-276129
-276040
-275999
-275975
-275875
-275831
-275635
-275625
-275519
-275515
-275510
-275499
-275440
-275375
-275184
-275130
-275110
-275094
-275045
-275040
-275039
-275035
-275009
-274999
-274980
-274950
-274947
-274914
-274700
-274699
-274675
-274555
-274437
-274397
-274387
-274347
-274207
-274197
-274164
-274140
-273837
-273675
-273600
-273503
-273240
-273097
-273070
-273060
-273050
-273000
-272909
-272905
-272880
-272640
-272580
-272424
-272400
-272306
-272250
-272249
-272173
-272160
-272082
-272076
-272000
-271999
-271920
-271919
-271915
-271875
-271754
-271707
-271587
-271584
-271583
-271062
-270864
-270599
-270575
-270000
-269999
-269875
-269860
-269779
-269775
-269770
-269724
-269575
-269513
-269450
-269333
-269310
-269308
-269298
-269273
-269220
-269219
-269215
-269210
-269093
-268800
-268799
-268795
-268784
-268780
-268774
-268770
-268764
-268760
-268750
-268740
-268460
-268450
-268440
-268385
-268125
-267980
-267975
-267970
-267938
-267933
-267928
-267839
-267835
-267799
-267795
-267750
-267575
-267565
-267540
-267519
-267515
-267495
-267435
-267425
-267400
-267379
-267375
-267289
-267225
-267168
-267167
-267050
-266999
-266875
-266724
-266600
-266580
-266500
-266499
-266495
-266490
-266266
-266264
-266014
-265759
-265755
-265740
-265689
-265685
-265669
-265665
-265599
-265595
-265485
-265465
-265383
-265348
-265338
-265337
-265327
-265303
-265187
-265113
-265111
-264960
-264859
-264855
-264831
-264824
-264800
-264726
-264713
-264708
-264703
-264699
-264695
-264654
-264650
-264649
-264645
-264644
-264640
-264639
-264635
-264634
-264630
-264629
-264625
-264624
-264620
-264604
-264579
-264575
-264460
-264450
-264440
-264380
-264335
-264330
-264325
-264315
-264310
-264305
-264303
-264260
-264203
-264000
-263999
-263940
-263900
-263519
-263515
-263304
-263250
-263184
-263160
-263120
-263100
-263097
-263088
-263056
-263055
-262992
-262985
-262933
-262897
-262887
-262810
-262710
-262687
-262668
-262656
-262563
-262450
-262430
-262300
-262280
-261954
-261630
-261439
-261435
-261416
-261415
-261225
-261169
-261163
-260982
-260806
-260760
-260759
-260755
-260715
-260514
-260510
-260504
-260500
-260494
-260490
-260280
-260253
-260235
-260207
-260200
-260190
-260180
-260085
-259950
-259949
-259945
-259930
-259929
-259925
-259875
-259791
-259740
-259635
-259565
-259560
-259555
-259485
-259479
-259375
-259362
-259350
-259325
-259199
-259175
-259120
-259119
-259115
-259035
-258804
-258768
-258300
-258299
-258275
-258225
-257985
-257850
-257725
-257719
-257607
-257561
-257559
-257555
-257275
-257158
-257152
-257151
-257145
-257144
-257138
-257127
-257092
-257082
-257047
-257039
-257035
-256839
-256835
-256788
-256775
-256744
-256743
-256711
-256704
-256697
-256695
-256681
-256680
-256679
-256675
-256671
-256591
-256577
-256571
-256555
-256551
-256525
-256520
-256519
-256511
-256500
-256485
-256484
-256480
-256475
-256474
-256440
-256439
-256410
-256408
-256407
-256400
-256399
-256395
-256390
-256369
-256368
-256367
-256365
-256331
-256288
-256287
-256280
-256279
-256275
-256264
-256263
-256215
-256184
-256183
-256120
-256119
-256115
-256085
-256060
-255920
-255919
-255915
-255839
-255835
-255830
-255780
-255757
-255749
-255744
-255710
-255680
-255670
-255600
-255536
-255521
-255518
-255514
-255508
-255504
-255501
-255496
-255486
-255481
-255478
-255474
-255468
-255464
-255461
-255446
-255439
-255435
-255430
-255400
-255399
-255395
-255360
-255352
-255342
-255265
-255150
-254937
-254800
-254691
-254583
-254421
-254023
-254016
-254009
-253967
-253799
-253775
-253600
-253599
-253575
-253561
-253551
-253520
-253519
-253461
-253449
-253380
-253206
-253133
-253127
-253061
-253011
-252963
-252756
-252720
-252719
-252715
-252693
-252639
-252625
-252563
-252559
-252555
-252553
-252525
-252421
-252406
-252403
-252399
-252393
-252389
-252386
-252371
-252320
-252239
-252234
-252230
-252229
-252153
-252150
-252120
-251930
-251829
-251625
-251586
-251550
-251383
-251377
-251287
-251256
-251255
-251160
-251159
-251153
-250591
-250588
-250551
-250520
-250519
-250516
-250506
-250485
-250484
-250475
-250474
-250471
-250440
-250439
-250371
-250263
-250099
-250095
-250090
-250073
-250063
-250047
-249990
-249873
-249480
-249439
-249435
-249430
-249359
-249355
-249320
-249295
-249289
-249285
-249280
-249279
-249275
-249270
-249269
-249265
-249264
-249263
-249260
-249250
-249240
-249230
-249228
-249200
-249199
-249195
-249120
-249119
-249115
-249110
-249085
-249065
-248832
-248760
-248459
-248455
-248450
-248430
-248419
-248298
-248296
-248295
-248294
-248292
-248291
-248289
-248288
-248286
-248284
-248279
-248275
-248270
-248250
-248099
-248095
-248090
-248050
-247800
-247617
-247569
-247536
-247500
-247499
-247471
-247440
-247439
-247430
-247429
-247199
-247195
-247060
-247050
-246864
-246863
-246573
-246500
-246447
-246250
-246240
-246230
-246000
-245999
-245975
-245430
-245426
-245425
-245196
-245154
-245140
-245100
-245000
-244975
-244611
-244608
-244605
-244591
-244551
-244516
-244515
-244506
-244505
-244471
-244431
-244426
-244062
-243944
-243943
-243909
-243908
-243899
-243898
-243864
-243863
-243810
-243567
-243497
-243487
-243457
-243375
-243243
-243231
-243221
-243079
-243075
-243052
-243042
-243014
-243004
-243000
-242801
-242746
-242720
-242719
-242715
-242710
-242637
-242406
-242379
-242333
-242326
-242310
-242303
-242298
-242293
-242291
-242263
-242262
-242261
-242251
-242221
-242186
-242018
-242000
-241920
-241902
-241859
-241830
-241766
-241570
-241500
-241443
-241353
-241164
-241124
-241120
-241080
-241020
-241002
-241000
-240944
-240943
-240930
-240840
-240786
-240537
-240489
-240480
-240384
-240380
-240364
-240360
-240341
-240089
-240084
-240079
-240003
-239975
-239936
-239926
-239850
-239849
-239841
-239825
-239814
-239679
-239624
-239620
-239521
-239519
-239509
-239316
-239250
-239249
-239070
-239064
-238964
-238954
-238950
-238941
-238791
-238784
-238783
-238553
-238543
-238464
-238368
-238180
-238175
-238170
-238169
-238159
-238133
-238128
-238123
-238000
-237910
-237893
-237888
-237883
-237799
-237795
-237790
-237588
-237411
-237390
-237180
-237160
-237119
-237115
-237061
-237011
-237001
-236925
-236855
-236815
-236778
-236775
-236649
-236601
-236439
-236430
-236325
-236301
-236250
-236081
-236071
-236059
-235914
-235913
-235891
-235881
-235872
-235690
-235653
-235626
-235620
-235471
-235340
-235125
-235007
-234991
-234930
-234840
-234839
-234835
-234724
-234360
-234191
-234175
-234171
-234124
-234079
-234075
-234040
-234020
-234010
-233937
-233928
-233920
-233856
-233850
-233784
-233758
-233748
-233710
-233690
-233609
-233599
-233550
-233506
-233455
-233454
-233453
-233445
-233211
-233172
-233049
-233048
-233039
-233038
-232981
-232960
-232879
-232875
-232870
-232780
-232668
-232634
-232633
-232540
-232480
-232470
-232460
-232400
-232387
-232386
-232300
-232211
-232181
-232171
-232141
-232102
-232055
-232045
-231990
-231896
-231895
-231734
-231728
-231727
-231721
-231720
-231714
-231707
-231700
-231693
-231686
-231479
-231475
-231391
-231351
-231336
-231320
-231319
-231175
-231140
-231137
-231127
-231000
-230839
-230835
-230781
-230771
-230769
-230765
-230760
-230749
-230745
-230679
-230675
-230670
-230648
-230647
-230585
-230580
-230575
-230508
-230490
-230400
-230202
-230174
-230173
-230048
-230047
-230039
-230035
-230010
-229866
-229631
-229606
-229528
-229500
-229390
-229326
-229305
-229289
-229285
-229239
-229235
-229233
-229230
-229229
-229225
-229219
-229215
-229200
-229189
-229185
-229169
-229165
-229155
-228975
-228837
-228760
-228660
-228410
-228327
-228265
-228240
-227999
-227875
-227682
-227565
-227549
-227545
-227525
-227500
-227424
-227400
-227360
-227359
-227355
-227303
-227238
-227150
-227136
-227088
-226908
-226845
-226800
-226525
-226395
-226319
-226315
-226260
-226226
-225459
-225365
-225180
-225049
-225045
-224999
-224987
-224957
-224947
-224917
-224910
-224875
-224829
-224825
-224770
-224735
-224721
-224679
-224609
-224595
-224594
-224549
-224532
-224525
-224518
-224501
-224500
-224499
-224495
-224490
-224483
-224469
-224465
-224449
-224448
-224445
-224437
-224435
-224434
-224429
-224425
-224424
-224422
-224421
-224420
-224417
-224415
-224414
-224413
-224412
-224410
-224409
-224406
-224404
-224403
-224402
-224401
-224400
-224395
-224392
-224390
-224389
-224388
-224385
-224384
-224371
-224370
-224369
-224365
-224361
-224359
-224357
-224355
-224352
-224351
-224350
-224349
-224345
-224342
-224341
-224340
-224339
-224338
-224337
-224335
-224332
-224330
-224320
-224249
-224245
-224244
-224240
-224238
-224189
-224175
-224150
-224149
-224125
-224116
-224010
-224009
-224005
-223983
-223900
-223884
-223860
-223846
-223649
-223645
-223560
-223510
-223289
-223285
-223104
-223074
-223020
-222960
-222940
-222930
-222813
-222795
-222757
-222750
-222749
-222742
-222741
-222732
-222695
-222677
-222669
-222624
-222570
-222507
-222485
-222480
-222475
-222390
-222354
-222318
-222300
-222261
-222228
-222222
-222075
-222030
-222000
-221994
-221858
-221850
-221835
-221814
-221793
-221670
-221665
-221400
-221327
-221220
-221207
-221199
-221195
-221190
-221183
-221155
-221152
-221151
-221148
-221138
-221137
-221135
-221134
-221130
-221129
-221125
-221124
-221123
-221120
-221119
-221117
-221116
-221115
-221110
-221109
-221106
-221105
-221103
-221102
-221100
-221071
-221047
-221039
-221035
-221030
-220999
-220975
-220927
-220824
-220800
-220799
-220780
-220775
-220774
-220766
-220750
-220725
-220700
-220675
-220599
-220575
-220500
-220455
-220452
-220422
-220416
-220415
-220352
-220341
-220176
-220104
-220103
-220050
-220032
-220012
-220002
-219961
-219877
-219780
-219601
-219591
-219562
-219450
-219349
-219345
-219315
-219312
-219310
-219309
-219240
-219233
-219203
-219193
-219163
-218939
-218935
-218930
-218625
-218539
-218535
-218530
-218519
-218515
-218500
-218359
-218355
-218335
-218327
-218317
-218315
-218284
-218260
-218190
-218178
-218134
-218130
-218120
-218119
-218115
-218113
-218110
-218085
-218064
-218050
-218013
-218003
-217980
-217976
-217940
-217838
-217833
-217740
-217728
-217709
-217705
-217541
-217531
-217500
-217480
-217413
-217337
-217299
-217238
-217096
-216999
-216936
-216931
-216930
-216875
-216720
-216675
-216538
-216480
-216300
-216007
-215999
-215995
-215992
-215991
-215982
-215940
-215875
-215855
-215670
-215500
-215460
-215379
-215376
-215375
-215279
-215254
-215250
-215249
-215225
-215119
-215115
-215100
-215071
-215055
-215046
-215040
-215024
-215023
-215019
-215015
-215000
-214999
-214994
-214960
-214959
-214955
-214896
-214875
-214760
-214499
-214319
-214315
-214255
-214240
-214225
-214224
-214223
-214160
-214159
-214155
-214080
-214079
-214075
-214020
-214018
-213983
-213953
-213943
-213913
-213878
-213759
-213750
-213370
-213365
-213360
-213328
-213323
-213318
-213199
-213175
-213113
-213108
-213103
-213000
-212828
-212625
-212576
-212175
-212064
-211992
-211968
-211967
-211887
-211854
-211711
-211708
-211666
-211456
-210375
-210210
-210119
-210115
-210105
-210001
-209999
-209875
-209628
-209525
-209500
-209304
-209230
-209100
-208978
-208728
-208324
-208300
-208060
-207924
-207900
-207869
-207865
-207807
-207791
-207675
-207480
-207459
-207455
-207450
-207359
-207355
-207345
-207085
-207024
-207000
-206999
-206975
-206974
-206950
-206909
-206905
-206899
-206895
-206889
-206885
-206879
-206875
-206865
-206824
-206820
-206800
-206799
-206775
-206774
-206750
-206749
-206745
-206740
-206725
-206724
-206700
-206640
-206639
-206635
-206625
-206580
-206570
-206525
-206520
-206500
-206475
-206400
-206399
-206395
-206361
-206340
-206289
-206280
-206244
-206100
-206040
-205922
-205874
-205850
-205740
-205737
-205674
-205632
-205335
-205100
-205090
-205010
-204930
-204853
-204843
-204820
-204714
-204600
-204590
-204589
-204585
-204360
-204180
-204120
-203940
-203880
-203850
-203687
-203599
-203466
-203451
-203448
-203444
-203441
-203438
-203434
-203431
-203426
-203416
-203411
-203408
-203404
-203398
-203394
-203391
-203376
-203350
-203282
-203272
-203229
-203221
-203206
-203203
-203199
-203196
-203193
-203189
-203186
-203171
-202950
-202867
-202860
-202615
-202614
-202610
-202608
-202545
-202540
-202539
-202527
-202468
-202455
-202433
-202370
-202293
-202135
-202134
-202125
-202124
-202105
-202095
-202014
-202005
-201987
-201985
-201925
-201915
-201905
-201845
-201835
-201831
-201825
-201815
-201807
-201792
-201782
-201735
-201720
-201719
-201696
-201564
-201549
-201539
-201285
-201275
-201267
-201250
-201204
-201195
-201150
-201146
-201145
-201114
-201036
-200960
-200928
-200900
-200899
-200895
-200890
-200817
-200804
-200794
-200725
-200718
-200700
-200675
-200394
-200250
-200079
-200075
-199919
-199915
-199875
-199860
-199827
-199746
-199680
-199670
-199669
-199423
-199416
-199392
-199017
-199008
-199007
-198850
-198849
-198845
-198744
-198720
-198719
-198648
-198639
-198630
-198624
-198623
-198614
-198552
-198528
-198527
-198520
-198504
-198489
-198485
-198480
-198479
-198475
-198470
-198469
-198465
-198460
-198450
-198440
-198430
-198414
-198370
-198369
-198319
-198315
-198250
-198240
-198230
-198215
-198111
-198071
-198040
-198039
-198000
-197999
-197959
-197928
-197927
-197888
-197887
-197871
-197784
-197783
-197760
-197652
-197648
-197647
-197640
-197550
-197414
-197406
-197321
-197311
-197226
-197200
-197199
-197195
-197039
-197035
-196992
-196980
-196800
-196742
-196344
-196308
-196290
-196182
-195980
-195979
-195975
-195970
-195699
-195695
-195216
-195171
-194936
-194886
-194859
-194820
-194400
-194354
-194350
-194334
-194330
-194120
-194100
-193875
-193752
-193662
-193640
-193557
-193550
-193542
-193536
-193522
-193518
-193517
-193512
-193508
-193506
-193500
-193497
-193496
-193494
-193490
-193484
-193480
-193479
-193478
-193477
-193474
-193470
-193469
-193468
-193466
-193462
-193438
-193431
-193430
-193424
-193417
-193410
-193375
-193361
-193312
-193289
-193279
-193225
-193200
-193191
-193175
-193161
-193074
-193050
-193025
-192920
-192864
-192863
-192857
-192591
-192577
-192569
-192565
-192401
-192374
-192360
-192359
-192355
-192318
-192317
-192300
-192289
-192285
-192150
-192149
-192145
-192095
-192009
-191999
-191955
-191875
-191424
-191400
-191375
-191274
-191250
-191249
-191225
-191174
-191150
-191142
-191106
-191082
-191075
-191067
-191066
-191057
-191040
-191039
-191035
-191034
-191030
-191024
-191019
-191018
-191015
-191014
-191009
-191008
-191007
-191005
-191000
-190999
-190992
-190991
-190989
-190982
-190975
-190974
-190967
-190966
-190957
-190950
-190943
-190942
-190875
-190874
-190850
-190843
-190836
-190775
-190774
-190750
-190749
-190725
-190625
-190624
-190600
-190575
-190525
-190485
-190239
-190236
-190233
-190209
-190205
-190200
-190151
-190125
-190000
-189999
-189987
-189980
-189945
-189875
-189750
-189749
-189735
-189520
-189519
-189515
-189419
-189415
-189382
-189154
-189090
-189000
-188999
-188982
-188975
-188974
-188950
-188845
-188839
-188750
-188599
-188595
-188555
-188518
-188517
-188453
-188447
-188353
-188328
-188230
-188193
-188190
-188189
-188174
-188100
-187950
-187948
-187947
-187946
-187944
-187943
-187941
-187940
-187938
-187936
-187901
-187876
-187866
-187841
-187701
-187698
-187697
-187649
-187575
-187533
-187530
-187474
-187465
-187460
-187455
-187369
-187365
-187233
-187110
-186960
-186959
-186955
-186950
-186930
-186900
-186750
-186624
-186559
-186555
-186550
-186549
-186545
-186543
-186539
-186535
-186475
-186368
-186367
-186342
-186300
-186235
-186225
-186215
-186139
-186135
-186074
-186070
-186057
-186050
-186009
-186005
-185976
-185940
-185925
-185920
-185895
-185850
-185774
-185729
-185725
-185657
-185647
-185640
-185625
-185591
-185505
-185404
-185400
-185394
-185355
-185247
-185185
-185148
-185085
-185024
-184993
-184983
-184909
-184905
-184860
-184704
-184680
-184527
-184499
-184495
-184490
-184285
-184275
-184265
-184184
-184099
-184095
-184090
-184089
-184085
-184079
-184075
-184000
-183999
-183967
-183920
-183875
-183873
-183870
-183739
-183735
-183694
-183690
-183689
-183685
-183684
-183680
-183679
-183675
-183674
-183670
-183669
-183665
-183664
-183660
-183619
-183615
-183552
-183465
-183456
-183435
-183432
-183431
-183420
-183399
-183384
-183375
-183370
-183368
-183367
-183365
-183360
-183359
-183355
-183350
-183345
-183339
-183335
-183300
-183298
-183279
-183275
-183269
-183265
-183259
-183255
-183149
-182952
-182933
-182923
-182859
-182855
-182806
-182805
-182784
-182769
-182766
-182759
-182743
-182700
-182655
-182558
-182546
-182531
-182479
-182449
-182445
-182399
-182395
-182340
-182250
-182214
-182160
-182094
-182072
-182071
-182040
-182000
-181999
-181975
-181855
-181845
-181835
-181832
-181808
-181629
-181625
-181507
-181500
-181492
-181491
-181482
-181455
-181450
-181445
-181440
-181435
-181430
-181425
-181404
-181380
-181280
-181279
-181275
-181260
-181095
-181060
-181059
-181050
-181049
-181045
-181035
-181025
-181015
-180979
-180969
-180819
-180815
-180810
-180809
-180805
-180799
-180795
-180727
-180708
-180699
-180670
-180669
-180665
-180630
-180505
-180495
-180485
-180375
-180306
-180225
-180143
-180119
-180115
-180055
-180024
-180023
-180000
-179989
-179985
-179964
-179960
-179959
-179955
-179816
-179727
-179639
-179635
-179634
-179599
-179575
-179569
-179565
-179549
-179545
-179544
-179543
-179480
-179479
-179475
-179473
-179415
-179410
-179409
-179405
-179399
-179390
-179389
-179385
-179384
-179383
-179375
-179334
-179320
-179319
-179315
-179280
-179224
-179220
-179200
-179199
-179175
-179174
-179150
-179094
-179090
-179087
-179081
-179046
-178999
-178995
-178975
-178935
-178906
-178904
-178903
-178880
-178848
-178840
-178839
-178835
-178801
-178799
-178776
-178775
-178759
-178758
-178755
-178668
-178641
-178632
-178631
-178615
-178605
-178595
-178524
-178343
-178325
-178308
-178023
-177988
-177978
-177943
-177939
-177935
-177795
-177642
-177630
-177625
-177623
-177600
-177577
-177575
-177567
-177159
-177155
-177119
-177117
-177115
-177110
-176895
-176888
-176710
-176639
-176635
-176580
-176560
-176514
-176510
-176436
-176418
-176399
-176375
-176358
-176300
-176198
-176000
-175999
-175968
-175875
-175867
-175823
-175770
-175643
-175593
-175517
-175507
-175500
-175417
-175338
-175157
-175151
-175139
-175100
-175069
-175065
-175063
-174993
-174825
-174816
-174765
-174723
-174720
-174660
-174607
-174601
-174511
-174502
-174496
-174495
-174489
-174488
-174482
-174480
-174479
-174475
-174468
-174461
-174384
-174383
-174377
-174350
-174250
-174249
-174245
-174225
-174125
-173921
-173915
-173880
-173817
-173796
-173795
-173789
-173775
-173670
-173669
-173665
-173663
-173635
-173568
-173530
-173502
-173501
-173460
-173446
-173439
-173389
-173382
-173348
-173331
-173313
-173266
-173265
-173264
-173259
-173255
-173251
-173250
-173244
-173243
-173241
-173240
-173239
-173234
-173233
-173232
-173230
-173225
-173215
-173214
-173201
-173168
-173167
-173149
-173145
-173140
-173138
-173136
-173126
-173121
-173120
-173111
-173110
-173109
-173105
-173101
-173089
-173079
-173077
-173075
-173070
-173068
-173062
-173061
-173052
-173047
-173044
-173040
-173034
-173032
-173031
-173030
-173029
-173025
-173022
-173016
-173000
-172999
-172998
-172997
-172996
-172995
-172990
-172989
-172985
-172981
-172980
-172971
-172950
-172935
-172890
-172889
-172843
-172842
-172800
-172718
-172692
-172689
-172638
-172633
-172623
-172375
-172368
-172363
-172361
-172199
-172195
-172190
-172175
-172150
-172125
-172107
-172056
-172032
-172031
-171953
-171925
-171900
-171882
-171875
-171828
-171801
-171790
-171738
-171675
-171657
-171475
-171450
-171425
-171225
-171175
-171150
-171147
-171146
-170979
-170975
-170964
-170939
-170913
-170897
-170806
-170805
-170774
-170770
-170754
-170750
-170625
-170573
-170570
-170565
-170563
-170559
-170550
-170534
-170533
-170262
-170223
-170149
-170125
-170100
-170015
-169999
-169985
-169939
-169904
-169903
-169901
-169897
-169884
-169875
-169857
-169740
-169617
-169371
-169329
-169325
-169125
-169124
-169001
-168920
-168919
-168915
-168879
-168838
-168837
-168756
-168707
-168674
-168510
-168509
-168505
-168504
-168498
-168480
-168375
-168372
-168350
-168314
-168310
-168294
-168290
-168264
-168228
-168181
-168168
-168110
-168090
-168084
-168075
-168025
-168015
-168000
-167984
-167983
-167975
-167913
-167909
-167889
-167854
-167853
-167625
-167494
-167265
-167183
-167055
-167033
-167000
-166967
-166941
-166860
-166859
-166855
-166530
-166500
-166459
-166453
-166410
-166374
-166319
-166315
-166260
-166249
-166226
-166225
-166195
-166173
-166131
-166057
-166049
-166042
-166041
-166032
-166026
-166025
-166000
-165999
-165987
-165984
-165981
-165927
-165892
-165886
-165885
-165882
-165881
-165879
-165875
-165871
-165850
-165849
-165847
-165832
-165831
-165825
-165822
-165800
-165799
-165795
-165750
-165721
-165600
-165599
-165585
-165579
-165575
-165560
-165540
-165534
-165533
-165532
-165531
-165530
-165529
-165528
-165527
-165525
-165524
-165523
-165522
-165521
-165520
-165519
-165515
-165514
-165510
-165509
-165505
-165504
-165500
-165495
-165492
-165490
-165485
-165476
-165475
-165459
-165456
-165455
-165440
-165438
-165375
-165360
-165359
-165355
-165316
-165311
-165306
-165305
-165300
-165295
-165269
-165264
-165259
-165240
-165239
-165125
-165115
-165078
-165029
-165024
-165019
-165007
-165006
-165000
-164999
-164997
-164993
-164992
-164991
-164983
-164982
-164901
-164898
-164807
-164800
-164760
-164759
-164682
-164672
-164597
-164587
-164520
-164502
-164484
-164451
-164448
-164430
-164160
-164142
-164070
-164045
-164025
-164024
-164000
-163999
-163975
-163974
-163950
-163701
-163590
-163589
-163585
-163399
-163395
-163301
-163296
-163291
-163261
-163185
-163080
-163072
-163015
-163009
-162975
-162918
-162891
-162729
-162722
-162688
-162687
-162504
-162499
-162441
-162434
-162430
-162375
-162360
-162240
-162159
-162135
-162126
-162110
-162025
-162000
-161999
-161975
-161964
-161949
-161927
-161925
-161902
-161875
-161750
-161586
-161575
-161550
-161501
-161499
-161491
-161465
-161460
-161455
-161406
-161375
-161370
-161352
-161294
-161293
-161280
-161279
-161275
-161268
-161265
-161264
-161250
-161220
-161109
-161040
-161007
-160925
-160875
-160866
-160750
-160719
-160715
-160687
-160679
-160675
-160672
-160671
-160662
-160640
-160639
-160635
-160590
-160524
-160475
-160461
-160440
-160419
-160339
-160335
-160319
-160307
-160300
-160292
-160291
-160282
-160260
-160259
-160255
-160210
-160180
-160179
-160160
-160146
-160094
-160090
-160000
-159999
-159975
-159952
-159900
-159875
-159860
-159840
-159768
-159714
-159531
-159500
-159411
-159408
-159407
-159360
-159327
-159302
-159250
-159028
-158979
-158976
-158973
-158927
-158916
-158896
-158895
-158790
-158788
-158787
-158786
-158784
-158783
-158781
-158780
-158778
-158776
-158752
-158620
-158597
-158592
-158587
-158500
-158499
-158496
-158495
-158475
-158470
-158460
-158459
-158429
-158419
-158389
-158259
-158158
-157999
-157976
-157875
-157850
-157849
-157825
-157626
-157608
-157605
-157575
-157549
-157542
-157500
-157464
-157440
-157439
-157243
-157225
-157185
-157150
-157129
-157125
-157112
-157111
-157105
-157045
-157044
-157038
-156989
-156975
-156969
-156965
-156937
-156863
-156825
-156824
-156816
-156815
-156800
-156775
-156749
-156745
-156735
-156702
-156641
-156639
-156635
-156630
-156625
-156619
-156615
-156609
-156605
-156589
-156585
-156577
-156575
-156574
-156569
-156565
-156562
-156561
-156560
-156559
-156557
-156555
-156554
-156553
-156552
-156550
-156549
-156544
-156543
-156542
-156541
-156540
-156535
-156532
-156530
-156529
-156525
-156524
-156510
-156509
-156505
-156492
-156480
-156479
-156478
-156477
-156475
-156470
-156460
-156450
-156380
-156378
-156332
-156330
-156310
-156306
-156303
-156302
-156204
-156150
-156149
-156145
-156114
-156104
-156060
-156051
-156033
-155999
-155975
-155967
-155964
-155963
-155925
-155924
-155900
-155899
-155895
-155875
-155874
-155850
-155809
-155807
-155805
-155800
-155799
-155795
-155792
-155791
-155789
-155785
-155782
-155781
-155775
-155771
-155765
-155763
-155741
-155731
-155724
-155723
-155713
-155701
-155700
-155699
-155695
-155691
-155675
-155674
-155673
-155650
-155610
-155605
-155600
-155599
-155585
-155575
-155553
-155520
-155421
-155403
-155350
-155283
-155250
-155124
-154980
-154979
-154975
-154962
-154949
-154925
-154890
-154880
-154839
-154833
-154810
-154800
-154790
-154784
-154783
-154777
-154776
-154774
-154770
-154764
-154750
-154727
-154721
-154710
-154660
-154648
-154620
-154560
-154500
-154462
-154350
-154280
-154062
-154050
-154049
-154025
-154000
-153975
-153910
-153900
-153890
-153846
-153828
-153825
-153821
-153800
-153791
-153775
-153684
-153657
-153636
-153600
-153599
-153595
-153550
-153540
-153503
-153478
-153428
-153399
-153375
-153257
-153251
-153224
-153216
-153200
-153199
-153180
-153175
-153174
-153150
-153125
-153090
-153015
-153000
-152999
-152995
-152994
-152990
-152984
-152983
-152975
-152971
-152899
-152895
-152890
-152884
-152880
-152875
-152869
-152859
-152855
-152841
-152836
-152827
-152826
-152825
-152824
-152823
-152821
-152820
-152816
-152815
-152814
-152813
-152812
-152811
-152810
-152806
-152805
-152802
-152801
-152796
-152784
-152783
-152782
-152780
-152779
-152775
-152769
-152740
-152739
-152735
-152730
-152698
-152640
-152625
-152615
-152600
-152599
-152584
-152583
-152575
-152558
-152519
-152515
-152499
-152479
-152475
-152460
-152447
-152432
-152431
-152425
-152424
-152422
-152400
-152399
-152395
-152375
-152374
-152350
-152250
-152249
-152245
-152200
-152199
-152175
-152152
-152063
-152053
-152000
-151999
-151975
-151875
-151700
-151699
-151695
-151632
-151606
-151536
-151535
-151525
-151499
-151492
-151488
-151392
-151375
-151371
-151360
-151346
-151296
-151272
-151236
-151200
-150961
-150876
-150699
-150675
-150660
-150479
-150475
-150143
-150127
-150120
-150076
-150000
-149942
-149760
-149759
-149755
-149700
-149691
-149688
-149664
-149663
-149649
-149625
-149592
-149574
-149571
-149568
-149567
-149526
-149520
-149496
-149472
-149471
-149310
-149259
-149256
-149253
-149239
-149235
-149214
-149202
-149121
-149058
-148980
-148859
-148855
-148850
-148830
-148764
-148751
-148750
-148680
-148541
-148501
-148500
-148499
-148464
-148458
-148457
-148390
-148365
-148325
-148320
-148315
-148284
-148275
-148199
-148195
-148190
-148096
-148095
-148091
-148086
-148071
-148070
-148054
-148049
-148044
-148032
-148014
-148005
-147999
-147987
-147888
-147887
-147875
-147839
-147834
-147829
-147825
-147780
-147681
-147624
-147610
-147600
-147599
-147590
-147575
-147574
-147550
-147480
-147470
-147429
-147425
-147420
-147384
-147360
-147257
-147240
-147150
-147136
-147135
-147096
-147072
-147071
-147060
-147042
-147014
-146988
-146970
-146943
-146940
-146879
-146875
-146820
-146783
-146767
-146727
-146703
-146692
-146691
-146688
-146686
-146682
-146681
-146672
-146671
-146647
-146607
-146575
-146520
-146510
-146432
-146367
-146328
-146303
-146299
-146295
-146291
-146286
-146281
-146250
-146213
-146208
-146203
-146160
-146159
-146155
-146148
-146097
-145999
-145995
-145935
-145920
-145904
-145903
-145881
-145840
-145839
-145835
-145834
-145825
-145800
-145782
-145775
-145764
-145727
-145662
-145574
-145550
-145549
-145525
-145524
-145500
-145350
-145250
-145221
-145215
-145187
-145157
-145152
-145147
-145117
-145063
-145028
-145018
-144983
-144969
-144960
-144959
-144955
-144910
-144900
-144890
-144735
-144734
-144730
-144724
-144718
-144715
-144714
-144710
-144675
-144624
-144619
-144617
-144607
-144600
-144585
-144584
-144550
-144479
-144475
-144450
-144424
-144400
-144375
-144319
-144315
-144310
-144288
-144270
-144265
-144235
-144232
-144228
-144225
-144224
-144217
-144216
-144215
-144210
-144207
-144200
-144199
-144195
-144165
-144164
-144144
-144143
-144135
-144130
-144099
-144090
-144025
-144024
-144000
-143999
-143982
-143975
-143910
-143897
-143875
-143874
-143869
-143855
-143838
-143800
-143780
-143779
-143775
-143750
-143748
-143724
-143663
-143623
-143588
-143587
-143578
-143577
-143550
-143543
-143524
-143514
-143503
-143500
-143499
-143495
-143490
-143475
-143474
-143451
-143450
-143424
-143375
-143275
-143263
-143253
-143250
-143225
-143190
-143023
-143000
-142925
-142857
-142761
-142677
-142660
-142632
-142554
-142506
-142500
-142424
-142400
-142399
-142375
-142374
-142356
-142350
-142346
-142345
-142307
-142297
-142250
-142236
-142200
-142140
-142139
-142135
-142109
-142100
-142099
-142095
-142080
-142079
-142075
-142023
-142020
-142000
-141999
-141941
-141875
-141840
-141777
-141775
-141750
-141747
-141725
-141720
-141696
-141695
-141507
-141500
-141449
-141432
-141425
-141372
-141362
-141336
-141311
-141250
-141248
-141228
-141213
-141210
-141206
-141203
-141200
-141196
-141193
-141188
-141183
-141178
-141174
-141173
-141170
-141166
-141160
-141156
-141153
-141138
-141120
-141075
-141069
-141068
-141059
-141058
-141044
-141034
-141021
-141020
-141019
-141015
-141010
-140983
-140968
-140965
-140961
-140958
-140957
-140955
-140954
-140953
-140951
-140948
-140933
-140875
-140825
-140800
-140775
-140759
-140743
-140691
-140675
-140630
-140629
-140625
-140623
-140621
-140615
-140611
-140607
-140589
-140573
-140465
-140454
-140425
-140420
-140400
-140399
-140395
-140390
-140385
-140383
-140379
-140310
-140292
-140250
-140249
-140230
-140220
-140211
-140210
-140174
-140150
-140140
-140130
-140127
-140120
-140112
-140096
-140095
-140080
-140060
-140050
-140049
-140040
-140000
-139999
-139968
-139967
-139965
-139958
-139875
-139817
-139807
-139752
-139750
-139728
-139727
-139725
-139649
-139645
-139639
-139594
-139507
-139492
-139489
-139485
-139482
-139481
-139479
-139475
-139472
-139457
-139440
-139412
-139325
-139320
-139315
-139239
-139199
-139195
-139153
-139140
-139104
-139103
-139062
-139053
-139043
-138999
-138960
-138942
-138936
-138935
-138929
-138928
-138927
-138922
-138915
-138908
-138901
-138892
-138882
-138879
-138875
-138859
-138857
-138847
-138776
-138775
-138768
-138761
-138753
-138750
-138727
-138696
-138695
-138672
-138655
-138600
-138579
-138575
-138570
-138535
-138528
-138511
-138507
-138497
-138487
-138480
-138479
-138476
-138466
-138465
-138462
-138460
-138459
-138458
-138456
-138455
-138452
-138448
-138445
-138444
-138442
-138434
-138431
-138430
-138421
-138420
-138411
-138410
-138407
-138399
-138376
-138375
-138353
-138343
-138319
-138315
-138310
-138255
-138254
-138250
-138249
-138245
-138240
-138239
-138235
-138234
-138230
-138229
-138225
-138222
-138220
-138207
-138206
-138202
-138197
-138187
-138186
-138177
-138175
-138174
-138170
-138167
-138159
-138155
-138154
-138150
-138138
-138136
-138135
-138125
-138105
-138063
-138028
-138018
-138007
-138000
-137992
-137991
-137988
-137983
-137982
-137952
-137943
-137919
-137915
-137910
-137840
-137839
-137835
-137825
-137822
-137818
-137812
-137808
-137807
-137805
-137800
-137790
-137784
-137781
-137775
-137769
-137765
-137760
-137759
-137755
-137750
-137749
-137745
-137744
-137743
-137740
-137730
-137720
-137710
-137682
-137680
-137679
-137675
-137664
-137640
-137628
-137610
-137600
-137599
-137595
-137592
-137590
-137583
-137565
-137556
-137547
-137545
-137543
-137541
-137538
-137537
-137533
-137531
-137530
-137527
-137525
-137520
-137515
-137513
-137512
-137510
-137509
-137507
-137505
-137499
-137497
-137495
-137493
-137492
-137484
-137477
-137475
-137471
-137461
-137457
-137448
-137445
-137390
-137385
-137380
-137376
-137350
-137340
-137322
-137304
-137256
-137214
-137186
-137185
-137179
-137170
-137160
-137150
-137126
-137104
-137103
-137052
-137025
-137021
-137000
-136999
-136980
-136947
-136943
-136939
-136935
-136930
-136890
-136875
-136767
-136764
-136736
-136735
-136728
-136704
-136703
-136639
-136635
-136620
-136566
-136540
-136533
-136520
-136500
-136476
-136455
-136454
-136450
-136440
-136350
-136319
-136315
-136314
-136310
-136295
-136260
-136132
-136125
-136117
-136116
-136107
-136090
-136080
-136079
-136075
-136070
-135999
-135960
-135959
-135955
-135954
-135925
-135900
-135883
-135881
-135875
-135874
-135873
-135837
-135750
-135709
-135705
-135665
-135575
-135513
-135485
-135463
-135450
-135443
-135436
-135429
-135420
-135408
-135387
-135351
-135300
-135299
-135275
-135270
-135228
-135226
-135198
-135135
-135029
-135025
-135000
-134999
-134975
-134899
-134895
-134879
-134875
-134784
-134783
-134758
-134757
-134725
-134685
-134680
-134669
-134665
-134657
-134647
-134645
-134640
-134619
-134615
-134613
-134610
-134609
-134605
-134599
-134595
-134550
-134549
-134547
-134545
-134535
-134463
-134453
-134400
-134399
-134395
-134375
-134340
-134320
-134316
-134315
-134310
-134294
-134282
-134275
-134272
-134225
-134189
-134185
-134160
-134159
-134155
-134087
-134085
-134077
-134075
-134069
-134065
-134055
-134050
-134025
-134000
-133999
-133945
-133905
-133900
-133889
-133875
-133823
-133812
-133749
-133714
-133650
-133625
-133599
-133575
-133539
-133500
-133440
-133439
-133380
-133362
-133290
-133255
-133249
-133235
-133225
-133200
-133175
-133146
-133140
-133125
-133083
-133056
-133055
-133042
-133023
-133000
-132986
-132750
-132749
-132719
-132717
-132715
-132683
-132678
-132676
-132675
-132673
-132672
-132671
-132660
-132625
-132500
-132496
-132479
-132475
-132468
-132465
-132440
-132435
-132420
-132415
-132412
-132410
-132405
-132400
-132395
-132319
-132315
-132273
-132239
-132235
-132225
-132219
-132192
-132180
-132160
-132125
-132019
-132015
-132010
-132000
-131999
-131880
-131879
-131875
-131845
-131844
-131839
-131835
-131834
-131815
-131808
-131800
-131799
-131790
-131773
-131670
-131652
-131625
-131599
-131580
-131575
-131547
-131544
-131541
-131500
-131445
-131433
-131423
-131415
-131395
-131376
-131328
-131292
-131250
-131241
-131217
-131200
-131199
-131195
-131190
-131125
-131121
-131118
-131117
-131040
-131039
-131035
-130999
-130995
-130975
-130893
-130872
-130871
-130865
-130858
-130851
-130845
-130834
-130799
-130795
-130790
-130735
-130704
-130703
-130644
-130640
-130639
-130635
-130626
-130625
-130585
-130560
-130559
-130555
-130500
-130425
-130410
-130240
-130239
-130200
-130167
-130158
-130144
-130140
-129999
-129975
-129879
-129870
-129863
-129843
-129833
-129799
-129780
-129775
-129723
-129717
-129624
-129615
-129600
-129599
-129595
-129584
-129583
-129575
-129574
-129559
-129555
-129550
-129540
-129525
-129500
-129475
-129399
-129384
-129375
-129300
-129276
-129200
-129199
-129175
-129160
-129150
-129149
-129145
-129143
-129140
-129125
-129115
-129107
-129090
-129025
-129000
-128986
-128985
-128975
-128960
-128925
-128907
-128882
-128863
-128752
-128674
-128600
-128599
-128595
-128576
-128575
-128520
-128436
-128422
-128415
-128394
-128387
-128366
-128358
-128357
-128352
-128347
-128317
-128311
-128282
-128280
-128279
-128275
-128271
-128256
-128255
-128250
-128246
-128243
-128240
-128239
-128228
-128227
-128218
-128214
-128210
-128209
-128205
-128200
-128190
-128189
-128185
-128159
-128155
-128142
-128128
-128127
-128120
-128119
-128115
-128111
-128105
-128100
-128095
-128088
-128087
-128060
-128016
-128000
-127999
-127995
-127984
-127983
-127980
-127932
-127929
-127925
-127920
-127909
-127905
-127895
-127888
-127887
-127885
-127875
-127872
-127839
-127835
-127800
-127799
-127795
-127750
-127725
-127719
-127715
-127705
-127694
-127575
-127512
-127500
-127428
-127400
-127280
-127279
-127275
-127199
-127175
-127099
-127075
-127065
-127050
-126931
-126907
-126901
-126891
-126861
-126854
-126853
-126824
-126815
-126800
-126784
-126783
-126720
-126633
-126525
-126463
-126438
-126420
-126400
-126399
-126375
-126360
-126280
-126160
-126126
-126075
-126063
-126060
-126000
-125999
-125875
-125874
-125869
-125865
-125706
-125705
-125671
-125660
-125641
-125631
-125601
-125566
-125541
-125500
-125496
-125464
-125463
-125459
-125455
-125454
-125453
-125400
-125399
-125398
-125385
-125378
-125377
-125375
-125356
-125307
-125302
-125301
-125300
-125299
-125298
-125297
-125296
-125295
-125292
-125291
-125290
-125289
-125288
-125287
-125146
-125136
-125135
-125126
-125125
-125074
-125059
-125055
-125050
-125049
-125045
-125039
-125035
-125005
-124992
-124985
-124983
-124925
-124885
-124852
-124799
-124795
-124774
-124735
-124729
-124725
-124721
-124709
-124705
-124704
-124703
-124699
-124695
-124680
-124660
-124654
-124650
-124649
-124645
-124644
-124640
-124639
-124635
-124634
-124630
-124629
-124625
-124624
-124620
-124615
-124610
-124605
-124579
-124575
-124570
-124569
-124565
-124560
-124550
-124549
-124545
-124544
-124543
-124524
-124512
-124493
-124488
-124485
-124483
-124480
-124479
-124475
-124452
-124440
-124425
-124416
-124415
-124380
-124335
-124250
-124239
-124235
-124229
-124225
-124219
-124215
-124200
-124199
-124195
-124185
-124175
-124174
-124173
-124155
-124150
-124149
-124145
-124143
-124140
-124139
-124135
-124129
-124125
-124124
-124115
-124100
-124092
-124079
-124075
-124065
-124059
-124055
-124049
-124045
-124039
-124035
-124032
-124025
-124020
-124015
-124011
-124000
-123993
-123984
-123983
-123977
-123975
-123974
-123950
-123949
-123945
-123935
-123930
-123925
-123924
-123910
-123900
-123890
-123825
-123819
-123815
-123800
-123785
-123775
-123773
-123771
-123768
-123765
-123763
-123761
-123757
-123750
-123742
-123741
-123732
-123704
-123697
-123669
-123648
-123647
-123625
-123611
-123601
-123600
-123599
-123595
-123578
-123535
-123530
-123529
-123525
-123515
-123409
-123405
-123375
-123363
-123250
-123249
-123245
-123222
-123201
-123195
-123180
-123136
-123135
-123130
-123125
-123120
-123115
-123110
-123105
-123074
-123060
-123039
-123024
-123006
-123000
-122999
-122975
-122880
-122875
-122860
-122850
-122800
-122799
-122775
-122725
-122715
-122705
-122655
-122612
-122500
-122472
-122455
-122415
-122399
-122395
-122390
-122367
-122335
-122327
-122319
-122315
-122311
-122310
-122303
-122292
-122291
-122282
-122281
-122280
-122279
-122276
-122266
-122265
-122264
-122263
-122262
-122258
-122252
-122249
-122248
-122247
-122245
-122244
-122240
-122239
-122235
-122234
-122231
-122230
-122229
-122228
-122227
-122225
-122220
-122219
-122218
-122217
-122207
-122200
-122199
-122184
-122183
-122175
-122159
-122155
-122150
-122143
-122119
-122115
-122095
-122079
-122075
-122070
-122055
-122010
-121999
-121975
-121923
-121922
-121905
-121874
-121855
-121850
-121839
-121833
-121832
-121823
-121822
-121799
-121790
-121789
-121785
-121780
-121775
-121733
-121732
-121728
-121716
-121679
-121675
-121624
-121600
-121599
-121575
-121574
-121562
-121550
-121540
-121532
-121525
-121524
-121523
-121522
-121520
-121500
-121498
-121492
-121485
-121475
-121440
-121439
-121435
-121429
-121399
-121387
-121375
-121370
-121369
-121365
-121350
-121349
-121345
-121324
-121280
-121279
-121275
-121261
-121219
-121204
-121203
-121199
-121198
-121177
-121175
-121174
-121170
-121168
-121165
-121159
-121158
-121156
-121152
-121147
-121146
-121145
-121142
-121141
-121140
-121139
-121137
-121131
-121130
-121128
-121125
-121124
-121107
-121100
-121093
-121092
-121086
-121079
-121030
-121023
-120974
-120970
-120960
-120950
-120949
-120945
-120925
-120924
-120897
-120890
-120806
-120780
-120776
-120768
-120766
-120750
-120736
-120680
-120615
-120610
-120582
-120554
-120550
-120540
-120539
-120535
-120533
-120530
-120505
-120470
-120420
-120400
-120350
-120330
-120253
-120250
-120175
-120105
-120042
-120024
-120000
-119999
-119975
-119974
-119966
-119965
-119950
-119938
-119925
-119907
-119875
-119826
-119807
-119782
-119756
-119719
-119715
-119672
-119625
-119624
-119560
-119556
-119500
-119480
-119479
-119475
-119451
-119328
-119259
-119232
-119208
-119184
-119183
-119158
-119136
-119112
-119094
-119088
-119087
-119070
-119016
-118992
-118991
-118980
-118939
-118909
-118905
-118900
-118899
-118889
-118885
-118875
-118818
-118755
-118705
-118685
-118653
-118639
-118635
-118575
-118560
-118544
-118543
-118480
-118479
-118475
-118427
-118425
-118407
-118400
-118389
-118375
-118300
-118275
-118272
-118260
-118250
-118144
-118125
-118124
-118100
-118011
-117936
-117656
-117612
-117600
-117506
-117505
-117504
-117475
-117455
-117420
-117390
-117208
-117207
-117119
-117115
-117095
-117062
-117055
-117026
-117024
-117023
-117012
-117002
-117000
-116999
-116975
-116971
-116964
-116960
-116959
-116955
-116933
-116923
-116900
-116892
-116875
-116874
-116850
-116849
-116832
-116825
-116824
-116800
-116760
-116748
-116736
-116735
-116662
-116640
-116615
-116610
-116607
-116606
-116604
-116601
-116591
-116586
-116550
-116479
-116460
-116454
-116449
-116445
-116439
-116435
-116430
-116429
-116425
-116424
-116298
-116280
-116245
-116225
-116200
-116160
-116100
-116030
-115974
-115934
-115920
-115884
-115863
-115850
-115830
-115825
-115779
-115775
-115757
-115747
-115711
-115680
-115679
-115668
-115640
-115596
-115587
-115511
-115506
-115501
-115500
-115499
-115488
-115471
-115470
-115440
-115439
-115435
-115421
-115416
-115413
-115411
-115399
-115398
-115395
-115391
-115385
-115381
-115380
-115378
-115375
-115373
-115363
-115360
-115344
-115335
-115326
-115295
-115290
-115285
-115259
-115254
-115249
-115245
-115224
-115218
-115210
-115209
-115206
-115205
-115200
-115199
-115181
-115175
-115174
-115173
-115169
-115164
-115159
-115150
-115147
-115128
-115099
-115084
-115083
-115074
-115039
-115029
-115020
-115019
-115015
-115008
-115007
-114999
-114995
-114990
-114975
-114935
-114930
-114925
-114894
-114842
-114840
-114816
-114809
-114805
-114800
-114799
-114775
-114768
-114765
-114750
-114749
-114725
-114720
-114714
-114660
-114650
-114640
-114625
-114624
-114622
-114618
-114612
-114610
-114608
-114605
-114600
-114599
-114595
-114590
-114585
-114580
-114575
-114574
-114570
-114550
-114542
-114510
-114480
-114465
-114450
-114449
-114441
-114425
-114394
-114375
-114300
-114240
-114224
-114200
-114130
-114128
-114127
-114120
-114114
-114110
-114102
-114101
-114092
-114091
-114084
-114025
-114000
-113999
-113975
-113967
-113940
-113875
-113814
-113775
-113760
-113759
-113755
-113750
-113749
-113725
-113724
-113714
-113709
-113708
-113699
-113698
-113695
-113689
-113664
-113663
-113652
-113625
-113600
-113599
-113595
-113575
-113568
-113520
-113425
-113414
-113400
-113399
-113386
-113375
-113295
-113274
-113256
-113239
-113235
-113230
-113225
-113199
-113195
-113167
-113152
-113151
-113142
-113120
-113119
-113115
-113099
-113095
-113080
-113079
-113077
-113075
-113070
-112999
-112980
-112950
-112905
-112881
-112875
-112860
-112821
-112811
-112751
-112665
-112607
-112590
-112574
-112557
-112550
-112525
-112524
-112520
-112500
-112476
-112424
-112400
-112376
-112364
-112339
-112324
-112323
-112314
-112300
-112294
-112273
-112256
-112249
-112238
-112232
-112230
-112225
-112217
-112216
-112207
-112200
-112194
-112190
-112189
-112185
-112184
-112180
-112175
-112169
-112168
-112165
-112164
-112160
-112159
-112158
-112157
-112155
-112145
-112140
-112139
-112135
-112132
-112128
-112126
-112125
-112117
-112116
-112109
-112107
-112099
-112098
-112093
-112092
-112050
-112025
-112024
-112014
-112007
-112000
-111999
-111993
-111992
-111991
-111982
-111975
-111974
-111950
-111940
-111933
-111930
-111929
-111925
-111924
-111920
-111900
-111860
-111825
-111824
-111820
-111801
-111775
-111774
-111756
-111755
-111750
-111749
-111735
-111725
-111699
-111675
-111644
-111640
-111600
-111566
-111555
-111552
-111549
-111544
-111537
-111529
-111528
-111519
-111510
-111503
-111465
-111447
-111375
-111374
-111339
-111303
-111300
-111285
-111279
-111275
-111250
-111249
-111247
-111245
-111240
-111239
-111235
-111232
-111231
-111222
-111220
-111213
-111205
-111204
-111200
-111199
-111195
-111159
-111150
-111125
-111114
-111039
-111035
-111015
-111000
-110999
-110997
-110964
-110950
-110907
-110880
-110875
-110863
-110838
-110835
-110808
-110790
-110760
-110759
-110755
-110710
-110700
-110699
-110690
-110679
-110675
-110661
-110656
-110651
-110639
-110635
-110619
-110617
-110616
-110615
-110610
-110609
-110605
-110599
-110595
-110592
-110591
-110589
-110585
-110584
-110574
-110570
-110569
-110565
-110564
-110560
-110559
-110555
-110554
-110550
-110549
-110545
-110544
-110540
-110538
-110529
-110525
-110520
-110519
-110515
-110509
-110505
-110500
-110499
-110495
-110479
-110475
-110457
-110454
-110453
-110448
-110439
-110435
-110425
-110421
-110420
-110411
-110410
-110403
-110400
-110399
-110397
-110395
-110390
-110375
-110359
-110355
-110350
-110250
-110249
-110225
-110214
-110212
-110211
-110210
-110208
-110207
-110205
-110204
-110202
-110200
-110176
-110160
-110125
-110124
-110110
-110100
-110087
-110080
-110079
-110075
-110040
-110025
-110021
-110016
-110015
-110011
-110009
-110000
-109999
-109990
-109980
-109965
-109962
-109961
-109890
-109880
-109879
-109875
-109870
-109858
-109809
-109800
-109797
-109750
-109746
-109728
-109680
-109671
-109656
-109632
-109620
-109512
-109479
-109475
-109470
-109459
-109455
-109440
-109439
-109435
-109404
-109395
-109380
-109350
-109314
-109310
-109296
-109295
-109275
-109269
-109260
-109255
-109229
-109219
-109200
-109186
-109180
-109164
-109163
-109144
-109140
-109134
-109120
-109088
-109076
-109075
-109060
-109056
-109008
-109004
-108998
-108980
-108970
-108969
-108965
-108960
-108918
-108890
-108880
-108869
-108864
-108859
-108851
-108807
-108800
-108790
-108772
-108762
-108727
-108675
-108669
-108649
-108645
-108630
-108625
-108579
-108575
-108489
-108486
-108485
-108468
-108459
-108375
-108361
-108360
-108351
-108336
-108297
-108290
-108255
-108250
-108239
-108235
-108230
-108206
-107999
-107995
-107940
-107926
-107830
-107793
-107780
-107760
-107748
-107739
-107736
-107735
-107703
-107672
-107671
-107643
-107639
-107625
-107601
-107588
-107587
-107586
-107575
-107550
-107544
-107520
-107519
-107515
-107514
-107513
-107509
-107505
-107504
-107503
-107485
-107456
-107447
-107385
-107380
-107375
-107360
-107351
-107337
-107328
-107325
-107324
-107257
-107250
-107249
-107242
-107241
-107232
-107198
-107163
-107151
-107149
-107119
-107115
-107114
-107100
-107072
-107044
-107041
-107037
-107030
-107029
-107023
-107016
-107007
-106999
-106997
-106995
-106993
-106984
-106983
-106981
-106977
-106975
-106971
-106970
-106967
-106966
-106965
-106964
-106960
-106956
-106955
-106953
-106951
-106950
-106949
-106941
-106932
-106925
-106918
-106917
-106911
-106904
-106890
-106876
-106855
-106848
-106834
-106820
-106799
-106763
-106750
-106733
-106704
-106703
-106682
-106681
-106650
-106624
-106615
-106600
-106599
-106584
-106583
-106578
-106575
-106574
-106560
-106554
-106550
-106525
-106500
-106489
-106475
-106470
-106425
-106400
-106375
-106374
-106353
-106311
-106301
-106291
-106276
-106275
-106266
-106265
-106250
-106240
-106231
-106225
-106200
-106199
-106195
-106190
-106189
-106185
-106175
-106107
-106050
-106029
-106023
-106011
-105995
-105988
-105984
-105983
-105978
-105977
-105967
-105966
-105943
-105941
-105936
-105931
-105927
-105908
-105875
-105862
-105861
-105860
-105859
-105858
-105857
-105856
-105855
-105852
-105851
-105850
-105849
-105848
-105847
-105830
-105820
-105791
-105785
-105780
-105775
-105750
-105749
-105735
-105733
-105731
-105725
-105723
-105721
-105705
-105702
-105692
-105659
-105625
-105560
-105462
-105410
-105381
-105325
-105300
-105287
-105275
-105249
-105239
-105206
-105205
-105191
-105083
-105060
-105057
-105028
-105006
-105000
-104999
-104981
-104976
-104971
-104960
-104959
-104902
-104875
-104832
-104829
-104814
-104720
-104705
-104667
-104652
-104650
-104624
-104584
-104574
-104571
-104555
-104554
-104550
-104549
-104545
-104544
-104525
-104500
-104431
-104414
-104404
-104400
-104386
-104385
-104364
-104328
-104223
-104206
-104205
-104202
-104201
-104196
-104195
-104181
-104175
-104165
-104159
-104155
-104140
-104139
-104129
-104125
-104124
-104100
-104081
-104076
-104071
-104033
-104004
-104000
-103999
-103981
-103980
-103979
-103971
-103970
-103969
-103935
-103919
-103888
-103887
-103875
-103853
-103828
-103818
-103810
-103793
-103754
-103750
-103740
-103739
-103735
-103730
-103719
-103715
-103687
-103679
-103675
-103672
-103671
-103670
-103662
-103640
-103639
-103635
-103632
-103631
-103624
-103620
-103615
-103613
-103600
-103590
-103584
-103572
-103566
-103565
-103558
-103525
-103500
-103464
-103440
-103417
-103407
-103400
-103384
-103380
-103376
-103374
-103370
-103364
-103360
-103320
-103319
-103315
-103310
-103290
-103275
-103260
-103250
-103240
-103200
-103199
-103195
-103194
-103169
-103140
-103125
-103124
-103122
-103119
-103115
-103073
-103050
-103000
-102975
-102960
-102910
-102909
-102905
-102870
-102830
-102828
-102783
-102743
-102708
-102698
-102672
-102671
-102663
-102648
-102624
-102623
-102600
-102597
-102587
-102582
-102564
-102563
-102560
-102559
-102547
-102520
-102519
-102512
-102505
-102500
-102492
-102485
-102484
-102480
-102475
-102474
-102462
-102459
-102458
-102455
-102448
-102447
-102440
-102439
-102432
-102424
-102402
-102400
-102399
-102396
-102375
-102360
-102357
-102339
-102336
-102335
-102317
-102307
-102253
-102240
-102222
-102157
-102132
-102124
-102060
-102000
-101999
-101995
-101976
-101926
-101925
-101920
-101844
-101817
-101808
-101721
-101720
-101700
-101685
-101665
-101655
-101640
-101598
-101575
-101574
-101557
-101519
-101515
-101510
-101475
-101440
-101439
-101435
-101430
-101357
-101347
-101270
-101269
-101265
-101248
-101199
-101175
-101156
-101147
-101106
-101105
-101052
-101050
-101038
-101025
-101023
-101017
-101007
-100986
-100983
-100982
-100975
-100914
-100860
-100845
-100825
-100800
-100799
-100795
-100793
-100792
-100782
-100775
-100740
-100737
-100679
-100660
-100646
-100635
-100625
-100615
-100613
-100575
-100560
-100557
-100460
-100459
-100455
-100449
-100443
-100440
-100439
-100435
-100375
-100374
-100367
-100351
-100350
-100325
-100275
-100250
-100125
-100122
-100121
-100080
-100079
-100066
-100015
-99999
-99959
-99955
-99946
-99900
-99875
-99873
-99847
-99791
-99751
-99716
-99715
-99711
-99708
-99706
-99705
-99702
-99701
-99696
-99691
-99671
-99663
-99635
-99631
-99630
-99629
-99625
-99540
-99504
-99484
-99470
-99466
-99465
-99462
-99439
-99435
-99387
-99372
-99364
-99360
-99354
-99353
-99343
-99341
-99340
-99330
-99327
-99324
-99321
-99320
-99318
-99316
-99315
-99314
-99312
-99311
-99309
-99308
-99306
-99305
-99304
-99301
-99300
-99299
-99295
-99280
-99268
-99260
-99258
-99257
-99254
-99250
-99249
-99247
-99245
-99244
-99240
-99239
-99235
-99234
-99233
-99230
-99229
-99225
-99224
-99223
-99220
-99215
-99210
-99207
-99205
-99195
-99180
-99179
-99175
-99160
-99144
-99143
-99135
-99130
-99125
-99120
-99115
-99110
-99105
-99095
-99080
-99079
-99075
-99060
-99000
-98999
-98991
-98973
-98957
-98951
-98920
-98919
-98901
-98885
-98884
-98880
-98879
-98875
-98874
-98856
-98840
-98839
-98810
-98809
-98808
-98807
-98805
-98775
-98768
-98767
-98714
-98713
-98707
-98703
-98694
-98680
-98679
-98675
-98664
-98663
-98658
-98653
-98622
-98615
-98613
-98584
-98583
-98550
-98532
-98520
-98519
-98515
-98511
-98501
-98496
-98491
-98473
-98463
-98413
-98412
-98400
-98399
-98395
-98390
-98385
-98355
-98320
-98319
-98315
-98288
-98287
-98279
-98273
-98172
-98091
-98071
-98046
-98039
-98035
-98000
-97999
-97995
-97990
-97980
-97979
-97975
-97920
-97911
-97825
-97800
-97799
-97795
-97791
-97784
-97767
-97734
-97680
-97679
-97605
-97579
-97578
-97563
-97542
-97500
-97499
-97488
-97443
-97416
-97410
-97375
-97374
-97362
-97350
-97279
-97275
-97273
-97250
-97200
-97199
-97175
-97170
-97169
-97165
-97160
-97151
-97141
-97125
-97108
-97005
-96999
-96944
-96923
-96876
-96845
-96831
-96829
-96824
-96823
-96822
-96820
-96819
-96817
-96815
-96810
-96800
-96785
-96775
-96774
-96768
-96767
-96765
-96761
-96760
-96759
-96758
-96755
-96754
-96750
-96749
-96745
-96737
-96735
-96730
-96727
-96725
-96715
-96711
-96705
-96695
-96680
-96675
-96670
-96642
-96635
-96625
-96603
-96600
-96543
-96537
-96535
-96529
-96524
-96513
-96462
-96447
-96438
-96432
-96431
-96426
-96425
-96424
-96418
-96416
-96415
-96413
-96411
-96404
-96403
-96397
-96390
-96377
-96367
-96360
-96354
-96350
-96349
-96341
-96331
-96327
-96325
-96320
-96319
-96313
-96290
-96282
-96280
-96271
-96264
-96257
-96255
-96249
-96246
-96228
-96213
-96210
-96191
-96179
-96175
-96154
-96153
-96150
-96149
-96144
-96143
-96138
-96125
-96108
-96107
-96102
-96019
-96012
-96005
-96000
-95940
-95939
-95935
-95930
-95914
-95904
-95886
-95865
-95857
-95851
-95832
-95823
-95776
-95775
-95774
-95760
-95757
-95744
-95742
-95741
-95732
-95634
-95625
-95600
-95599
-95581
-95580
-95575
-95550
-95525
-95515
-95514
-95509
-95505
-95500
-95499
-95494
-95493
-95490
-95489
-95484
-95483
-95482
-95480
-95475
-95464
-95460
-95418
-95417
-95375
-95374
-95366
-95365
-95337
-95318
-95263
-95257
-95256
-95255
-95250
-95249
-95242
-95241
-95238
-95232
-95220
-95207
-95202
-95177
-95175
-95167
-95137
-95114
-95110
-95105
-95104
-95100
-95099
-95094
-95090
-95075
-95039
-95035
-95012
-95000
-94999
-94990
-94983
-94980
-94975
-94948
-94943
-94938
-94906
-94903
-94901
-94896
-94875
-94874
-94873
-94863
-94815
-94770
-94760
-94759
-94755
-94750
-94749
-94737
-94736
-94710
-94709
-94705
-94689
-94640
-94625
-94620
-94600
-94499
-94498
-94464
-94375
-94324
-94300
-94299
-94295
-94277
-94276
-94275
-94274
-94259
-94250
-94249
-94241
-94227
-94205
-94185
-94164
-94125
-94080
-94050
-94017
-93933
-93749
-93730
-93631
-93625
-93603
-93600
-93599
-93574
-93555
-93539
-93535
-93525
-93500
-93499
-93495
-93489
-93485
-93483
-93480
-93479
-93475
-93469
-93465
-93455
-93419
-93415
-93405
-93375
-93366
-93315
-93312
-93309
-93289
-93285
-93275
-93265
-93258
-93250
-93199
-93175
-93168
-93167
-93150
-93125
-93096
-93070
-93069
-93065
-93023
-93000
-92999
-92995
-92993
-92988
-92983
-92970
-92953
-92952
-92880
-92879
-92875
-92790
-92771
-92768
-92767
-92742
-92741
-92736
-92731
-92701
-92700
-92665
-92663
-92659
-92655
-92573
-92568
-92500
-92430
-92413
-92412
-92407
-92400
-92355
-92350
-92343
-92340
-92330
-92308
-92307
-92298
-92297
-92280
-92274
-92263
-92259
-92255
-92253
-92250
-92249
-92239
-92235
-92225
-92159
-92157
-92155
-92125
-92100
-92081
-92055
-92043
-92035
-91999
-91960
-91959
-91943
-91919
-91915
-91910
-91905
-91875
-91854
-91840
-91839
-91835
-91833
-91760
-91759
-91758
-91755
-91731
-91729
-91728
-91725
-91721
-91719
-91715
-91710
-91696
-91695
-91687
-91686
-91685
-91684
-91680
-91674
-91673
-91672
-91671
-91664
-91663
-91662
-91661
-91640
-91639
-91635
-91632
-91629
-91611
-91600
-91599
-91595
-91590
-91553
-91530
-91500
-91499
-91495
-91476
-91468
-91458
-91440
-91439
-91435
-91425
-91400
-91399
-91380
-91377
-91375
-91367
-91360
-91350
-91287
-91200
-91199
-91195
-91182
-91175
-91154
-91140
-91125
-91079
-91069
-91057
-91047
-91036
-91035
-91030
-91027
-91025
-91019
-91017
-91015
-91010
-91000
-90999
-90991
-90984
-90983
-90981
-90969
-90965
-90960
-90959
-90945
-90930
-90882
-90881
-90875
-90860
-90818
-90750
-90749
-90728
-90727
-90720
-90702
-90691
-90690
-90679
-90675
-90667
-90647
-90632
-90631
-90630
-90622
-90618
-90617
-90610
-90607
-90600
-90599
-90595
-90583
-90576
-90575
-90552
-90551
-90550
-90548
-90538
-90537
-90534
-90530
-90528
-90527
-90524
-90520
-90517
-90516
-90512
-90506
-90503
-90502
-90500
-90497
-90494
-90490
-90484
-90480
-90477
-90471
-90462
-90454
-90447
-90353
-90327
-90299
-90295
-90292
-90282
-90281
-90280
-90252
-90247
-90230
-90200
-90199
-90175
-90090
-90089
-90085
-90024
-90000
-89999
-89982
-89975
-89974
-89950
-89947
-89936
-89910
-89901
-89875
-89871
-89865
-89861
-89855
-89845
-89838
-89831
-89830
-89829
-89820
-89819
-89815
-89810
-89799
-89796
-89789
-89785
-89784
-89783
-89780
-89779
-89775
-89770
-89769
-89765
-89764
-89760
-89755
-89754
-89750
-89749
-89747
-89745
-89744
-89743
-89740
-89734
-89733
-89732
-89731
-89723
-89722
-89705
-89700
-89699
-89695
-89690
-89689
-89680
-89660
-89659
-89655
-89650
-89647
-89640
-89622
-89615
-89600
-89584
-89583
-89560
-89500
-89492
-89440
-89439
-89424
-89415
-89414
-89400
-89399
-89389
-89384
-89383
-89375
-89284
-89279
-89275
-89225
-89224
-89207
-89200
-89199
-89187
-89185
-89181
-89180
-89175
-89174
-89150
-89010
-89000
-88999
-88975
-88920
-88919
-88915
-88830
-88803
-88795
-88776
-88775
-88760
-88750
-88749
-88745
-88735
-88725
-88695
-88668
-88650
-88642
-88641
-88639
-88635
-88634
-88625
-88599
-88575
-88569
-88565
-88560
-88559
-88556
-88555
-88550
-88549
-88545
-88479
-88475
-88463
-88453
-88447
-88444
-88399
-88396
-88395
-88390
-88365
-88360
-88348
-88345
-88329
-88325
-88322
-88320
-88319
-88315
-88310
-88309
-88308
-88305
-88300
-88290
-88280
-88275
-88270
-88265
-88260
-88239
-88236
-88235
-88230
-88218
-88215
-88200
-88184
-88183
-88149
-88127
-88125
-88124
-88113
-88111
-88107
-88100
-88097
-88060
-88040
-87999
-87923
-87912
-87906
-87875
-87839
-87835
-87822
-87821
-87800
-87799
-87780
-87779
-87775
-87750
-87749
-87745
-87736
-87735
-87720
-87701
-87700
-87696
-87691
-87690
-87668
-87661
-87660
-87656
-87655
-87570
-87569
-87556
-87555
-87516
-87499
-87493
-87480
-87465
-87416
-87415
-87406
-87405
-87375
-87360
-87340
-87335
-87329
-87325
-87320
-87318
-87315
-87300
-87290
-87283
-87264
-87263
-87253
-87247
-87243
-87234
-87213
-87178
-87153
-87125
-87124
-87100
-87017
-87010
-87001
-86991
-86975
-86950
-86929
-86925
-86919
-86915
-86844
-86840
-86838
-86835
-86834
-86830
-86812
-86799
-86797
-86796
-86795
-86787
-86779
-86771
-86765
-86764
-86760
-86751
-86735
-86730
-86715
-86709
-86695
-86694
-86687
-86632
-86631
-86625
-86620
-86618
-86617
-86616
-86615
-86607
-86606
-86601
-86599
-86595
-86590
-86584
-86583
-86580
-86575
-86569
-86565
-86564
-86560
-86559
-86552
-86549
-86545
-86537
-86536
-86535
-86534
-86532
-86529
-86528
-86527
-86525
-86524
-86522
-86521
-86520
-86517
-86516
-86515
-86514
-86513
-86512
-86510
-86509
-86507
-86505
-86504
-86503
-86502
-86501
-86500
-86495
-86492
-86490
-86489
-86485
-86484
-86480
-86471
-86470
-86469
-86465
-86455
-86450
-86440
-86439
-86438
-86437
-86435
-86430
-86427
-86424
-86420
-86400
-86399
-86394
-86364
-86351
-86346
-86345
-86344
-86341
-86340
-86338
-86319
-86304
-86300
-86299
-86289
-86275
-86272
-86268
-86267
-86265
-86257
-86256
-86250
-86247
-86225
-86224
-86220
-86200
-86199
-86198
-86195
-86184
-86175
-86174
-86151
-86150
-86116
-86113
-86110
-86109
-86107
-86106
-86105
-86103
-86100
-86099
-86095
-86092
-86091
-86090
-86089
-86086
-86085
-86082
-86078
-86075
-86071
-86068
-86065
-86055
-86050
-86040
-86031
-86025
-86024
-86020
-86010
-86009
-86000
-85999
-85995
-85975
-85974
-85960
-85950
-85941
-85940
-85935
-85914
-85905
-85900
-85899
-85885
-85875
-85869
-85860
-85850
-85825
-85803
-85775
-85735
-85700
-85690
-85679
-85673
-85656
-85655
-85650
-85631
-85623
-85617
-85615
-85610
-85574
-85568
-85567
-85561
-85560
-85554
-85535
-85525
-85511
-85505
-85500
-85482
-85470
-85469
-85464
-85455
-85449
-85439
-85435
-85425
-85399
-85395
-85383
-85377
-85358
-85289
-85280
-85279
-85275
-85270
-85260
-85259
-85255
-85253
-85252
-85250
-85249
-85248
-85246
-85243
-85230
-85200
-85176
-85175
-85150
-85140
-85125
-85120
-85115
-85074
-85068
-85063
-85060
-85050
-85040
-85008
-85000
-84999
-84992
-84975
-84950
-84942
-84925
-84880
-84875
-84870
-84860
-84721
-84706
-84693
-84679
-84672
-84665
-84660
-84655
-84623
-84599
-84575
-84500
-84499
-84483
-84480
-84479
-84476
-84475
-84460
-84459
-84455
-84421
-84420
-84405
-84392
-84375
-84353
-84337
-84320
-84285
-84269
-84266
-84252
-84249
-84240
-84239
-84235
-84218
-84214
-84186
-84184
-84180
-84131
-84114
-84084
-84078
-84053
-84050
-84049
-84045
-84043
-84039
-84029
-84025
-83999
-83996
-83975
-83968
-83967
-83903
-83880
-83878
-83875
-83866
-83760
-83750
-83664
-83640
-83639
-83635
-83628
-83600
-83599
-83595
-83580
-83568
-83527
-83526
-83500
-83499
-83426
-83425
-83420
-83394
-83375
-83360
-83356
-83350
-83349
-83329
-83328
-83325
-83324
-83320
-83300
-83299
-83290
-83275
-83274
-83250
-83230
-83225
-83200
-83175
-83169
-83165
-83160
-83111
-83106
-83081
-83076
-83071
-83070
-83041
-83028
-83025
-83024
-83016
-83000
-82992
-82984
-82983
-82977
-82968
-82950
-82947
-82946
-82944
-82943
-82930
-82915
-82914
-82905
-82902
-82898
-82896
-82888
-82880
-82823
-82810
-82809
-82805
-82800
-82799
-82795
-82790
-82789
-82788
-82787
-82785
-82780
-82779
-82778
-82776
-82774
-82773
-82772
-82771
-82770
-82769
-82768
-82767
-82766
-82765
-82764
-82763
-82761
-82760
-82759
-82758
-82757
-82756
-82755
-82754
-82753
-82752
-82751
-82750
-82748
-82746
-82745
-82739
-82738
-82737
-82729
-82728
-82725
-82720
-82719
-82715
-82710
-82709
-82705
-82704
-82703
-82700
-82699
-82695
-82690
-82689
-82687
-82685
-82680
-82671
-82662
-82659
-82656
-82655
-82640
-82639
-82638
-82620
-82610
-82600
-82590
-82584
-82566
-82560
-82559
-82557
-82539
-82517
-82515
-82512
-82509
-82507
-82499
-82492
-82491
-82489
-82482
-82480
-82476
-82467
-82460
-82458
-82449
-82446
-82439
-82435
-82407
-82404
-82400
-82399
-82395
-82392
-82391
-82382
-82380
-82360
-82359
-82355
-82349
-82345
-82341
-82340
-82310
-82301
-82291
-82251
-82249
-82240
-82225
-82215
-82159
-82124
-82100
-82099
-82081
-82080
-82079
-82075
-82074
-82050
-82044
-82038
-82025
-82005
-82004
-82000
-81999
-81990
-81975
-81928
-81921
-81900
-81899
-81895
-81875
-81872
-81864
-81774
-81720
-81705
-81700
-81666
-81660
-81648
-81612
-81599
-81595
-81589
-81585
-81583
-81581
-81571
-81550
-81541
-81540
-81536
-81531
-81510
-81507
-81501
-81486
-81433
-81396
-81315
-81312
-81311
-81270
-81252
-81221
-81199
-81195
-81180
-81165
-81144
-81108
-81081
-81075
-81072
-81063
-81046
-81045
-81029
-81016
-81015
-81007
-81003
-81000
-80992
-80991
-80990
-80987
-80982
-80980
-80977
-80937
-80934
-80933
-80910
-80892
-80856
-80811
-80801
-80793
-80784
-80775
-80771
-80769
-80766
-80765
-80761
-80755
-80753
-80743
-80740
-80737
-80735
-80733
-80731
-80730
-80727
-80725
-80723
-80721
-80720
-80719
-80715
-80705
-80703
-80699
-80689
-80685
-80676
-80655
-80645
-80640
-80635
-80626
-80624
-80623
-80606
-80605
-80604
-80595
-80586
-80574
-80568
-80565
-80560
-80559
-80555
-80550
-80514
-80512
-80500
-80495
-80483
-80473
-80460
-80451
-80444
-80433
-80430
-80427
-80424
-80415
-80388
-80367
-80359
-80355
-80352
-80345
-80340
-80335
-80325
-80324
-80300
-80290
-80280
-80270
-80265
-80262
-80256
-80255
-80234
-80227
-80220
-80213
-80190
-80160
-80149
-80132
-80125
-80117
-80116
-80115
-80107
-80100
-80069
-80064
-80028
-80015
-80000
-79999
-79992
-79984
-79983
-79975
-79968
-79967
-79957
-79950
-79949
-79947
-79942
-79941
-79932
-79930
-79929
-79925
-79924
-79920
-79900
-79884
-79875
-79857
-79848
-79800
-79750
-79749
-79725
-79680
-79679
-79675
-79639
-79632
-79625
-79620
-79524
-79500
-79497
-79488
-79487
-79470
-79458
-79457
-79441
-79396
-79391
-79388
-79387
-79386
-79381
-79380
-79376
-79371
-79365
-79344
-79301
-79296
-79293
-79291
-79282
-79267
-79261
-79250
-79237
-79233
-79231
-79222
-79221
-79219
-79215
-79209
-79205
-79204
-79203
-79202
-79200
-79194
-79193
-79191
-79187
-79170
-79163
-79156
-79155
-79149
-79142
-79129
-79099
-79086
-79039
-79037
-79020
-79014
-79007
-79002
-78999
-78997
-78988
-78975
-78967
-78936
-78925
-78912
-78875
-78847
-78843
-78840
-78837
-78816
-78815
-78806
-78775
-78767
-78750
-78732
-78725
-78724
-78714
-78713
-78703
-78624
-78589
-78588
-78575
-78561
-78500
-78499
-78489
-78488
-78463
-78447
-78416
-78415
-78414
-78375
-78374
-78335
-78327
-78319
-78309
-78299
-78279
-78275
-78260
-78250
-78239
-78165
-78149
-78146
-78145
-78144
-78125
-78120
-78102
-78057
-78049
-78030
-78025
-78000
-77999
-77995
-77981
-77975
-77957
-77950
-77942
-77941
-77940
-77932
-77928
-77927
-77924
-77915
-77914
-77911
-77910
-77909
-77905
-77900
-77899
-77894
-77893
-77890
-77889
-77884
-77883
-77882
-77880
-77875
-77874
-77864
-77857
-77850
-77842
-77841
-77832
-77823
-77818
-77817
-77765
-77760
-77759
-77755
-77750
-77749
-77745
-77742
-77741
-77738
-77737
-77732
-77731
-77725
-77724
-77718
-77714
-77700
-77688
-77679
-77650
-77649
-77640
-77639
-77625
-77580
-77562
-77560
-77532
-77525
-77520
-77519
-77515
-77500
-77499
-77490
-77489
-77485
-77480
-77475
-77460
-77450
-77444
-77420
-77410
-77400
-77392
-77390
-77382
-77375
-77364
-77355
-77350
-77325
-77324
-77310
-77290
-77280
-77279
-77275
-77273
-77270
-77248
-77245
-77229
-77225
-77220
-77210
-77189
-77168
-77160
-77112
-77004
-77000
-76999
-76975
-76950
-76949
-76939
-76925
-76923
-76920
-76919
-76916
-76915
-76910
-76909
-76884
-76875
-76860
-76842
-76819
-76818
-76815
-76800
-76799
-76795
-76775
-76770
-76755
-76752
-76751
-76740
-76739
-76734
-76729
-76692
-76660
-76659
-76644
-76629
-76608
-76572
-76569
-76565
-76560
-76550
-76545
-76509
-76505
-76500
-76499
-76498
-76495
-76491
-76490
-76489
-76488
-76485
-76480
-76479
-76469
-76465
-76460
-76459
-76455
-76440
-76439
-76437
-76435
-76434
-76432
-76431
-76429
-76427
-76426
-76425
-76424
-76422
-76421
-76419
-76416
-76415
-76412
-76411
-76410
-76409
-76407
-76406
-76405
-76404
-76403
-76402
-76401
-76400
-76399
-76397
-76396
-76395
-76394
-76393
-76392
-76391
-76390
-76389
-76387
-76385
-76384
-76382
-76381
-76380
-76379
-76375
-76374
-76372
-76371
-76368
-76367
-76360
-76359
-76356
-76355
-76350
-76349
-76345
-76341
-76340
-76339
-76335
-76334
-76330
-76329
-76328
-76327
-76325
-76324
-76320
-76311
-76310
-76309
-76305
-76300
-76299
-76295
-76294
-76290
-76278
-76272
-76250
-76249
-76245
-76240
-76239
-76235
-76230
-76228
-76225
-76220
-76210
-76209
-76160
-76159
-76143
-76100
-76050
-76049
-76032
-76025
-76024
-76015
-76014
-76007
-76000
-75999
-75995
-75992
-75991
-75984
-75983
-75982
-75975
-75974
-75950
-75945
-75925
-75900
-75894
-75875
-75857
-75852
-75850
-75849
-75845
-75842
-75841
-75839
-75835
-75832
-75825
-75790
-75789
-75780
-75768
-75767
-75761
-75754
-75749
-75725
-75712
-75699
-75696
-75693
-75679
-75675
-75650
-75649
-75636
-75625
-75618
-75600
-75599
-75595
-75590
-75589
-75585
-75582
-75580
-75575
-75564
-75504
-75503
-75500
-75481
-75465
-75447
-75446
-75438
-75420
-75411
-75401
-75400
-75391
-75383
-75353
-75348
-75343
-75334
-75313
-75299
-75278
-75269
-75264
-75259
-75256
-75240
-75229
-75194
-75193
-75166
-75150
-75114
-75072
-75071
-75063
-75054
-75038
-75033
-75030
-75029
-75019
-75000
-74999
-74989
-74988
-74979
-74970
-74949
-74928
-74925
-74921
-74914
-74880
-74879
-74875
-74872
-74865
-74844
-74836
-74835
-74832
-74831
-74826
-74825
-74823
-74820
-74819
-74815
-74808
-74807
-74799
-74797
-74796
-74793
-74790
-74788
-74787
-74786
-74784
-74783
-74781
-74780
-74778
-74777
-74776
-74774
-74772
-74768
-74767
-74749
-74740
-74739
-74735
-74730
-74729
-74725
-74719
-74700
-74691
-74675
-74655
-74631
-74628
-74625
-74624
-74623
-74620
-74619
-74615
-74614
-74613
-74601
-74591
-74590
-74541
-74538
-74537
-74529
-74520
-74519
-74500
-74499
-74495
-74493
-74490
-74489
-74487
-74485
-74484
-74483
-74481
-74475
-74457
-74448
-74447
-74445
-74439
-74438
-74435
-74433
-74430
-74429
-74425
-74420
-74419
-74415
-74405
-74400
-74387
-74375
-74373
-74369
-74368
-74365
-74358
-74355
-74350
-74340
-74330
-74280
-74277
-74256
-74250
-74249
-74232
-74231
-74214
-74209
-74201
-74196
-74160
-74159
-74155
-74142
-74124
-74118
-74117
-74115
-74106
-74100
-74074
-74046
-74045
-74025
-74016
-74007
-74000
-73999
-73980
-73975
-73950
-73949
-73945
-73944
-73940
-73926
-73925
-73920
-73917
-73915
-73892
-73890
-73881
-73877
-73875
-73872
-73867
-73829
-73819
-73810
-73800
-73799
-73795
-73790
-73782
-73750
-73724
-73720
-73717
-73715
-73710
-73705
-73704
-73700
-73692
-73656
-73640
-73639
-73630
-73629
-73620
-73602
-73600
-73583
-73575
-73552
-73551
-73540
-73530
-73529
-73528
-73519
-73514
-73500
-73499
-73495
-73494
-73484
-73480
-73478
-73477
-73476
-73475
-73474
-73473
-73472
-73471
-73468
-73467
-73466
-73465
-73464
-73463
-73458
-73440
-73416
-73399
-73375
-73368
-73367
-73364
-73354
-73351
-73350
-73349
-73347
-73344
-73343
-73341
-73339
-73337
-73333
-73332
-73323
-73322
-73320
-73319
-73312
-73311
-73305
-73302
-73301
-73288
-73287
-73278
-73271
-73225
-73206
-73201
-73199
-73195
-73192
-73191
-73157
-73156
-73150
-73149
-73147
-73146
-73145
-73143
-73140
-73135
-73125
-73112
-73111
-73109
-73104
-73099
-73080
-73062
-73061
-73056
-73000
-72999
-72984
-72982
-72981
-72960
-72959
-72955
-72945
-72939
-72912
-72911
-72900
-72897
-72882
-72875
-72846
-72840
-72828
-72819
-72815
-72800
-72799
-72795
-72790
-72780
-72775
-72771
-72770
-72750
-72743
-72738
-72733
-72719
-72715
-72693
-72688
-72683
-72660
-72648
-72632
-72625
-72623
-72618
-72613
-72611
-72583
-72581
-72579
-72576
-72575
-72573
-72571
-72569
-72565
-72540
-72499
-72487
-72475
-72471
-72470
-72468
-72450
-72420
-72419
-72414
-72409
-72384
-72375
-72369
-72359
-72355
-72352
-72349
-72345
-72333
-72328
-72327
-72324
-72323
-72319
-72318
-72317
-72315
-72310
-72309
-72303
-72261
-72255
-72254
-72239
-72235
-72225
-72224
-72223
-72203
-72201
-72198
-72193
-72191
-72171
-72169
-72165
-72160
-72159
-72155
-72150
-72149
-72145
-72127
-72125
-72100
-72095
-72087
-72079
-72075
-72071
-72063
-72056
-72055
-72046
-72045
-72044
-72037
-72025
-72020
-72015
-72010
-72009
-72007
-72000
-71999
-71995
-71992
-71991
-71985
-71984
-71983
-71982
-71975
-71965
-71951
-71945
-71935
-71928
-71925
-71919
-71913
-71903
-71890
-71889
-71875
-71874
-71871
-71863
-71856
-71855
-71847
-71846
-71839
-71835
-71830
-71828
-71827
-71820
-71818
-71817
-71816
-71815
-71812
-71802
-71801
-71800
-71799
-71798
-71794
-71792
-71788
-71784
-71783
-71781
-71780
-71775
-71771
-71770
-71767
-71766
-71765
-71764
-71763
-71759
-71757
-71755
-71754
-71753
-71750
-71749
-71745
-71743
-71739
-71736
-71735
-71725
-71720
-71719
-71712
-71711
-71708
-71689
-71685
-71680
-71679
-71675
-71670
-71669
-71665
-71660
-71656
-71655
-71647
-71635
-71631
-71630
-71625
-71615
-71607
-71604
-71599
-71595
-71591
-71590
-71572
-71562
-71550
-71527
-71519
-71515
-71514
-71510
-71500
-71499
-71496
-71495
-71487
-71484
-71463
-71455
-71447
-71442
-71437
-71426
-71424
-71400
-71396
-71391
-71378
-71375
-71368
-71344
-71343
-71340
-71339
-71334
-71330
-71329
-71280
-71279
-71275
-71257
-71250
-71249
-71176
-71175
-71161
-71158
-71154
-71148
-71144
-71141
-71139
-71136
-71126
-71125
-71121
-71118
-71063
-71060
-71057
-71055
-71052
-71050
-71049
-71045
-71040
-71039
-71037
-71036
-71035
-71030
-71027
-71015
-71008
-71007
-71001
-71000
-70999
-70984
-70983
-70980
-70975
-70965
-70950
-70934
-70929
-70925
-70924
-70889
-70885
-70875
-70865
-70852
-70842
-70841
-70831
-70818
-70812
-70798
-70735
-70730
-70729
-70725
-70724
-70700
-70671
-70668
-70655
-70648
-70630
-70625
-70624
-70602
-70601
-70596
-70574
-70559
-70555
-70550
-70520
-70519
-70515
-70510
-70500
-70499
-70495
-70479
-70473
-70460
-70450
-70437
-70434
-70433
-70400
-70389
-70375
-70374
-70355
-70308
-70301
-70290
-70289
-70285
-70279
-70275
-70273
-70244
-70226
-70224
-70209
-70205
-70200
-70199
-70195
-70189
-70185
-70180
-70179
-70175
-70125
-70124
-70119
-70115
-70110
-70109
-70108
-70105
-70095
-70080
-70065
-70055
-70044
-70041
-70040
-70039
-70035
-70034
-70023
-70022
-70015
-70014
-70000
-69999
-69989
-69987
-69984
-69983
-69979
-69975
-69930
-69904
-69888
-69887
-69885
-69875
-69868
-69867
-69865
-69864
-69863
-69862
-69858
-69857
-69847
-69804
-69784
-69750
-69741
-69740
-69732
-69720
-69714
-69700
-69699
-69695
-69690
-69660
-69639
-69633
-69625
-69623
-69599
-69595
-69579
-69575
-69570
-69519
-69515
-69498
-69467
-69455
-69454
-69453
-69440
-69426
-69424
-69423
-69417
-69411
-69388
-69384
-69375
-69360
-69359
-69355
-69333
-69324
-69300
-69299
-69295
-69290
-69289
-69285
-69282
-69279
-69275
-69274
-69264
-69255
-69250
-69239
-69235
-69228
-69220
-69210
-69199
-69195
-69189
-69180
-69179
-69175
-69169
-69165
-69160
-69159
-69155
-69149
-69145
-69140
-69139
-69134
-69132
-69130
-69129
-69125
-69124
-69120
-69119
-69117
-69116
-69115
-69114
-69110
-69109
-69107
-69105
-69104
-69100
-69092
-69091
-69089
-69085
-69082
-69079
-69075
-69069
-69067
-69066
-69065
-69060
-69059
-69057
-69055
-69039
-69035
-69030
-69017
-69007
-69000
-68999
-68995
-68994
-68992
-68991
-68976
-68975
-68969
-68965
-68958
-68949
-68945
-68944
-68943
-68940
-68939
-68935
-68925
-68924
-68920
-68904
-68900
-68899
-68894
-68890
-68889
-68885
-68884
-68880
-68879
-68875
-68874
-68873
-68870
-68869
-68868
-68865
-68864
-68863
-68860
-68859
-68855
-68850
-68849
-68845
-68841
-68833
-68832
-68820
-68819
-68815
-68814
-68810
-68809
-68805
-68800
-68799
-68796
-68795
-68794
-68792
-68790
-68789
-68785
-68784
-68783
-68782
-68779
-68778
-68776
-68775
-68774
-68772
-68770
-68769
-68766
-68765
-68764
-68762
-68761
-68760
-68759
-68758
-68757
-68756
-68755
-68754
-68750
-68749
-68748
-68746
-68745
-68744
-68742
-68741
-68740
-68738
-68728
-68727
-68726
-68724
-68720
-68719
-68715
-68706
-68700
-68688
-68687
-68680
-68679
-68675
-68670
-68661
-68660
-68652
-68650
-68642
-68640
-68639
-68635
-68634
-68625
-68614
-68607
-68595
-68593
-68590
-68585
-68580
-68575
-68570
-68565
-68563
-68558
-68552
-68551
-68544
-68541
-68526
-68520
-68507
-68500
-68497
-68490
-68480
-68479
-68475
-68470
-68469
-68465
-68459
-68455
-68454
-68447
-68445
-68435
-68425
-68417
-68400
-68399
-68395
-68382
-68376
-68375
-68370
-68364
-68356
-68355
-68346
-68345
-68335
-68310
-68309
-68306
-68305
-68304
-68303
-68300
-68299
-68283
-68280
-68256
-68250
-68249
-68240
-68239
-68238
-68235
-68229
-68225
-68224
-68223
-68220
-68219
-68175
-68160
-68159
-68157
-68155
-68152
-68119
-68115
-68112
-68100
-68096
-68095
-68059
-68055
-68050
-68049
-68045
-68040
-68039
-68035
-68030
-68029
-68025
-68024
-68019
-68015
-68000
-67999
-67987
-67980
-67977
-67975
-67972
-67971
-67969
-67962
-67959
-67955
-67950
-67940
-67939
-67935
-67932
-67925
-67920
-67906
-67890
-67886
-67875
-67860
-67800
-67760
-67750
-67735
-67725
-67716
-67715
-67680
-67672
-67650
-67649
-67645
-67644
-67635
-67625
-67620
-67604
-67599
-67594
-67590
-67589
-67579
-67575
-67573
-67567
-67561
-67546
-67545
-67536
-67522
-67520
-67515
-67510
-67500
-67455
-67440
-67410
-67407
-67399
-67397
-67392
-67375
-67350
-67349
-67345
-67340
-67335
-67330
-67326
-67325
-67316
-67315
-67312
-67308
-67305
-67304
-67302
-67298
-67295
-67280
-67275
-67270
-67260
-67249
-67247
-67245
-67235
-67230
-67224
-67216
-67215
-67210
-67200
-67199
-67195
-67190
-67185
-67175
-67174
-67170
-67158
-67157
-67155
-67151
-67150
-67144
-67140
-67125
-67122
-67100
-67095
-67090
-67075
-67068
-67056
-67055
-67050
-67049
-67045
-67025
-67020
-67000
-66999
-66990
-66987
-66986
-66976
-66975
-66959
-66955
-66930
-66906
-66886
-66871
-66870
-66861
-66850
-66829
-66825
-66815
-66799
-66775
-66768
-66756
-66749
-66746
-66744
-66741
-66740
-66731
-66730
-66725
-66721
-66719
-66715
-66690
-66671
-66660
-66650
-66639
-66635
-66625
-66616
-66601
-66600
-66591
-66582
-66575
-66570
-66560
-66559
-66552
-66534
-66528
-66527
-66514
-66500
-66499
-66495
-66490
-66459
-66455
-66430
-66427
-66420
-66419
-66415
-66412
-66411
-66410
-66402
-66380
-66379
-66375
-66363
-66360
-66359
-66343
-66342
-66340
-66339
-66338
-66336
-66335
-66333
-66332
-66330
-66328
-66327
-66318
-66315
-66312
-66311
-66303
-66297
-66295
-66279
-66275
-66255
-66249
-66247
-66240
-66239
-66235
-66232
-66231
-66230
-66222
-66221
-66220
-66216
-66214
-66213
-66212
-66211
-66210
-66209
-66208
-66207
-66205
-66204
-66203
-66202
-66201
-66200
-66199
-66197
-66195
-66193
-66175
-66168
-66159
-66155
-66152
-66150
-66149
-66143
-66125
-66119
-66096
-66095
-66091
-66080
-66066
-66048
-66045
-66033
-66019
-66015
-66010
-66009
-66005
-66000
-65999
-65995
-65988
-65984
-65983
-65959
-65941
-65926
-65925
-65924
-65920
-65919
-65916
-65915
-65914
-65905
-65895
-65885
-65879
-65875
-65862
-65815
-65805
-65796
-65792
-65791
-65790
-65784
-65783
-65777
-65772
-65767
-65760
-65759
-65755
-65748
-65736
-65728
-65725
-65718
-65700
-65688
-65685
-65682
-65681
-65680
-65679
-65675
-65664
-65646
-65633
-65628
-65625
-65624
-65623
-65610
-65609
-65605
-65600
-65599
-65595
-65590
-65589
-65585
-65580
-65575
-65568
-65556
-65538
-65535
-65520
-65519
-65515
-65513
-65504
-65503
-65500
-65469
-65450
-65448
-65440
-65439
-65436
-65435
-65417
-65405
-65400
-65399
-65394
-65385
-65375
-65340
-65332
-65328
-65327
-65322
-65286
-65279
-65275
-65268
-65254
-65250
-65237
-65227
-65220
-65215
-65205
-65195
-65190
-65189
-65185
-65161
-65160
-65142
-65119
-65100
-65090
-65088
-65000
-64999
-64975
-64962
-64960
-64953
-64951
-64943
-64940
-64935
-64933
-64896
-64895
-64875
-64870
-64810
-64800
-64799
-64795
-64792
-64790
-64784
-64783
-64779
-64775
-64770
-64750
-64735
-64713
-64698
-64697
-64692
-64689
-64685
-64680
-64679
-64638
-64615
-64614
-64613
-64610
-64608
-64584
-64575
-64536
-64521
-64519
-64512
-64511
-64506
-64505
-64500
-64493
-64476
-64449
-64447
-64445
-64428
-64399
-64395
-64386
-64379
-64375
-64372
-64370
-64349
-64340
-64339
-64320
-64319
-64315
-64314
-64309
-64305
-64260
-64246
-64239
-64236
-64230
-64229
-64225
-64224
-64223
-64218
-64217
-64215
-64213
-64200
-64199
-64197
-64196
-64195
-64194
-64188
-64185
-64184
-64182
-64181
-64179
-64175
-64172
-64170
-64169
-64166
-64165
-64164
-64160
-64159
-64155
-64152
-64150
-64149
-64147
-64146
-64145
-64144
-64143
-64141
-64140
-64139
-64137
-64134
-64133
-64132
-64131
-64130
-64127
-64126
-64125
-64124
-64123
-64122
-64121
-64120
-64118
-64116
-64115
-64114
-64113
-64112
-64111
-64108
-64107
-64105
-64103
-64102
-64101
-64100
-64099
-64098
-64097
-64096
-64093
-64090
-64089
-64088
-64085
-64084
-64083
-64082
-64080
-64076
-64071
-64064
-64057
-64055
-64054
-64053
-64052
-64050
-64049
-64048
-64045
-64044
-64042
-64041
-64040
-64039
-64036
-64035
-64032
-64031
-64030
-64029
-64026
-64025
-64024
-64013
-64012
-64010
-64009
-64006
-64005
-64003
-64000
-63999
-63990
-63985
-63975
-63974
-63970
-63963
-63960
-63959
-63955
-63952
-63950
-63948
-63945
-63942
-63941
-63938
-63936
-63935
-63931
-63928
-63927
-63920
-63909
-63908
-63900
-63899
-63888
-63887
-63882
-63877
-63875
-63873
-63860
-63846
-63840
-63828
-63827
-63825
-63801
-63800
-63799
-63798
-63784
-63783
-63775
-63760
-63750
-63749
-63745
-63720
-63719
-63715
-63714
-63713
-63707
-63700
-63678
-63672
-63661
-63660
-63647
-63639
-63636
-63626
-63625
-63622
-63602
-63600
-63578
-63574
-63554
-63551
-63550
-63549
-63544
-63525
-63524
-63504
-63500
-63467
-63453
-63452
-63443
-63442
-63427
-63420
-63417
-63410
-63407
-63400
-63399
-63395
-63391
-63390
-63385
-63376
-63375
-63366
-63360
-63359
-63355
-63342
-63315
-63303
-63300
-63298
-63297
-63287
-63280
-63261
-63249
-63247
-63225
-63224
-63221
-63216
-63215
-63210
-63200
-63180
-63168
-63158
-63150
-63140
-63139
-63135
-63130
-63129
-63120
-63112
-63099
-63084
-63077
-63070
-63058
-63057
-63049
-63041
-63031
-63030
-63025
-63019
-63015
-63014
-63009
-63000
-62999
-62997
-62995
-62993
-62979
-62976
-62975
-62958
-62944
-62940
-62933
-62923
-62916
-62898
-62894
-62893
-62888
-62881
-62875
-62873
-62867
-62861
-62860
-62857
-62856
-62851
-62847
-62846
-62843
-62841
-62839
-62837
-62828
-62827
-62825
-62821
-62816
-62815
-62812
-62811
-62810
-62809
-62808
-62806
-62800
-62799
-62797
-62795
-62793
-62790
-62785
-62781
-62780
-62776
-62775
-62772
-62771
-62770
-62769
-62762
-62761
-62755
-62754
-62750
-62748
-62739
-62736
-62734
-62732
-62730
-62729
-62726
-62725
-62724
-62722
-62720
-62719
-62710
-62707
-62704
-62694
-62692
-62678
-62677
-62673
-62672
-62671
-62664
-62662
-62658
-62657
-62656
-62655
-62654
-62653
-62652
-62651
-62650
-62649
-62645
-62644
-62643
-62642
-62641
-62640
-62639
-62638
-62637
-62636
-62632
-62630
-62627
-62626
-62625
-62623
-62622
-62621
-62620
-62617
-62616
-62613
-62611
-62610
-62606
-62605
-62601
-62599
-62596
-62590
-62587
-62586
-62580
-62575
-62572
-62570
-62568
-62562
-62560
-62558
-62555
-62552
-62540
-62532
-62525
-62524
-62522
-62505
-62488
-62483
-62478
-62474
-62468
-62451
-62450
-62426
-62425
-62424
-62407
-62406
-62401
-62400
-62399
-62397
-62396
-62395
-62390
-62375
-62374
-62370
-62369
-62365
-62360
-62359
-62355
-62350
-62349
-62345
-62340
-62327
-62325
-62324
-62323
-62319
-62315
-62314
-62313
-62312
-62311
-62310
-62305
-62302
-62300
-62298
-62289
-62285
-62280
-62279
-62275
-62271
-62270
-62269
-62265
-62260
-62247
-62244
-62243
-62241
-62240
-62239
-62238
-62237
-62235
-62233
-62230
-62212
-62208
-62207
-62205
-62202
-62201
-62199
-62191
-62181
-62175
-62167
-62165
-62160
-62155
-62140
-62139
-62132
-62127
-62125
-62122
-62118
-62100
-62079
-62075
-62073
-62070
-62062
-62051
-62046
-62041
-62028
-62025
-62024
-62015
-62010
-62009
-62000
-61999
-61995
-61992
-61991
-61990
-61975
-61972
-61970
-61968
-61965
-61962
-61961
-61960
-61958
-61955
-61952
-61951
-61950
-61944
-61940
-61925
-61920
-61915
-61910
-61909
-61908
-61905
-61901
-61900
-61899
-61895
-61894
-61893
-61892
-61891
-61890
-61889
-61888
-61887
-61886
-61882
-61881
-61880
-61879
-61878
-61877
-61876
-61875
-61874
-61873
-61871
-61869
-61867
-61866
-61860
-61859
-61858
-61857
-61856
-61855
-61846
-61839
-61838
-61835
-61830
-61828
-61827
-61824
-61823
-61817
-61816
-61813
-61810
-61808
-61807
-61806
-61803
-61800
-61798
-61796
-61793
-61792
-61791
-61789
-61782
-61778
-61767
-61761
-61760
-61759
-61755
-61752
-61745
-61740
-61727
-61722
-61717
-61710
-61669
-61668
-61658
-61646
-61641
-61636
-61610
-61600
-61599
-61595
-61590
-61574
-61569
-61568
-61567
-61565
-61560
-61555
-61551
-61550
-61542
-61536
-61530
-61524
-61520
-61510
-61500
-61499
-61495
-61479
-61475
-61464
-61440
-61439
-61435
-61430
-61429
-61425
-61417
-61415
-61399
-61398
-61380
-61375
-61359
-61355
-61350
-61344
-61343
-61328
-61327
-61326
-61317
-61312
-61311
-61299
-61289
-61285
-61280
-61279
-61275
-61272
-61270
-61269
-61265
-61264
-61260
-61253
-61250
-61249
-61239
-61236
-61235
-61225
-61224
-61223
-61215
-61209
-61205
-61200
-61199
-61198
-61197
-61195
-61192
-61191
-61190
-61189
-61185
-61184
-61183
-61179
-61175
-61174
-61169
-61168
-61167
-61165
-61164
-61159
-61157
-61155
-61154
-61153
-61152
-61150
-61149
-61147
-61146
-61145
-61140
-61137
-61136
-61135
-61134
-61133
-61132
-61130
-61129
-61127
-61125
-61124
-61123
-61122
-61121
-61120
-61119
-61118
-61115
-61114
-61112
-61110
-61109
-61108
-61105
-61104
-61103
-61102
-61101
-61100
-61091
-61090
-61089
-61088
-61087
-61086
-61085
-61084
-61080
-61079
-61075
-61074
-61069
-61065
-61063
-61059
-61056
-61055
-61049
-61045
-61040
-61039
-61035
-61032
-61031
-61030
-61029
-61025
-61024
-61023
-61015
-61008
-61007
-60999
-60995
-60993
-60984
-60983
-60977
-60975
-60970
-60969
-60965
-60960
-60959
-60955
-60950
-60949
-60945
-60943
-60940
-60926
-60925
-60917
-60912
-60911
-60907
-60905
-60904
-60900
-60885
-60884
-60880
-60879
-60875
-60870
-60845
-60843
-60830
-60815
-60800
-60799
-60795
-60790
-60788
-60784
-60783
-60774
-60750
-60738
-60720
-60705
-60704
-60700
-60696
-60695
-60679
-60673
-60669
-60656
-60655
-60639
-60635
-60615
-60600
-60599
-60597
-60585
-60584
-60583
-60575
-60569
-60559
-60550
-60540
-60529
-60525
-60516
-60515
-60507
-60505
-60495
-60490
-60485
-60480
-60479
-60475
-60470
-60465
-60462
-60455
-60445
-60444
-60435
-60425
-60424
-60420
-60410
-60400
-60399
-60390
-60375
-60374
-60370
-60368
-60354
-60350
-60345
-60330
-60319
-60300
-60298
-60296
-60294
-60291
-60286
-60273
-60270
-60269
-60265
-60263
-60242
-60240
-60228
-60216
-60214
-60210
-60200
-60199
-60192
-60175
-60165
-60159
-60156
-60155
-60105
-60102
-60060
-60048
-60047
-60000
-59999
-59983
-59942
-59941
-59940
-59928
-59904
-59903
-59892
-59878
-59875
-59860
-59859
-59855
-59850
-59829
-59796
-59794
-59778
-59760
-59752
-59750
-59749
-59740
-59739
-59735
-59725
-59712
-59696
-59695
-59689
-59677
-59670
-59652
-59640
-59631
-59619
-59616
-59613
-59605
-59596
-59592
-59586
-59585
-59575
-59566
-59562
-59559
-59556
-59553
-59550
-59548
-59547
-59546
-59545
-59544
-59543
-59541
-59540
-59538
-59537
-59536
-59535
-59532
-59527
-59525
-59520
-59515
-59508
-59500
-59490
-59489
-59479
-59477
-59472
-59467
-59465
-59450
-59449
-59429
-59425
-59419
-59409
-59400
-59399
-59379
-59375
-59373
-59347
-59333
-59332
-59331
-59323
-59322
-59300
-59299
-59295
-59273
-59250
-59225
-59224
-59200
-59199
-59184
-59175
-59174
-59150
-59130
-59125
-59100
-59075
-59071
-59049
-59046
-59045
-59040
-59039
-59035
-59030
-59029
-59025
-59020
-59000
-58999
-58982
-58975
-58968
-58958
-58957
-58950
-58921
-58911
-58878
-58875
-58870
-58860
-58842
-58825
-58823
-58814
-58806
-58800
-58797
-58793
-58788
-58786
-58783
-58776
-58775
-58752
-58751
-58717
-58716
-58698
-58695
-58681
-58646
-58630
-58625
-58615
-58608
-58607
-58604
-58599
-58590
-58548
-58547
-58535
-58531
-58519
-58514
-58500
-58482
-58479
-58464
-58463
-58450
-58447
-58446
-58443
-58425
-58407
-58383
-58380
-58378
-58377
-58372
-58367
-58362
-58361
-58352
-58351
-58344
-58338
-58330
-58327
-58325
-58324
-58320
-58319
-58315
-58310
-58302
-58301
-58287
-58265
-58248
-58240
-58239
-58230
-58229
-58225
-58220
-58219
-58218
-58215
-58214
-58212
-58210
-58209
-58205
-58201
-58200
-58176
-58150
-58140
-58130
-58125
-58104
-58100
-58080
-58079
-58077
-58075
-58050
-58049
-58039
-58025
-58024
-58009
-58008
-58005
-58000
-57999
-57987
-57983
-57975
-57974
-57973
-57966
-57965
-57960
-57959
-57955
-57953
-57952
-57950
-57946
-57942
-57939
-57938
-57936
-57932
-57931
-57930
-57926
-57925
-57921
-57920
-57915
-57910
-57904
-57903
-57902
-57900
-57897
-57896
-57895
-57894
-57893
-57890
-57889
-57885
-57884
-57883
-57882
-57876
-57875
-57873
-57870
-57865
-57851
-57849
-57845
-57841
-57840
-57834
-57827
-57826
-57825
-57820
-57816
-57813
-57798
-57780
-57776
-57769
-57766
-57765
-57764
-57760
-57758
-57753
-57752
-57751
-57750
-57748
-57745
-57744
-57735
-57731
-57729
-57727
-57726
-57725
-57721
-57720
-57719
-57715
-57713
-57712
-57710
-57708
-57705
-57704
-57703
-57702
-57700
-57697
-57695
-57694
-57693
-57690
-57689
-57687
-57685
-57683
-57682
-57681
-57680
-57679
-57675
-57673
-57672
-57671
-57670
-57666
-57665
-57663
-57662
-57659
-57658
-57657
-57655
-57654
-57650
-57649
-57648
-57645
-57644
-57638
-57636
-57632
-57627
-57622
-57620
-57619
-57618
-57615
-57610
-57609
-57605
-57604
-57600
-57599
-57595
-57594
-57593
-57591
-57590
-57589
-57587
-57583
-57582
-57577
-57564
-57545
-57540
-57537
-57525
-57520
-57515
-57511
-57510
-57505
-57500
-57499
-57486
-57470
-57465
-57460
-57456
-57450
-57447
-57420
-57409
-57405
-57400
-57399
-57395
-57390
-57389
-57385
-57384
-57380
-57375
-57366
-57365
-57360
-57357
-57348
-57344
-57343
-57336
-57330
-57325
-57315
-57310
-57305
-57303
-57300
-57295
-57294
-57290
-57288
-57285
-57281
-57278
-57276
-57275
-57271
-57267
-57258
-57249
-57240
-57235
-57231
-57225
-57224
-57221
-57215
-57204
-57202
-57200
-57187
-57186
-57154
-57153
-57150
-57132
-57129
-57125
-57079
-57078
-57075
-57073
-57070
-57066
-57063
-57062
-57060
-57058
-57055
-57051
-57050
-57048
-57047
-57045
-57042
-57041
-57038
-57024
-57023
-57015
-57013
-57000
-56999
-56994
-56984
-56983
-56980
-56975
-56970
-56969
-56966
-56965
-56960
-56959
-56955
-56950
-56949
-56945
-56940
-56938
-56928
-56925
-56907
-56890
-56880
-56875
-56874
-56870
-56865
-56862
-56860
-56856
-56850
-56845
-56844
-56837
-56835
-56832
-56831
-56827
-56826
-56825
-56824
-56808
-56807
-56800
-56799
-56790
-56784
-56781
-56777
-56775
-56774
-56772
-56767
-56760
-56759
-56755
-56750
-56749
-56740
-56736
-56727
-56725
-56710
-56700
-56690
-56688
-56675
-56672
-56671
-56664
-56643
-56629
-56628
-56627
-56625
-56610
-56609
-56605
-56602
-56597
-56589
-56582
-56581
-56579
-56577
-56576
-56575
-56572
-56570
-56565
-56562
-56561
-56560
-56552
-56550
-56549
-56545
-56538
-56530
-56529
-56525
-56502
-56500
-56499
-56498
-56497
-56480
-56475
-56469
-56465
-56462
-56449
-56448
-56445
-56440
-56439
-56437
-56433
-56430
-56425
-56422
-56421
-56420
-56418
-56415
-56412
-56411
-56405
-56401
-56400
-56398
-56392
-56390
-56389
-56385
-56383
-56375
-56357
-56352
-56350
-56340
-56330
-56322
-56320
-56310
-56286
-56257
-56252
-56251
-56250
-56249
-56242
-56241
-56238
-56237
-56235
-56232
-56227
-56225
-56224
-56211
-56203
-56200
-56199
-56196
-56189
-56178
-56175
-56170
-56169
-56168
-56166
-56165
-56160
-56159
-56158
-56155
-56144
-56140
-56134
-56133
-56125
-56124
-56123
-56115
-56106
-56100
-56098
-56097
-56093
-56092
-56091
-56088
-56087
-56083
-56082
-56081
-56079
-56077
-56075
-56071
-56070
-56069
-56065
-56063
-56062
-56061
-56060
-56059
-56057
-56056
-56055
-56052
-56051
-56049
-56047
-56045
-56043
-56042
-56028
-56027
-56025
-56024
-56021
-56015
-56014
-56011
-56009
-56007
-56005
-56000
-55999
-55998
-55994
-55993
-55990
-55989
-55984
-55983
-55982
-55980
-55975
-55974
-55965
-55964
-55951
-55950
-55926
-55918
-55917
-55902
-55900
-55890
-55878
-55875
-55872
-55827
-55822
-55818
-55811
-55809
-55800
-55799
-55792
-55789
-55776
-55775
-55774
-55773
-55767
-55764
-55760
-55759
-55757
-55749
-55742
-55741
-55732
-55727
-55722
-55704
-55692
-55690
-55687
-55685
-55680
-55679
-55678
-55677
-55663
-55655
-55625
-55624
-55620
-55602
-55600
-55599
-55549
-55535
-55530
-55528
-55525
-55513
-55510
-55500
-55485
-55475
-55473
-55470
-55465
-55458
-55450
-55449
-55440
-55432
-55413
-55408
-55404
-55403
-55395
-55379
-55377
-55375
-55360
-55357
-55353
-55350
-55349
-55347
-55345
-55342
-55341
-55340
-55337
-55335
-55333
-55332
-55328
-55327
-55325
-55324
-55323
-55314
-55302
-55301
-55300
-55299
-55297
-55296
-55295
-55294
-55292
-55291
-55290
-55289
-55284
-55279
-55278
-55275
-55274
-55271
-55270
-55269
-55268
-55261
-55260
-55259
-55255
-55251
-55250
-55249
-55241
-55224
-55213
-55209
-55205
-55203
-55200
-55199
-55195
-55189
-55185
-55183
-55176
-55175
-55167
-55165
-55161
-55152
-55151
-55150
-55149
-55146
-55143
-55125
-55124
-55119
-55115
-55108
-55107
-55103
-55100
-55099
-55098
-55097
-55093
-55088
-55083
-55080
-55075
-55074
-55063
-55062
-55050
-55044
-55043
-55040
-55037
-55027
-55023
-55017
-55013
-55012
-55008
-55003
-55002
-55001
-55000
-54999
-54992
-54991
-54990
-54977
-54972
-54954
-54951
-54950
-54949
-54945
-54940
-54935
-54930
-54929
-54925
-54912
-54900
-54883
-54875
-54873
-54864
-54863
-54849
-54845
-54843
-54840
-54837
-54830
-54828
-54823
-54819
-54817
-54816
-54813
-54810
-54807
-54802
-54801
-54795
-54792
-54790
-54782
-54775
-54770
-54769
-54765
-54750
-54749
-54745
-54738
-54725
-54720
-54719
-54715
-54705
-54702
-54697
-54693
-54684
-54675
-54666
-54660
-54657
-54654
-54653
-54650
-54648
-54647
-54645
-54643
-54637
-54630
-54627
-54625
-54624
-54622
-54619
-54617
-54615
-54614
-54609
-54607
-54605
-54602
-54600
-54599
-54593
-54587
-54586
-54582
-54581
-54576
-54575
-54571
-54567
-54560
-54558
-54552
-54543
-54540
-54538
-54537
-54536
-54533
-54529
-54528
-54527
-54525
-54523
-54521
-54516
-54513
-54511
-54504
-54499
-54494
-54493
-54490
-54486
-54474
-54472
-54470
-54467
-54450
-54449
-54437
-54432
-54427
-54425
-54424
-54418
-54400
-54399
-54397
-54395
-54389
-54388
-54379
-54378
-54375
-54374
-54370
-54365
-54360
-54350
-54325
-54320
-54315
-54314
-54310
-54287
-54274
-54273
-54264
-54250
-54239
-54236
-54235
-54209
-54208
-54201
-54199
-54196
-54195
-54185
-54180
-54179
-54175
-54174
-54173
-54162
-54150
-54145
-54129
-54125
-54120
-54119
-54115
-54110
-54109
-54105
-54103
-54096
-54090
-54089
-54060
-54057
-54054
-54053
-54051
-54050
-54047
-54039
-54038
-54037
-54035
-54027
-54025
-54024
-54000
-53999
-53995
-53990
-53985
-53977
-53975
-53974
-53967
-53965
-53960
-53959
-53956
-53955
-53950
-53949
-53925
-53905
-53900
-53880
-53875
-53874
-53873
-53867
-53865
-53859
-53858
-53857
-53855
-53848
-53847
-53844
-53839
-53838
-53837
-53835
-53827
-53820
-53813
-53812
-53811
-53809
-53802
-53799
-53795
-53793
-53784
-53783
-53780
-53779
-53775
-53767
-53764
-53761
-53760
-53759
-53757
-53755
-53754
-53753
-53752
-53751
-53750
-53749
-53748
-53747
-53744
-53743
-53742
-53730
-53729
-53725
-53724
-53723
-53720
-53719
-53715
-53710
-53709
-53706
-53703
-53702
-53700
-53697
-53695
-53693
-53690
-53687
-53685
-53683
-53680
-53679
-53676
-53675
-53670
-53665
-53640
-53639
-53634
-53633
-53630
-53625
-53624
-53620
-53619
-53618
-53615
-53614
-53610
-53609
-53608
-53607
-53605
-53599
-53598
-53595
-53592
-53589
-53585
-53575
-53572
-53571
-53568
-53567
-53564
-53562
-53560
-53559
-53556
-53555
-53554
-53552
-53551
-53550
-53549
-53547
-53546
-53545
-53543
-53542
-53540
-53535
-53528
-53527
-53526
-53525
-53522
-53520
-53519
-53515
-53514
-53513
-53511
-53510
-53509
-53508
-53505
-53504
-53503
-53502
-53501
-53500
-53499
-53498
-53496
-53495
-53494
-53493
-53492
-53491
-53490
-53487
-53486
-53485
-53483
-53482
-53481
-53480
-53479
-53477
-53476
-53475
-53473
-53472
-53471
-53470
-53469
-53467
-53466
-53465
-53464
-53460
-53459
-53455
-53452
-53451
-53445
-53444
-53443
-53439
-53438
-53435
-53431
-53430
-53424
-53420
-53417
-53416
-53410
-53409
-53406
-53405
-53404
-53403
-53400
-53399
-53395
-53389
-53381
-53375
-53374
-53369
-53368
-53361
-53352
-53350
-53347
-53340
-53337
-53335
-53326
-53325
-53321
-53317
-53315
-53311
-53305
-53304
-53303
-53300
-53299
-53298
-53295
-53294
-53293
-53290
-53289
-53280
-53279
-53275
-53270
-53262
-53259
-53250
-53249
-53248
-53235
-53226
-53220
-53217
-53215
-53214
-53203
-53200
-53191
-53165
-53160
-53159
-53156
-53153
-53146
-53145
-53143
-53142
-53139
-53138
-53136
-53135
-53132
-53130
-53128
-53125
-53124
-53120
-53114
-53112
-53111
-53110
-53109
-53105
-53102
-53100
-53098
-53092
-53088
-53087
-53085
-53079
-53070
-53060
-53055
-53053
-53052
-53040
-53039
-53037
-53016
-52999
-52998
-52997
-52992
-52991
-52989
-52987
-52983
-52976
-52971
-52966
-52955
-52953
-52952
-52951
-52944
-52942
-52938
-52937
-52936
-52935
-52934
-52933
-52932
-52931
-52930
-52929
-52925
-52924
-52923
-52922
-52921
-52920
-52919
-52918
-52917
-52916
-52915
-52913
-52912
-52911
-52910
-52909
-52906
-52903
-52902
-52901
-52900
-52897
-52896
-52895
-52893
-52890
-52889
-52888
-52887
-52883
-52881
-52880
-52879
-52875
-52874
-52873
-52872
-52871
-52870
-52869
-52868
-52867
-52866
-52865
-52862
-52861
-52860
-52859
-52858
-52857
-52856
-52855
-52854
-52853
-52849
-52847
-52840
-52839
-52838
-52825
-52808
-52807
-52804
-52802
-52800
-52799
-52793
-52790
-52789
-52783
-52780
-52775
-52770
-52767
-52750
-52743
-52739
-52731
-52726
-52725
-52722
-52708
-52698
-52680
-52675
-52668
-52663
-52655
-52650
-52647
-52645
-52640
-52639
-52637
-52635
-52632
-52630
-52629
-52627
-52625
-52619
-52615
-52614
-52612
-52598
-52597
-52567
-52562
-52561
-52557
-52543
-52542
-52539
-52521
-52513
-52503
-52500
-52499
-52498
-52495
-52491
-52488
-52487
-52485
-52481
-52480
-52479
-52478
-52475
-52472
-52465
-52463
-52461
-52455
-52451
-52407
-52399
-52398
-52397
-52395
-52393
-52390
-52380
-52375
-52373
-52367
-52359
-52357
-52355
-52331
-52327
-52326
-52321
-52315
-52292
-52290
-52287
-52282
-52275
-52272
-52271
-52260
-52259
-52255
-52250
-52248
-52247
-52245
-52240
-52234
-52233
-52224
-52223
-52213
-52207
-52200
-52185
-52170
-52164
-52157
-52156
-52147
-52146
-52143
-52125
-52110
-52107
-52105
-52103
-52100
-52097
-52096
-52095
-52094
-52093
-52090
-52080
-52079
-52075
-52069
-52065
-52063
-52052
-52048
-52045
-52043
-52041
-52038
-52035
-52033
-52031
-52028
-52017
-52015
-52013
-52012
-52002
-52000
-51999
-51998
-51997
-51995
-51994
-51991
-51990
-51985
-51984
-51983
-51981
-51980
-51978
-51977
-51975
-51963
-51962
-51953
-51948
-51945
-51944
-51943
-51930
-51928
-51921
-51919
-51917
-51915
-51913
-51912
-51910
-51907
-51906
-51905
-51903
-51900
-51896
-51885
-51880
-51875
-51870
-51865
-51864
-51860
-51858
-51855
-51849
-51845
-51840
-51839
-51835
-51830
-51829
-51828
-51825
-51824
-51823
-51820
-51819
-51818
-51810
-51807
-51800
-51792
-51790
-51786
-51783
-51760
-51759
-51755
-51750
-51743
-51742
-51741
-51735
-51732
-51719
-51715
-51709
-51707
-51705
-51680
-51679
-51678
-51675
-51670
-51669
-51667
-51665
-51663
-51660
-51659
-51655
-51650
-51649
-51645
-51639
-51635
-51630
-51625
-51623
-51612
-51610
-51600
-51599
-51597
-51595
-51590
-51588
-51585
-51580
-51577
-51575
-51570
-51560
-51551
-51546
-51544
-51543
-51516
-51510
-51506
-51504
-51503
-51500
-51499
-51495
-51480
-51479
-51475
-51471
-51465
-51447
-51445
-51440
-51435
-51417
-51414
-51413
-51412
-51407
-51403
-51402
-51391
-51385
-51376
-51375
-51372
-51367
-51362
-51360
-51351
-51350
-51341
-51340
-51336
-51331
-51330
-51328
-51327
-51325
-51320
-51319
-51301
-51300
-51296
-51295
-51294
-51291
-51290
-51288
-51285
-51284
-51283
-51282
-51280
-51278
-51275
-51274
-51273
-51270
-51268
-51264
-51263
-51260
-51256
-51250
-51249
-51246
-51240
-51239
-51235
-51231
-51229
-51228
-51225
-51224
-51223
-51219
-51218
-51217
-51215
-51212
-51211
-51210
-51208
-51207
-51201
-51200
-51192
-51189
-51188
-51184
-51183
-51179
-51178
-51174
-51172
-51171
-51168
-51167
-51162
-51161
-51156
-51151
-51150
-51147
-51144
-51143
-51142
-51137
-51135
-51127
-51125
-51120
-51119
-51115
-51111
-51107
-51092
-51091
-51090
-51086
-51085
-51084
-51082
-51081
-51080
-51079
-51077
-51075
-51074
-51072
-51067
-51066
-51064
-51063
-51059
-51055
-51045
-51040
-51039
-51037
-51030
-51020
-51015
-51008
-51007
-51002
-51000
-50999
-50997
-50984
-50983
-50975
-50970
-50960
-50959
-50953
-50950
-50949
-50941
-50921
-50920
-50919
-50915
-50904
-50881
-50880
-50879
-50875
-50870
-50868
-50850
-50840
-50839
-50835
-50830
-50820
-50819
-50800
-50799
-50796
-50795
-50787
-50778
-50769
-50765
-50759
-50757
-50755
-50750
-50749
-50745
-50740
-50736
-50735
-50730
-50729
-50725
-50720
-50719
-50715
-50710
-50709
-50705
-50704
-50703
-50700
-50687
-50681
-50679
-50677
-50676
-50675
-50671
-50640
-50639
-50635
-50625
-50616
-50615
-50600
-50594
-50593
-50584
-50583
-50580
-50560
-50559
-50555
-50550
-50549
-50548
-50547
-50544
-50543
-50539
-50538
-50535
-50533
-50526
-50516
-50515
-50511
-50510
-50508
-50506
-50505
-50503
-50500
-50490
-50469
-50467
-50464
-50463
-50459
-50451
-50447
-50446
-50441
-50440
-50430
-50429
-50425
-50424
-50423
-50420
-50419
-50413
-50400
-50399
-50395
-50391
-50386
-50381
-50375
-50373
-50340
-50336
-50325
-50315
-50310
-50305
-50301
-50287
-50281
-50274
-50266
-50265
-50255
-50232
-50231
-50225
-50220
-50219
-50215
-50200
-50199
-50195
-50193
-50182
-50176
-50175
-50169
-50168
-50162
-50160
-50159
-50155
-50150
-50139
-50130
-50128
-50119
-50113
-50101
-50094
-50063
-50061
-50057
-50055
-50050
-50049
-50039
-50029
-50025
-50024
-50023
-50020
-50015
-50014
-50013
-50003
-50000
-49999
-49993
-49984
-49979
-49975
-49970
-49967
-49965
-49950
-49949
-49945
-49938
-49937
-49935
-49931
-49927
-49920
-49919
-49915
-49911
-49903
-49901
-49900
-49896
-49892
-49891
-49889
-49887
-49882
-49881
-49880
-49879
-49876
-49875
-49869
-49868
-49866
-49865
-49864
-49863
-49862
-49861
-49860
-49859
-49858
-49857
-49856
-49855
-49853
-49852
-49851
-49850
-49849
-49848
-49847
-49845
-49844
-49843
-49842
-49841
-49840
-49835
-49834
-49831
-49830
-49829
-49828
-49827
-49825
-49823
-49822
-49819
-49818
-49817
-49816
-49815
-49812
-49808
-49807
-49805
-49803
-49800
-49799
-49790
-49784
-49783
-49775
-49773
-49757
-49752
-49747
-49743
-49739
-49735
-49728
-49721
-49707
-49696
-49695
-49686
-49685
-49680
-49679
-49675
-49670
-49669
-49665
-49662
-49660
-49659
-49656
-49655
-49653
-49650
-49649
-49645
-49644
-49640
-49638
-49632
-49631
-49626
-49624
-49623
-49620
-49619
-49615
-49614
-49613
-49610
-49609
-49605
-49600
-49599
-49595
-49590
-49589
-49588
-49585
-49580
-49579
-49575
-49572
-49570
-49569
-49565
-49560
-49555
-49530
-49521
-49520
-49510
-49506
-49505
-49504
-49500
-49499
-49496
-49495
-49493
-49491
-49479
-49478
-49477
-49468
-49463
-49455
-49450
-49446
-49445
-49444
-49440
-49439
-49435
-49434
-49415
-49405
-49400
-49399
-49391
-49385
-49375
-49363
-49350
-49349
-49329
-49325
-49311
-49305
-49296
-49295
-49284
-49281
-49280
-49279
-49278
-49275
-49271
-49269
-49259
-49255
-49253
-49251
-49248
-49247
-49245
-49243
-49241
-49240
-49239
-49235
-49219
-49216
-49212
-49210
-49209
-49205
-49200
-49199
-49195
-49190
-49189
-49185
-49175
-49167
-49159
-49152
-49150
-49140
-49139
-49135
-49128
-49127
-49120
-49119
-49115
-49110
-49095
-49091
-49088
-49087
-49086
-49081
-49060
-49033
-49025
-49023
-49020
-49019
-49016
-49015
-49005
-49000
-48985
-48984
-48983
-48975
-48960
-48951
-48945
-48911
-48909
-48895
-48892
-48880
-48879
-48852
-48843
-48840
-48839
-48825
-48824
-48818
-48807
-48800
-48799
-48797
-48795
-48793
-48792
-48790
-48789
-48785
-48783
-48776
-48771
-48768
-48767
-48762
-48760
-48757
-48750
-48749
-48745
-48744
-48740
-48734
-48727
-48720
-48719
-48715
-48710
-48708
-48706
-48700
-48699
-48681
-48680
-48655
-48649
-48645
-48640
-48639
-48635
-48630
-48629
-48626
-48625
-48624
-48623
-48620
-48610
-48600
-48599
-48598
-48595
-48590
-48584
-48583
-48576
-48575
-48560
-48559
-48555
-48550
-48549
-48548
-48547
-48539
-48538
-48537
-48510
-48504
-48503
-48500
-48492
-48479
-48475
-48470
-48467
-48457
-48450
-48438
-48433
-48429
-48425
-48419
-48412
-48411
-48400
-48399
-48389
-48387
-48384
-48381
-48379
-48375
-48371
-48370
-48361
-48360
-48349
-48348
-48339
-48330
-48321
-48319
-48310
-48309
-48300
-48299
-48290
-48286
-48276
-48251
-48249
-48231
-48230
-48229
-48225
-48221
-48219
-48215
-48213
-48211
-48209
-48202
-48200
-48199
-48195
-48191
-48181
-48179
-48177
-48175
-48174
-48173
-48163
-48159
-48146
-48141
-48140
-48139
-48132
-48125
-48123
-48120
-48114
-48111
-48100
-48099
-48084
-48081
-48077
-48076
-48075
-48074
-48071
-48069
-48067
-48065
-48064
-48051
-48050
-48049
-48048
-48047
-48041
-48030
-48025
-48024
-48013
-48009
-48006
-48005
-48000
-47999
-47995
-47990
-47989
-47985
-47980
-47979
-47975
-47971
-47970
-47966
-47965
-47960
-47959
-47958
-47957
-47955
-47952
-47951
-47943
-47940
-47929
-47919
-47916
-47908
-47888
-47887
-47880
-47875
-47866
-47849
-47844
-47817
-47815
-47805
-47800
-47790
-47784
-47783
-47780
-47775
-47754
-47750
-47735
-47729
-47726
-47725
-47723
-47719
-47700
-47656
-47641
-47635
-47628
-47625
-47619
-47610
-47601
-47600
-47587
-47580
-47577
-47575
-47564
-47563
-47560
-47559
-47555
-47554
-47553
-47550
-47549
-47538
-47537
-47520
-47517
-47515
-47503
-47502
-47500
-47499
-47483
-47473
-47463
-47459
-47444
-47441
-47437
-47431
-47428
-47427
-47425
-47424
-47423
-47418
-47409
-47400
-47399
-47398
-47395
-47390
-47385
-47383
-47380
-47379
-47375
-47370
-47365
-47360
-47359
-47355
-47350
-47345
-47343
-47324
-47320
-47310
-47300
-47291
-47286
-47285
-47281
-47280
-47275
-47250
-47249
-47245
-47242
-47241
-47240
-47232
-47231
-47227
-47225
-47224
-47223
-47212
-47150
-47149
-47145
-47144
-47143
-47142
-47138
-47133
-47125
-47123
-47121
-47115
-47110
-47107
-47082
-47075
-47063
-47062
-47061
-47054
-47047
-47040
-47033
-47000
-46999
-46995
-46991
-46985
-46981
-46980
-46979
-46975
-46973
-46972
-46970
-46963
-46962
-46953
-46935
-46916
-46907
-46903
-46895
-46893
-46890
-46877
-46874
-46873
-46872
-46871
-46867
-46860
-46855
-46852
-46851
-46850
-46845
-46837
-46835
-46831
-46820
-46816
-46810
-46800
-46799
-46795
-46790
-46785
-46775
-46774
-46765
-46760
-46750
-46749
-46747
-46745
-46743
-46740
-46739
-46737
-46735
-46733
-46730
-46729
-46725
-46720
-46715
-46705
-46704
-46696
-46695
-46694
-46692
-46690
-46689
-46685
-46683
-46682
-46680
-46669
-46665
-46659
-46658
-46657
-46656
-46655
-46653
-46648
-46647
-46635
-46629
-46620
-46619
-46605
-46592
-46591
-46590
-46580
-46579
-46576
-46575
-46570
-46569
-46568
-46564
-46561
-46551
-46549
-46548
-46543
-46519
-46515
-46513
-46512
-46504
-46503
-46501
-46499
-46497
-46494
-46493
-46491
-46489
-46487
-46486
-46485
-46484
-46480
-46476
-46475
-46473
-46469
-46457
-46445
-46443
-46440
-46439
-46438
-46437
-46435
-46431
-46424
-46413
-46410
-46403
-46400
-46399
-46398
-46397
-46395
-46393
-46389
-46380
-46375
-46371
-46368
-46367
-46365
-46361
-46351
-46347
-46335
-46332
-46330
-46329
-46325
-46320
-46319
-46311
-46305
-46300
-46298
-46290
-46287
-46256
-46255
-46250
-46249
-46247
-46245
-46231
-46228
-46221
-46207
-46206
-46200
-46199
-46195
-46188
-46176
-46175
-46172
-46170
-46162
-46161
-46159
-46158
-46155
-46154
-46152
-46151
-46150
-46148
-46144
-46141
-46140
-46130
-46127
-46126
-46125
-46121
-46111
-46095
-46089
-46085
-46081
-46080
-46079
-46075
-46071
-46070
-46069
-46065
-46060
-46047
-46046
-46032
-46031
-46015
-46012
-46008
-46007
-46002
-46000
-45999
-45997
-45995
-45991
-45990
-45984
-45983
-45980
-45979
-45976
-45975
-45967
-45954
-45952
-45951
-45942
-45936
-45935
-45927
-45926
-45921
-45920
-45919
-45915
-45913
-45912
-45910
-45906
-45905
-45900
-45899
-45895
-45890
-45889
-45888
-45887
-45885
-45883
-45875
-45873
-45870
-45869
-45865
-45864
-45863
-45862
-45857
-45855
-45854
-45853
-45852
-45850
-45849
-45848
-45846
-45845
-45843
-45842
-45841
-45840
-45839
-45838
-45837
-45835
-45834
-45833
-45832
-45830
-45829
-45828
-45827
-45825
-45824
-45823
-45822
-45821
-45820
-45815
-45812
-45810
-45809
-45805
-45804
-45803
-45800
-45795
-45790
-45789
-45787
-45785
-45780
-45779
-45775
-45770
-45760
-45759
-45758
-45757
-45755
-45752
-45750
-45749
-45747
-45740
-45738
-45737
-45727
-45725
-45724
-45720
-45717
-45712
-45711
-45702
-45696
-45695
-45689
-45687
-45685
-45684
-45682
-45680
-45679
-45677
-45675
-45673
-45660
-45658
-45653
-45652
-45648
-45647
-45643
-45633
-45630
-45628
-45625
-45624
-45615
-45610
-45600
-45599
-45595
-45594
-45590
-45585
-45584
-45583
-45575
-45574
-45570
-45569
-45567
-45560
-45558
-45552
-45551
-45550
-45540
-45536
-45525
-45522
-45521
-45519
-45518
-45515
-45514
-45512
-45511
-45510
-45508
-45507
-45504
-45501
-45500
-45499
-45495
-45494
-45490
-45486
-45484
-45480
-45479
-45477
-45476
-45475
-45474
-45470
-45468
-45467
-45466
-45452
-45451
-45450
-45449
-45440
-45439
-45435
-45432
-45431
-45430
-45429
-45427
-45425
-45420
-45407
-45392
-45391
-45384
-45382
-45375
-45374
-45370
-45367
-45366
-45364
-45360
-45359
-45357
-45355
-45353
-45350
-45345
-45339
-45325
-45324
-45320
-45319
-45318
-45315
-45313
-45309
-45300
-45299
-45298
-45295
-45290
-45288
-45284
-45279
-45276
-45275
-45274
-45268
-45267
-45258
-45257
-45248
-45247
-45240
-45239
-45235
-45232
-45220
-45200
-45199
-45198
-45188
-45187
-45185
-45180
-45177
-45175
-45171
-45150
-45149
-45145
-45144
-45143
-45136
-45135
-45129
-45126
-45119
-45117
-45110
-45108
-45107
-45105
-45099
-45092
-45091
-45082
-45079
-45078
-45075
-45068
-45059
-45056
-45049
-45045
-45044
-45038
-45036
-45033
-45029
-45025
-45024
-45020
-45017
-45014
-45010
-45004
-45002
-45001
-45000
-44999
-44995
-44992
-44987
-44982
-44977
-44975
-44974
-44970
-44969
-44968
-44965
-44960
-44959
-44955
-44952
-44951
-44950
-44949
-44947
-44945
-44942
-44940
-44939
-44935
-44934
-44933
-44930
-44929
-44928
-44927
-44925
-44924
-44920
-44919
-44915
-44913
-44912
-44911
-44910
-44909
-44908
-44904
-44903
-44902
-44901
-44900
-44899
-44898
-44897
-44895
-44894
-44893
-44890
-44889
-44888
-44887
-44885
-44884
-44883
-44882
-44881
-44880
-44879
-44878
-44876
-44875
-44874
-44873
-44872
-44871
-44870
-44869
-44868
-44867
-44866
-44865
-44864
-44863
-44862
-44861
-44860
-44859
-44858
-44857
-44854
-44853
-44852
-44851
-44850
-44849
-44845
-44844
-44843
-44842
-44841
-44840
-44839
-44838
-44837
-44836
-44835
-44834
-44833
-44832
-44831
-44830
-44829
-44828
-44824
-44821
-44820
-44819
-44815
-44814
-44813
-44810
-44809
-44807
-44806
-44805
-44801
-44800
-44799
-44797
-44796
-44795
-44793
-44790
-44789
-44788
-44787
-44785
-44784
-44780
-44779
-44777
-44772
-44771
-44770
-44769
-44767
-44766
-44765
-44760
-44759
-44748
-44737
-44734
-44730
-44724
-44722
-44721
-44720
-44719
-44717
-44715
-44712
-44710
-44709
-44707
-44705
-44703
-44700
-44699
-44697
-44695
-44694
-44693
-44690
-44689
-44688
-44685
-44679
-44676
-44670
-44667
-44662
-44661
-44660
-44659
-44658
-44657
-44655
-44652
-44650
-44649
-44640
-44639
-44635
-44631
-44625
-44622
-44621
-44619
-44615
-44609
-44608
-44604
-44600
-44599
-44597
-44593
-44591
-44590
-44587
-44586
-44583
-44581
-44580
-44571
-44565
-44550
-44544
-44539
-44535
-44528
-44525
-44520
-44510
-44505
-44501
-44500
-44499
-44496
-44491
-44485
-44465
-44460
-44459
-44455
-44450
-44443
-44436
-44425
-44424
-44415
-44406
-44405
-44400
-44399
-44394
-44388
-44385
-44380
-44379
-44375
-44373
-44372
-44370
-44365
-44362
-44352
-44351
-44345
-44339
-44334
-44329
-44325
-44307
-44304
-44289
-44286
-44285
-44280
-44279
-44275
-44270
-44263
-44261
-44254
-44249
-44247
-44244
-44243
-44239
-44236
-44235
-44234
-44233
-44232
-44231
-44230
-44229
-44228
-44227
-44226
-44225
-44224
-44223
-44222
-44221
-44220
-44219
-44218
-44217
-44216
-44215
-44212
-44211
-44209
-44205
-44204
-44202
-44201
-44200
-44199
-44198
-44197
-44195
-44191
-44190
-44189
-44185
-44183
-44180
-44174
-44170
-44169
-44167
-44165
-44164
-44161
-44160
-44159
-44156
-44155
-44154
-44151
-44150
-44149
-44148
-44145
-44144
-44140
-44135
-44130
-44129
-44125
-44121
-44119
-44118
-44115
-44110
-44109
-44105
-44100
-44099
-44096
-44095
-44090
-44088
-44086
-44080
-44079
-44075
-44074
-44064
-44063
-44050
-44049
-44046
-44045
-44044
-44040
-44039
-44035
-44034
-44033
-44030
-44028
-44022
-44015
-44005
-44002
-44000
-43999
-43992
-43983
-43975
-43974
-43966
-43965
-43960
-43956
-43953
-43951
-43920
-43911
-43910
-43904
-43902
-43897
-43896
-43895
-43890
-43885
-43884
-43882
-43875
-43874
-43872
-43867
-43866
-43864
-43860
-43857
-43855
-43853
-43848
-43843
-43831
-43830
-43817
-43815
-43812
-43806
-43800
-43799
-43794
-43792
-43791
-43785
-43782
-43781
-43778
-43776
-43775
-43764
-43758
-43750
-43749
-43746
-43741
-43740
-43736
-43735
-43730
-43725
-43722
-43715
-43712
-43711
-43708
-43705
-43704
-43702
-43701
-43698
-43695
-43694
-43690
-43687
-43683
-43680
-43679
-43677
-43676
-43675
-43674
-43673
-43672
-43668
-43666
-43662
-43659
-43658
-43657
-43655
-43654
-43652
-43651
-43650
-43649
-43647
-43645
-43644
-43643
-43640
-43638
-43634
-43633
-43631
-43629
-43628
-43627
-43625
-43624
-43623
-43622
-43621
-43620
-43619
-43618
-43617
-43616
-43615
-43614
-43612
-43608
-43606
-43605
-43603
-43602
-43601
-43599
-43596
-43595
-43593
-43591
-43589
-43588
-43583
-43582
-43576
-43575
-43568
-43567
-43561
-43560
-43554
-43553
-43546
-43543
-43539
-43536
-43526
-43523
-43520
-43519
-43512
-43508
-43505
-43503
-43501
-43500
-43499
-43498
-43497
-43495
-43491
-43488
-43484
-43475
-43473
-43470
-43460
-43459
-43455
-43450
-43449
-43440
-43439
-43435
-43425
-43424
-43419
-43418
-43416
-43415
-43400
-43399
-43395
-43392
-43386
-43383
-43380
-43379
-43377
-43375
-43374
-43368
-43365
-43359
-43352
-43351
-43350
-43342
-43340
-43336
-43330
-43328
-43327
-43320
-43316
-43303
-43301
-43299
-43296
-43295
-43291
-43289
-43285
-43281
-43275
-43274
-43272
-43271
-43267
-43265
-43260
-43255
-43252
-43251
-43242
-43239
-43232
-43225
-43224
-43220
-43219
-43218
-43217
-43216
-43215
-43214
-43213
-43209
-43207
-43204
-43200
-43199
-43198
-43197
-43195
-43194
-43193
-43192
-43191
-43183
-43182
-43180
-43176
-43175
-43174
-43170
-43167
-43166
-43163
-43160
-43159
-43157
-43150
-43148
-43141
-43140
-43139
-43134
-43131
-43129
-43127
-43125
-43124
-43120
-43119
-43113
-43110
-43107
-43100
-43097
-43095
-43092
-43091
-43087
-43082
-43075
-43071
-43065
-43064
-43063
-43060
-43059
-43057
-43056
-43055
-43053
-43050
-43049
-43044
-43043
-43040
-43039
-43035
-43034
-43033
-43032
-43031
-43030
-43028
-43025
-43024
-43020
-43018
-43016
-43015
-43014
-43010
-43008
-43007
-43006
-43003
-43001
-43000
-42999
-42998
-42997
-42996
-42994
-42992
-42991
-42987
-42986
-42984
-42983
-42982
-42978
-42975
-42974
-42968
-42967
-42960
-42957
-42952
-42951
-42950
-42947
-42945
-42944
-42940
-42930
-42903
-42902
-42900
-42899
-42896
-42895
-42889
-42888
-42885
-42882
-42875
-42872
-42871
-42868
-42858
-42856
-42855
-42853
-42849
-42843
-42840
-42839
-42837
-42836
-42835
-42833
-42827
-42826
-42824
-42823
-42821
-42820
-42811
-42810
-42809
-42805
-42800
-42799
-42798
-42797
-42795
-42792
-42791
-42790
-42784
-42776
-42775
-42770
-42768
-42767
-42750
-42749
-42745
-42743
-42735
-42732
-42728
-42727
-42725
-42724
-42721
-42719
-42715
-42713
-42712
-42711
-42700
-42699
-42695
-42687
-42680
-42679
-42678
-42672
-42671
-42665
-42664
-42660
-42658
-42655
-42650
-42649
-42645
-42640
-42639
-42635
-42630
-42629
-42625
-42624
-42623
-42620
-42616
-42615
-42610
-42609
-42606
-42600
-42599
-42595
-42592
-42591
-42590
-42575
-42574
-42570
-42560
-42559
-42557
-42555
-42553
-42551
-42550
-42540
-42535
-42533
-42532
-42525
-42517
-42516
-42515
-42507
-42504
-42500
-42490
-42482
-42480
-42479
-42476
-42475
-42470
-42445
-42435
-42432
-42431
-42425
-42420
-42415
-42406
-42402
-42399
-42375
-42372
-42364
-42363
-42355
-42343
-42336
-42328
-42325
-42324
-42315
-42312
-42311
-42309
-42306
-42305
-42300
-42271
-42249
-42240
-42239
-42235
-42230
-42229
-42225
-42224
-42189
-42180
-42176
-42175
-42174
-42163
-42160
-42150
-42130
-42126
-42123
-42120
-42119
-42117
-42110
-42108
-42098
-42081
-42075
-42065
-42048
-42047
-42042
-42039
-42037
-42030
-42028
-42025
-42024
-42021
-42020
-42018
-42015
-42009
-42007
-42000
-41999
-41995
-41992
-41991
-41990
-41984
-41983
-41982
-41975
-41974
-41958
-41951
-41950
-41940
-41938
-41933
-41925
-41915
-41910
-41904
-41901
-41900
-41895
-41875
-41870
-41868
-41860
-41855
-41850
-41839
-41835
-41832
-41830
-41829
-41825
-41820
-41819
-41815
-41810
-41794
-41790
-41789
-41785
-41779
-41769
-41760
-41749
-41737
-41725
-41715
-41701
-41688
-41678
-41674
-41670
-41669
-41667
-41664
-41663
-41661
-41660
-41655
-41654
-41650
-41649
-41645
-41640
-41625
-41619
-41617
-41615
-41607
-41600
-41599
-41594
-41590
-41583
-41580
-41579
-41578
-41577
-41575
-41574
-41573
-41570
-41568
-41566
-41565
-41553
-41544
-41540
-41534
-41531
-41530
-41513
-41511
-41508
-41505
-41501
-41499
-41496
-41495
-41491
-41487
-41486
-41485
-41484
-41481
-41480
-41479
-41478
-41476
-41475
-41474
-41472
-41471
-41469
-41468
-41467
-41466
-41464
-41463
-41461
-41459
-41455
-41454
-41452
-41451
-41448
-41447
-41442
-41440
-41439
-41435
-41431
-41429
-41426
-41425
-41420
-41419
-41418
-41417
-41415
-41414
-41410
-41409
-41405
-41404
-41403
-41400
-41399
-41397
-41395
-41394
-41391
-41390
-41389
-41386
-41385
-41384
-41382
-41380
-41379
-41378
-41376
-41375
-41374
-41373
-41372
-41370
-41369
-41368
-41367
-41365
-41364
-41361
-41360
-41359
-41355
-41354
-41353
-41350
-41349
-41345
-41344
-41343
-41340
-41339
-41337
-41335
-41334
-41332
-41331
-41330
-41329
-41328
-41327
-41325
-41324
-41322
-41321
-41320
-41319
-41316
-41315
-41314
-41312
-41311
-41310
-41309
-41305
-41304
-41300
-41299
-41295
-41292
-41290
-41289
-41285
-41284
-41283
-41280
-41279
-41275
-41274
-41273
-41265
-41263
-41261
-41259
-41256
-41255
-41253
-41251
-41250
-41249
-41240
-41239
-41238
-41235
-41229
-41225
-41220
-41215
-41213
-41207
-41203
-41202
-41199
-41192
-41191
-41190
-41184
-41183
-41182
-41180
-41175
-41166
-41164
-41163
-41160
-41159
-41155
-41153
-41151
-41148
-41143
-41139
-41135
-41132
-41130
-41125
-41124
-41120
-41119
-41118
-41117
-41110
-41107
-41100
-41094
-41085
-41082
-41081
-41080
-41072
-41071
-41062
-41058
-41055
-41049
-41045
-41041
-41040
-41034
-41022
-41013
-41007
-41004
-41000
-40999
-40995
-40992
-40991
-40986
-40982
-40981
-40978
-40975
-40969
-40965
-40959
-40950
-40949
-40945
-40940
-40932
-40929
-40922
-40920
-40919
-40918
-40917
-40915
-40914
-40912
-40905
-40896
-40894
-40877
-40875
-40867
-40860
-40833
-40831
-40830
-40829
-40827
-40825
-40824
-40823
-40819
-40817
-40806
-40800
-40799
-40795
-40793
-40783
-40781
-40780
-40775
-40771
-40770
-40768
-40760
-40759
-40755
-40754
-40753
-40747
-40746
-40743
-40740
-40734
-40698
-40683
-40680
-40675
-40671
-40670
-40665
-40662
-40656
-40640
-40639
-40635
-40630
-40608
-40600
-40599
-40590
-40589
-40586
-40581
-40580
-40575
-40572
-40560
-40559
-40558
-40555
-40554
-40550
-40544
-40536
-40527
-40522
-40517
-40514
-40507
-40504
-40500
-40499
-40496
-40494
-40490
-40489
-40488
-40486
-40479
-40475
-40474
-40473
-40470
-40469
-40464
-40460
-40455
-40453
-40446
-40438
-40432
-40428
-40425
-40424
-40421
-40419
-40416
-40414
-40410
-40408
-40406
-40404
-40402
-40396
-40393
-40392
-40391
-40390
-40388
-40386
-40383
-40382
-40380
-40378
-40376
-40375
-40374
-40373
-40372
-40370
-40368
-40365
-40364
-40362
-40360
-40358
-40356
-40355
-40352
-40344
-40342
-40340
-40338
-40334
-40330
-40329
-40327
-40326
-40320
-40319
-40315
-40313
-40310
-40305
-40302
-40293
-40292
-40284
-40279
-40275
-40264
-40262
-40260
-40257
-40256
-40255
-40252
-40250
-40249
-40245
-40244
-40240
-40239
-40234
-40230
-40227
-40225
-40222
-40220
-40212
-40209
-40208
-40205
-40200
-40194
-40188
-40186
-40185
-40184
-40183
-40180
-40179
-40176
-40175
-40174
-40173
-40172
-40166
-40158
-40155
-40150
-40145
-40143
-40140
-40135
-40130
-40125
-40117
-40112
-40111
-40110
-40104
-40103
-40095
-40089
-40080
-40079
-40075
-40062
-40060
-40050
-40049
-40040
-40035
-40032
-40025
-40020
-40014
-40010
-40007
-40000
-39999
-39992
-39991
-39990
-39988
-39985
-39984
-39983
-39982
-39978
-39977
-39975
-39967
-39965
-39960
-39959
-39955
-39950
-39942
-39941
-39936
-39935
-39934
-39933
-39931
-39924
-39920
-39919
-39915
-39914
-39910
-39900
-39878
-39875
-39872
-39871
-39870
-39865
-39864
-39858
-39851
-39840
-39834
-39825
-39816
-39780
-39775
-39774
-39770
-39769
-39765
-39764
-39753
-39750
-39749
-39744
-39743
-39739
-39735
-39732
-39727
-39720
-39719
-39710
-39709
-39705
-39704
-39703
-39702
-39701
-39700
-39699
-39698
-39697
-39696
-39695
-39693
-39692
-39691
-39690
-39689
-39688
-39687
-39685
-39683
-39681
-39680
-39679
-39676
-39675
-39672
-39671
-39669
-39668
-39663
-39658
-39656
-39655
-39654
-39653
-39651
-39648
-39645
-39643
-39641
-39636
-39632
-39623
-39616
-39614
-39609
-39606
-39605
-39600
-39599
-39589
-39585
-39583
-39557
-39550
-39547
-39537
-39533
-39523
-39520
-39519
-39510
-39501
-39500
-39499
-39494
-39483
-39480
-39479
-39474
-39472
-39471
-39447
-39445
-39444
-39439
-39435
-39434
-39431
-39424
-39423
-39420
-39417
-39412
-39408
-39407
-39402
-39401
-39400
-39399
-39391
-39375
-39372
-39366
-39365
-39363
-39360
-39359
-39357
-39355
-39345
-39340
-39330
-39319
-39315
-39312
-39309
-39300
-39294
-39260
-39259
-39254
-39253
-39249
-39248
-39247
-39242
-39237
-39204
-39201
-39200
-39199
-39198
-39195
-39191
-39190
-39189
-39183
-39159
-39155
-39149
-39144
-39139
-39135
-39134
-39130
-39125
-39123
-39113
-39072
-39071
-39063
-39060
-39039
-39035
-39031
-39025
-39024
-39015
-39007
-39006
-39000
-38999
-38992
-38991
-38982
-38967
-38964
-38961
-38960
-38959
-38949
-38948
-38945
-38940
-38927
-38925
-38919
-38916
-38915
-38913
-38911
-38904
-38896
-38895
-38893
-38887
-38880
-38879
-38878
-38875
-38872
-38871
-38870
-38869
-38868
-38867
-38865
-38862
-38861
-38858
-38850
-38847
-38844
-38843
-38841
-38840
-38839
-38835
-38832
-38829
-38825
-38822
-38819
-38815
-38812
-38808
-38800
-38799
-38797
-38795
-38790
-38786
-38785
-38769
-38766
-38763
-38760
-38759
-38749
-38745
-38733
-38731
-38723
-38720
-38719
-38717
-38715
-38710
-38709
-38705
-38703
-38701
-38700
-38699
-38693
-38691
-38689
-38687
-38685
-38682
-38677
-38675
-38669
-38665
-38664
-38661
-38655
-38650
-38647
-38645
-38640
-38637
-38635
-38630
-38628
-38625
-38624
-38623
-38620
-38615
-38610
-38607
-38605
-38604
-38600
-38599
-38595
-38580
-38575
-38570
-38569
-38565
-38556
-38543
-38540
-38539
-38535
-38530
-38520
-38518
-38508
-38502
-38501
-38500
-38493
-38483
-38479
-38477
-38476
-38475
-38470
-38469
-38467
-38466
-38462
-38460
-38459
-38458
-38457
-38455
-38452
-38450
-38449
-38442
-38441
-38435
-38434
-38429
-38425
-38424
-38418
-38417
-38415
-38412
-38402
-38400
-38399
-38396
-38395
-38394
-38392
-38391
-38386
-38385
-38384
-38383
-38376
-38375
-38374
-38364
-38363
-38350
-38349
-38346
-38345
-38340
-38330
-38329
-38325
-38322
-38320
-38319
-38315
-38313
-38299
-38296
-38295
-38294
-38293
-38290
-38286
-38285
-38279
-38276
-38275
-38274
-38271
-38270
-38268
-38265
-38264
-38260
-38259
-38258
-38257
-38255
-38250
-38249
-38246
-38245
-38244
-38242
-38241
-38240
-38239
-38235
-38232
-38230
-38229
-38224
-38223
-38220
-38217
-38216
-38215
-38214
-38212
-38211
-38210
-38209
-38208
-38207
-38205
-38204
-38202
-38200
-38199
-38198
-38197
-38196
-38195
-38194
-38192
-38191
-38190
-38189
-38188
-38187
-38185
-38184
-38182
-38180
-38179
-38178
-38177
-38176
-38175
-38170
-38167
-38166
-38165
-38164
-38160
-38159
-38157
-38155
-38150
-38149
-38148
-38145
-38144
-38142
-38141
-38140
-38139
-38135
-38134
-38133
-38132
-38130
-38129
-38125
-38115
-38114
-38113
-38112
-38110
-38105
-38099
-38095
-38081
-38080
-38079
-38070
-38063
-38059
-38052
-38050
-38049
-38047
-38046
-38045
-38041
-38040
-38039
-38038
-38036
-38035
-38033
-38030
-38025
-38024
-38016
-38015
-38014
-38013
-38009
-38007
-38005
-38001
-38000
-37999
-37996
-37995
-37994
-37993
-37991
-37990
-37989
-37985
-37984
-37983
-37982
-37980
-37975
-37974
-37968
-37966
-37965
-37964
-37961
-37950
-37949
-37947
-37940
-37927
-37926
-37925
-37919
-37918
-37917
-37915
-37909
-37908
-37899
-37898
-37895
-37891
-37888
-37887
-37884
-37883
-37880
-37879
-37878
-37877
-37875
-37873
-37872
-37862
-37860
-37848
-37839
-37835
-37829
-37827
-37825
-37824
-37823
-37818
-37813
-37810
-37809
-37805
-37804
-37801
-37800
-37799
-37795
-37793
-37791
-37790
-37789
-37785
-37784
-37782
-37780
-37775
-37774
-37765
-37764
-37757
-37750
-37746
-37742
-37741
-37732
-37729
-37725
-37724
-37720
-37719
-37715
-37714
-37710
-37709
-37705
-37700
-37695
-37688
-37681
-37680
-37679
-37675
-37674
-37665
-37651
-37646
-37641
-37637
-37635
-37632
-37631
-37625
-37620
-37615
-37611
-37603
-37599
-37597
-37595
-37587
-37584
-37583
-37575
-37560
-37557
-37556
-37555
-37544
-37541
-37535
-37534
-37530
-37527
-37525
-37519
-37515
-37511
-37505
-37503
-37501
-37500
-37499
-37497
-37494
-37487
-37485
-37478
-37473
-37471
-37468
-37467
-37466
-37458
-37451
-37450
-37444
-37443
-37440
-37439
-37435
-37427
-37425
-37422
-37421
-37417
-37416
-37415
-37410
-37407
-37404
-37401
-37398
-37396
-37395
-37392
-37391
-37386
-37385
-37384
-37381
-37380
-37378
-37375
-37374
-37368
-37367
-37361
-37350
-37341
-37334
-37325
-37324
-37320
-37319
-37316
-37315
-37314
-37312
-37311
-37310
-37309
-37306
-37305
-37304
-37303
-37302
-37300
-37299
-37296
-37289
-37285
-37284
-37280
-37279
-37278
-37275
-37274
-37270
-37265
-37260
-37255
-37252
-37250
-37249
-37248
-37245
-37242
-37240
-37238
-37235
-37233
-37232
-37227
-37224
-37222
-37220
-37219
-37215
-37214
-37210
-37209
-37206
-37204
-37200
-37199
-37196
-37195
-37190
-37189
-37188
-37186
-37185
-37184
-37180
-37179
-37178
-37175
-37171
-37170
-37165
-37161
-37160
-37150
-37146
-37145
-37140
-37134
-37133
-37128
-37125
-37124
-37123
-37119
-37116
-37110
-37107
-37104
-37100
-37098
-37085
-37080
-37079
-37078
-37075
-37071
-37070
-37063
-37062
-37056
-37053
-37051
-37050
-37049
-37044
-37037
-37026
-37023
-37022
-37017
-37012
-37007
-37005
-37000
-36999
-36992
-36991
-36990
-36986
-36982
-36981
-36976
-36975
-36972
-36960
-36959
-36955
-36954
-36946
-36945
-36941
-36936
-36935
-36931
-36904
-36903
-36900
-36899
-36895
-36894
-36893
-36891
-36890
-36888
-36882
-36880
-36875
-36865
-36864
-36863
-36862
-36860
-36858
-36857
-36856
-36855
-36852
-36850
-36848
-36847
-36846
-36845
-36842
-36841
-36830
-36828
-36827
-36824
-36823
-36822
-36820
-36817
-36814
-36813
-36812
-36810
-36807
-36805
-36800
-36799
-36797
-36795
-36792
-36789
-36779
-36778
-36775
-36774
-36769
-36768
-36767
-36764
-36761
-36760
-36759
-36756
-36752
-36751
-36750
-36749
-36746
-36745
-36744
-36743
-36742
-36741
-36740
-36739
-36738
-36737
-36736
-36735
-36733
-36732
-36731
-36730
-36729
-36728
-36727
-36726
-36725
-36724
-36723
-36720
-36719
-36718
-36715
-36711
-36710
-36709
-36708
-36705
-36703
-36702
-36699
-36698
-36697
-36696
-36695
-36693
-36689
-36688
-36687
-36686
-36684
-36683
-36682
-36681
-36680
-36679
-36678
-36677
-36676
-36675
-36674
-36673
-36672
-36671
-36670
-36669
-36668
-36667
-36666
-36665
-36664
-36663
-36662
-36661
-36660
-36658
-36657
-36656
-36655
-36654
-36653
-36651
-36650
-36648
-36647
-36646
-36643
-36641
-36639
-36635
-36631
-36630
-36628
-36627
-36625
-36624
-36623
-36612
-36610
-36608
-36607
-36603
-36600
-36591
-36582
-36579
-36578
-36576
-36575
-36571
-36566
-36560
-36559
-36555
-36552
-36550
-36549
-36547
-36545
-36544
-36540
-36539
-36536
-36535
-36531
-36529
-36526
-36524
-36519
-36515
-36507
-36504
-36495
-36494
-36490
-36489
-36487
-36486
-36485
-36484
-36480
-36479
-36475
-36474
-36473
-36472
-36471
-36470
-36464
-36463
-36462
-36455
-36453
-36450
-36445
-36440
-36439
-36437
-36435
-36432
-36431
-36429
-36427
-36423
-36420
-36415
-36414
-36413
-36410
-36409
-36407
-36405
-36403
-36400
-36399
-36395
-36394
-36393
-36390
-36389
-36388
-36387
-36385
-36384
-36383
-36379
-36378
-36376
-36374
-36372
-36369
-36366
-36364
-36362
-36360
-36359
-36352
-36351
-36348
-36344
-36343
-36342
-36337
-36335
-36330
-36326
-36325
-36324
-36323
-36320
-36319
-36315
-36314
-36313
-36312
-36311
-36305
-36303
-36299
-36298
-36297
-36296
-36295
-36294
-36293
-36292
-36291
-36290
-36288
-36287
-36286
-36285
-36284
-36283
-36282
-36281
-36280
-36279
-36278
-36277
-36274
-36273
-36272
-36271
-36270
-36267
-36264
-36263
-36262
-36261
-36260
-36257
-36253
-36252
-36251
-36250
-36247
-36244
-36243
-36240
-36239
-36235
-36234
-36232
-36231
-36230
-36228
-36225
-36224
-36218
-36217
-36216
-36215
-36214
-36212
-36210
-36207
-36204
-36202
-36200
-36197
-36194
-36192
-36190
-36186
-36182
-36176
-36175
-36171
-36169
-36168
-36166
-36164
-36163
-36162
-36161
-36160
-36158
-36156
-36155
-36154
-36151
-36139
-36138
-36136
-36131
-36129
-36128
-36127
-36126
-36125
-36124
-36123
-36121
-36120
-36119
-36115
-36113
-36111
-36109
-36108
-36106
-36105
-36104
-36102
-36099
-36096
-36094
-36092
-36090
-36089
-36085
-36084
-36080
-36079
-36075
-36074
-36072
-36070
-36065
-36063
-36062
-36054
-36050
-36048
-36047
-36045
-36040
-36038
-36036
-36032
-36031
-36028
-36025
-36022
-36018
-36009
-36007
-36005
-36002
-36000
-35999
-35997
-35996
-35995
-35992
-35991
-35990
-35989
-35987
-35986
-35985
-35983
-35980
-35975
-35967
-35964
-35960
-35959
-35956
-35955
-35952
-35951
-35946
-35940
-35939
-35937
-35936
-35935
-35932
-35929
-35926
-35925
-35922
-35921
-35920
-35919
-35918
-35915
-35914
-35910
-35909
-35908
-35905
-35904
-35903
-35901
-35900
-35899
-35896
-35895
-35891
-35890
-35889
-35888
-35887
-35886
-35885
-35883
-35882
-35879
-35878
-35877
-35876
-35875
-35874
-35873
-35872
-35870
-35869
-35868
-35865
-35861
-35859
-35858
-35856
-35855
-35854
-35851
-35850
-35849
-35845
-35844
-35840
-35839
-35835
-35834
-35833
-35832
-35831
-35830
-35829
-35825
-35824
-35823
-35820
-35818
-35816
-35815
-35813
-35809
-35808
-35807
-35805
-35804
-35802
-35800
-35799
-35795
-35794
-35789
-35785
-35784
-35783
-35781
-35779
-35776
-35775
-35773
-35772
-35771
-35769
-35766
-35765
-35763
-35762
-35760
-35759
-35757
-35756
-35755
-35751
-35750
-35749
-35746
-35745
-35744
-35743
-35731
-35730
-35728
-35727
-35726
-35725
-35724
-35721
-35719
-35718
-35716
-35715
-35714
-35712
-35711
-35700
-35696
-35690
-35689
-35688
-35685
-35680
-35679
-35676
-35675
-35672
-35670
-35669
-35667
-35665
-35664
-35660
-35650
-35640
-35639
-35635
-35622
-35615
-35611
-35609
-35604
-35600
-35599
-35596
-35595
-35592
-35590
-35588
-35587
-35586
-35582
-35581
-35580
-35574
-35568
-35567
-35564
-35563
-35561
-35560
-35559
-35554
-35550
-35535
-35532
-35531
-35530
-35529
-35526
-35525
-35521
-35520
-35519
-35518
-35515
-35514
-35510
-35506
-35505
-35500
-35499
-35490
-35488
-35487
-35478
-35475
-35463
-35460
-35445
-35441
-35439
-35436
-35435
-35430
-35428
-35427
-35426
-35424
-35423
-35420
-35419
-35418
-35417
-35411
-35409
-35406
-35400
-35399
-35397
-35392
-35391
-35388
-35385
-35383
-35375
-35370
-35367
-35359
-35358
-35355
-35352
-35351
-35347
-35343
-35341
-35340
-35337
-35334
-35332
-35328
-35327
-35324
-35322
-35321
-35320
-35319
-35317
-35316
-35312
-35311
-35308
-35307
-35302
-35301
-35300
-35298
-35297
-35295
-35289
-35288
-35287
-35285
-35280
-35279
-35275
-35269
-35265
-35264
-35263
-35260
-35259
-35255
-35250
-35249
-35245
-35243
-35240
-35235
-35225
-35224
-35220
-35207
-35200
-35199
-35195
-35192
-35190
-35178
-35177
-35175
-35174
-35159
-35154
-35150
-35149
-35126
-35125
-35121
-35120
-35119
-35115
-35112
-35111
-35110
-35105
-35100
-35088
-35075
-35074
-35073
-35068
-35063
-35055
-35054
-35046
-35040
-35039
-35035
-35028
-35025
-35020
-35019
-35018
-35015
-35014
-35013
-35010
-35008
-35007
-35003
-35001
-35000
-34999
-34995
-34992
-34991
-34989
-34984
-34983
-34982
-34980
-34979
-34975
-34965
-34959
-34958
-34956
-34955
-34953
-34948
-34944
-34943
-34938
-34937
-34935
-34932
-34931
-34930
-34929
-34928
-34927
-34925
-34920
-34918
-34917
-34914
-34911
-34902
-34896
-34895
-34884
-34880
-34879
-34875
-34874
-34869
-34866
-34865
-34860
-34859
-34857
-34855
-34854
-34850
-34849
-34848
-34845
-34844
-34840
-34839
-34837
-34835
-34830
-34825
-34824
-34822
-34821
-34812
-34800
-34799
-34795
-34790
-34789
-34785
-34781
-34780
-34776
-34775
-34771
-34769
-34768
-34767
-34762
-34761
-34760
-34756
-34755
-34754
-34750
-34749
-34748
-34741
-34740
-34739
-34738
-34736
-34734
-34733
-34732
-34731
-34729
-34728
-34727
-34722
-34720
-34719
-34715
-34713
-34712
-34711
-34706
-34705
-34704
-34701
-34699
-34698
-34697
-34692
-34687
-34685
-34675
-34671
-34670
-34669
-34664
-34660
-34657
-34655
-34650
-34649
-34641
-34639
-34636
-34635
-34634
-34633
-34626
-34625
-34624
-34623
-34620
-34616
-34615
-34614
-34613
-34611
-34610
-34609
-34605
-34604
-34603
-34602
-34601
-34600
-34599
-34595
-34594
-34593
-34592
-34591
-34590
-34589
-34587
-34585
-34583
-34582
-34580
-34579
-34577
-34575
-34573
-34572
-34571
-34567
-34565
-34560
-34559
-34555
-34552
-34551
-34545
-34544
-34543
-34542
-34538
-34530
-34529
-34528
-34527
-34524
-34520
-34519
-34515
-34511
-34510
-34509
-34507
-34506
-34505
-34502
-34500
-34499
-34497
-34492
-34491
-34489
-34488
-34486
-34485
-34482
-34480
-34479
-34475
-34471
-34470
-34469
-34465
-34461
-34460
-34455
-34452
-34450
-34449
-34447
-34446
-34445
-34444
-34443
-34440
-34439
-34435
-34434
-34433
-34432
-34431
-34430
-34429
-34425
-34422
-34420
-34415
-34410
-34409
-34407
-34405
-34400
-34399
-34398
-34395
-34391
-34390
-34389
-34385
-34384
-34383
-34380
-34377
-34375
-34370
-34365
-34364
-34363
-34362
-34360
-34359
-34355
-34353
-34350
-34345
-34344
-34340
-34335
-34330
-34325
-34320
-34319
-34317
-34315
-34308
-34306
-34305
-34300
-34299
-34295
-34293
-34290
-34286
-34285
-34280
-34279
-34275
-34272
-34271
-34265
-34263
-34260
-34255
-34250
-34245
-34235
-34230
-34227
-34225
-34221
-34216
-34215
-34200
-34199
-34195
-34194
-34193
-34190
-34188
-34185
-34182
-34180
-34179
-34177
-34176
-34175
-34170
-34164
-34162
-34160
-34159
-34155
-34153
-34149
-34145
-34142
-34140
-34137
-34135
-34128
-34127
-34125
-34124
-34122
-34119
-34118
-34115
-34112
-34111
-34110
-34109
-34108
-34105
-34104
-34103
-34102
-34097
-34095
-34089
-34087
-34080
-34079
-34075
-34070
-34065
-34064
-34063
-34062
-34060
-34055
-34054
-34050
-34048
-34047
-34041
-34040
-34039
-34035
-34034
-34032
-34031
-34030
-34029
-34027
-34025
-34024
-34020
-34019
-34015
-34013
-34010
-34007
-34002
-34000
-33999
-33995
-33992
-33991
-33990
-33985
-33984
-33982
-33980
-33975
-33974
-33972
-33971
-33970
-33969
-33966
-33965
-33957
-33955
-33953
-33950
-33948
-33947
-33943
-33940
-33939
-33935
-33930
-33929
-33927
-33925
-33923
-33915
-33906
-33900
-33888
-33880
-33875
-33870
-33866
-33865
-33864
-33860
-33859
-33858
-33855
-33852
-33840
-33839
-33835
-33832
-33830
-33825
-33822
-33820
-33819
-33817
-33816
-33815
-33807
-33799
-33792
-33791
-33789
-33788
-33784
-33783
-33780
-33779
-33778
-33777
-33776
-33775
-33774
-33757
-33755
-33750
-33749
-33742
-33741
-33732
-33728
-33725
-33707
-33706
-33701
-33698
-33697
-33696
-33685
-33679
-33675
-33671
-33670
-33667
-33665
-33663
-33660
-33657
-33653
-33650
-33645
-33644
-33635
-33631
-33630
-33627
-33625
-33624
-33623
-33620
-33619
-33617
-33615
-33614
-33613
-33610
-33606
-33605
-33603
-33600
-33599
-33597
-33595
-33593
-33592
-33591
-33590
-33586
-33585
-33584
-33583
-33579
-33575
-33566
-33561
-33551
-33550
-33540
-33538
-33537
-33535
-33534
-33532
-33525
-33520
-33519
-33515
-33500
-33499
-33487
-33480
-33475
-33472
-33471
-33462
-33460
-33458
-33456
-33455
-33453
-33450
-33448
-33444
-33440
-33439
-33436
-33435
-33431
-33429
-33425
-33424
-33420
-33415
-33403
-33400
-33399
-33396
-33390
-33388
-33387
-33384
-33383
-33378
-33377
-33376
-33375
-33374
-33373
-33370
-33367
-33366
-33360
-33351
-33350
-33345
-33329
-33328
-33327
-33325
-33320
-33319
-33315
-33310
-33309
-33305
-33300
-33292
-33291
-33290
-33285
-33283
-33282
-33280
-33279
-33275
-33270
-33268
-33264
-33263
-33259
-33258
-33257
-33255
-33254
-33250
-33247
-33240
-33239
-33235
-33234
-33228
-33227
-33225
-33224
-33219
-33215
-33212
-33211
-33210
-33209
-33208
-33207
-33205
-33202
-33200
-33199
-33195
-33192
-33191
-33187
-33182
-33180
-33179
-33176
-33175
-33174
-33170
-33167
-33165
-33164
-33163
-33160
-33159
-33155
-33154
-33152
-33151
-33150
-33149
-33145
-33140
-33139
-33135
-33130
-33129
-33128
-33127
-33126
-33125
-33124
-33123
-33122
-33120
-33119
-33118
-33117
-33116
-33115
-33114
-33113
-33112
-33111
-33110
-33109
-33108
-33107
-33106
-33105
-33104
-33103
-33102
-33101
-33100
-33099
-33098
-33097
-33096
-33095
-33094
-33093
-33092
-33091
-33090
-33089
-33088
-33087
-33086
-33085
-33084
-33083
-33079
-33078
-33077
-33076
-33075
-33074
-33071
-33068
-33067
-33066
-33065
-33063
-33060
-33059
-33056
-33055
-33048
-33045
-33043
-33040
-33039
-33035
-33023
-33019
-33015
-33009
-33007
-33005
-33000
-32999
-32995
-32992
-32991
-32984
-32983
-32982
-32979
-32978
-32976
-32975
-32967
-32966
-32965
-32963
-32960
-32959
-32957
-32955
-32951
-32947
-32944
-32943
-32940
-32936
-32935
-32932
-32931
-32928
-32925
-32923
-32922
-32912
-32911
-32901
-32900
-32899
-32898
-32895
-32891
-32890
-32886
-32882
-32881
-32880
-32879
-32877
-32875
-32874
-32872
-32871
-32868
-32863
-32859
-32855
-32850
-32849
-32845
-32844
-32841
-32840
-32839
-32838
-32837
-32835
-32832
-32831
-32830
-32829
-32827
-32825
-32820
-32819
-32815
-32814
-32810
-32809
-32805
-32804
-32802
-32800
-32799
-32796
-32795
-32794
-32792
-32791
-32790
-32789
-32787
-32785
-32784
-32780
-32778
-32776
-32775
-32769
-32763
-32760
-32759
-32755
-32753
-32752
-32751
-32750
-32749
-32739
-32736
-32735
-32732
-32729
-32725
-32724
-32723
-32722
-32719
-32718
-32717
-32715
-32713
-32712
-32711
-32710
-32704
-32702
-32700
-32694
-32691
-32690
-32687
-32684
-32679
-32674
-32672
-32671
-32670
-32664
-32662
-32661
-32648
-32647
-32643
-32642
-32640
-32639
-32637
-32635
-32634
-32633
-32632
-32629
-32627
-32625
-32621
-32619
-32615
-32611
-32608
-32605
-32599
-32595
-32591
-32590
-32585
-32580
-32578
-32575
-32572
-32571
-32568
-32567
-32565
-32562
-32560
-32554
-32553
-32550
-32549
-32536
-32533
-32525
-32524
-32523
-32520
-32518
-32517
-32510
-32508
-32507
-32504
-32500
-32499
-32495
-32491
-32481
-32480
-32479
-32477
-32475
-32474
-32472
-32471
-32467
-32465
-32460
-32453
-32450
-32447
-32443
-32434
-32431
-32430
-32427
-32422
-32419
-32415
-32410
-32409
-32407
-32405
-32400
-32399
-32396
-32395
-32392
-32391
-32390
-32389
-32385
-32382
-32379
-32376
-32375
-32368
-32367
-32365
-32364
-32360
-32350
-32340
-32339
-32335
-32328
-32327
-32325
-32324
-32319
-32315
-32311
-32308
-32307
-32305
-32300
-32299
-32295
-32292
-32288
-32287
-32285
-32279
-32275
-32274
-32271
-32269
-32265
-32263
-32262
-32260
-32259
-32256
-32255
-32252
-32250
-32249
-32248
-32242
-32240
-32239
-32238
-32235
-32234
-32230
-32225
-32220
-32219
-32215
-32214
-32213
-32208
-32207
-32203
-32202
-32200
-32199
-32195
-32193
-32187
-32186
-32184
-32183
-32177
-32176
-32175
-32174
-32171
-32170
-32169
-32165
-32160
-32158
-32155
-32154
-32150
-32148
-32144
-32143
-32140
-32138
-32137
-32134
-32133
-32132
-32131
-32130
-32129
-32125
-32124
-32123
-32122
-32121
-32120
-32113
-32112
-32111
-32110
-32109
-32106
-32105
-32104
-32102
-32101
-32100
-32099
-32097
-32096
-32095
-32094
-32093
-32092
-32090
-32089
-32088
-32087
-32085
-32084
-32083
-32082
-32081
-32080
-32079
-32078
-32077
-32076
-32075
-32074
-32072
-32071
-32070
-32069
-32068
-32067
-32066
-32065
-32064
-32062
-32061
-32060
-32059
-32058
-32057
-32056
-32055
-32054
-32053
-32051
-32050
-32049
-32047
-32046
-32045
-32044
-32043
-32042
-32041
-32040
-32039
-32038
-32037
-32036
-32035
-32034
-32033
-32032
-32031
-32030
-32029
-32028
-32027
-32026
-32025
-32024
-32023
-32022
-32019
-32018
-32017
-32015
-32014
-32013
-32012
-32011
-32010
-32009
-32008
-32007
-32006
-32005
-32004
-32000
-31999
-31997
-31995
-31994
-31990
-31989
-31988
-31987
-31985
-31984
-31983
-31982
-31981
-31980
-31979
-31976
-31975
-31974
-31973
-31972
-31971
-31970
-31969
-31968
-31965
-31964
-31963
-31962
-31960
-31950
-31949
-31948
-31947
-31945
-31944
-31943
-31942
-31941
-31940
-31939
-31935
-31934
-31932
-31927
-31925
-31924
-31923
-31920
-31919
-31917
-31916
-31915
-31914
-31913
-31907
-31900
-31899
-31898
-31897
-31896
-31895
-31890
-31885
-31884
-31880
-31879
-31878
-31875
-31872
-31871
-31870
-31864
-31860
-31859
-31857
-31855
-31850
-31849
-31845
-31844
-31843
-31842
-31840
-31835
-31824
-31823
-31817
-31815
-31808
-31807
-31801
-31800
-31799
-31795
-31784
-31783
-31780
-31775
-31773
-31766
-31759
-31753
-31752
-31751
-31750
-31745
-31744
-31743
-31740
-31738
-31737
-31734
-31733
-31732
-31729
-31728
-31724
-31719
-31717
-31716
-31710
-31709
-31707
-31706
-31705
-31704
-31703
-31701
-31700
-31699
-31697
-31695
-31694
-31693
-31692
-31691
-31690
-31689
-31686
-31685
-31684
-31682
-31681
-31680
-31679
-31676
-31675
-31674
-31672
-31671
-31656
-31655
-31653
-31647
-31629
-31626
-31625
-31624
-31620
-31616
-31615
-31614
-31610
-31609
-31605
-31600
-31599
-31598
-31597
-31595
-31590
-31582
-31581
-31580
-31579
-31575
-31574
-31572
-31570
-31569
-31565
-31560
-31559
-31556
-31555
-31550
-31549
-31545
-31540
-31536
-31530
-31526
-31525
-31524
-31520
-31516
-31515
-31514
-31511
-31510
-31507
-31505
-31500
-31499
-31495
-31493
-31490
-31486
-31485
-31483
-31479
-31478
-31475
-31472
-31471
-31465
-31464
-31460
-31455
-31450
-31448
-31444
-31442
-31440
-31433
-31432
-31430
-31429
-31428
-31426
-31425
-31424
-31423
-31420
-31418
-31416
-31415
-31414
-31413
-31410
-31409
-31405
-31404
-31403
-31402
-31400
-31399
-31398
-31395
-31393
-31392
-31391
-31389
-31388
-31387
-31386
-31385
-31377
-31376
-31375
-31374
-31373
-31370
-31367
-31366
-31365
-31360
-31359
-31355
-31354
-31353
-31352
-31350
-31347
-31346
-31345
-31344
-31339
-31338
-31335
-31332
-31331
-31330
-31328
-31327
-31326
-31325
-31323
-31322
-31321
-31320
-31319
-31318
-31317
-31316
-31315
-31312
-31311
-31310
-31307
-31306
-31304
-31302
-31301
-31300
-31299
-31297
-31296
-31293
-31291
-31290
-31289
-31287
-31283
-31281
-31280
-31279
-31276
-31275
-31271
-31269
-31267
-31259
-31257
-31255
-31250
-31249
-31248
-31241
-31240
-31239
-31236
-31235
-31234
-31233
-31232
-31230
-31229
-31227
-31225
-31224
-31220
-31219
-31218
-31217
-31215
-31210
-31209
-31207
-31205
-31200
-31199
-31197
-31195
-31194
-31190
-31189
-31187
-31185
-31184
-31180
-31179
-31177
-31175
-31174
-31172
-31171
-31170
-31169
-31166
-31165
-31164
-31162
-31161
-31160
-31159
-31158
-31157
-31156
-31155
-31154
-31153
-31152
-31150
-31149
-31148
-31147
-31145
-31144
-31143
-31142
-31141
-31140
-31139
-31135
-31134
-31132
-31131
-31130
-31129
-31128
-31127
-31126
-31125
-31124
-31122
-31120
-31119
-31117
-31116
-31115
-31112
-31110
-31109
-31108
-31107
-31105
-31104
-31103
-31101
-31100
-31099
-31095
-31094
-31090
-31089
-31086
-31080
-31079
-31078
-31077
-31075
-31070
-31068
-31066
-31060
-31059
-31055
-31050
-31041
-31032
-31031
-31025
-31024
-31023
-31020
-31015
-31014
-31013
-31010
-31008
-31007
-31005
-31001
-31000
-30999
-30996
-30995
-30992
-30991
-30990
-30989
-30987
-30985
-30984
-30983
-30980
-30979
-30978
-30975
-30974
-30973
-30970
-30969
-30967
-30965
-30964
-30963
-30961
-30960
-30959
-30957
-30955
-30953
-30951
-30950
-30949
-30947
-30946
-30944
-30942
-30941
-30940
-30939
-30937
-30935
-30933
-30932
-30931
-30930
-30929
-30927
-30926
-30925
-30922
-30921
-30920
-30919
-30917
-30916
-30915
-30914
-30913
-30912
-30911
-30909
-30907
-30906
-30905
-30900
-30899
-30898
-30896
-30895
-30892
-30891
-30888
-30885
-30884
-30882
-30880
-30879
-30877
-30875
-30874
-30870
-30869
-30865
-30863
-30861
-30860
-30859
-30856
-30855
-30851
-30850
-30849
-30845
-30840
-30835
-30834
-30831
-30830
-30828
-30825
-30824
-30820
-30816
-30815
-30810
-30809
-30807
-30805
-30800
-30799
-30798
-30795
-30793
-30792
-30791
-30790
-30787
-30786
-30785
-30784
-30783
-30780
-30777
-30775
-30773
-30770
-30765
-30762
-30760
-30759
-30758
-30757
-30755
-30750
-30749
-30745
-30744
-30742
-30741
-30740
-30739
-30732
-30730
-30725
-30724
-30720
-30719
-30715
-30714
-30713
-30705
-30704
-30703
-30700
-30699
-30695
-30690
-30689
-30687
-30685
-30681
-30680
-30679
-30675
-30672
-30669
-30665
-30664
-30663
-30660
-30656
-30655
-30654
-30650
-30649
-30648
-30647
-30645
-30644
-30641
-30640
-30639
-30636
-30635
-30634
-30631
-30630
-30629
-30627
-30625
-30624
-30623
-30620
-30618
-30615
-30613
-30609
-30608
-30607
-30605
-30604
-30603
-30600
-30599
-30598
-30597
-30595
-30594
-30593
-30590
-30589
-30586
-30585
-30584
-30583
-30582
-30581
-30580
-30579
-30576
-30575
-30574
-30573
-30571
-30566
-30565
-30562
-30561
-30560
-30559
-30556
-30555
-30553
-30552
-30551
-30550
-30549
-30546
-30545
-30544
-30543
-30542
-30541
-30540
-30539
-30537
-30536
-30535
-30533
-30532
-30530
-30529
-30528
-30525
-30524
-30523
-30520
-30519
-30515
-30510
-30509
-30508
-30505
-30504
-30503
-30500
-30499
-30498
-30497
-30495
-30494
-30492
-30491
-30490
-30489
-30487
-30485
-30484
-30481
-30480
-30479
-30476
-30475
-30474
-30470
-30469
-30465
-30464
-30463
-30460
-30459
-30456
-30455
-30454
-30450
-30449
-30445
-30444
-30440
-30439
-30435
-30432
-30431
-30430
-30429
-30425
-30424
-30423
-30422
-30421
-30420
-30419
-30415
-30411
-30410
-30409
-30405
-30400
-30399
-30396
-30395
-30394
-30390
-30389
-30386
-30385
-30384
-30383
-30380
-30379
-30375
-30374
-30370
-30369
-30365
-30360
-30359
-30355
-30351
-30350
-30347
-30345
-30344
-30340
-30339
-30336
-30335
-30334
-30332
-30331
-30330
-30324
-30322
-30320
-30319
-30316
-30315
-30310
-30305
-30300
-30299
-30295
-30290
-30275
-30274
-30260
-30259
-30258
-30257
-30255
-30254
-30250
-30245
-30240
-30239
-30235
-30233
-30230
-30222
-30213
-30212
-30206
-30205
-30204
-30200
-30198
-30192
-30191
-30186
-30180
-30176
-30175
-30168
-30165
-30160
-30159
-30155
-30150
-30147
-30145
-30141
-30137
-30135
-30132
-30129
-30127
-30125
-30114
-30110
-30109
-30103
-30100
-30096
-30095
-30093
-30090
-30081
-30078
-30075
-30074
-30069
-30065
-30064
-30063
-30060
-30055
-30051
-30042
-30033
-30030
-30029
-30025
-30024
-30009
-30003
-30000
-29999
-29997
-29995
-29991
-29988
-29987
-29976
-29975
-29970
-29960
-29959
-29957
-29956
-29953
-29952
-29951
-29947
-29946
-29945
-29939
-29935
-29930
-29929
-29926
-29925
-29924
-29919
-29915
-29911
-29909
-29904
-29903
-29900
-29899
-29898
-29890
-29889
-29880
-29875
-29870
-29863
-29862
-29854
-29852
-29848
-29847
-29842
-29841
-29840
-29835
-29834
-29832
-29831
-29827
-29826
-29822
-29820
-29814
-29813
-29811
-29810
-29808
-29806
-29805
-29802
-29801
-29799
-29796
-29795
-29792
-29791
-29790
-29785
-29784
-29781
-29778
-29776
-29775
-29772
-29771
-29766
-29765
-29761
-29759
-29757
-29755
-29754
-29750
-29748
-29747
-29744
-29743
-29741
-29736
-29735
-29733
-29731
-29729
-29727
-29725
-29724
-29715
-29700
-29699
-29694
-29689
-29683
-29679
-29675
-29673
-29669
-29666
-29665
-29659
-29647
-29646
-29644
-29643
-29640
-29639
-29635
-29634
-29633
-29632
-29631
-29630
-29625
-29624
-29622
-29610
-29609
-29606
-29604
-29600
-29599
-29596
-29595
-29592
-29591
-29590
-29589
-29588
-29579
-29575
-29574
-29568
-29567
-29565
-29561
-29557
-29556
-29555
-29551
-29550
-29545
-29538
-29536
-29535
-29534
-29530
-29529
-29527
-29525
-29524
-29523
-29520
-29519
-29517
-29515
-29514
-29513
-29511
-29510
-29509
-29505
-29504
-29500
-29499
-29495
-29492
-29491
-29490
-29489
-29484
-29480
-29479
-29477
-29475
-29470
-29466
-29465
-29463
-29459
-29457
-29455
-29453
-29448
-29443
-29440
-29439
-29437
-29432
-29430
-29428
-29421
-29420
-29417
-29415
-29414
-29412
-29407
-29403
-29400
-29399
-29394
-29389
-29383
-29380
-29376
-29375
-29374
-29370
-29369
-29368
-29367
-29365
-29359
-29358
-29350
-29349
-29340
-29335
-29325
-29323
-29309
-29308
-29305
-29304
-29302
-29299
-29295
-29280
-29279
-29274
-29273
-29272
-29271
-29267
-29264
-29260
-29254
-29253
-29252
-29251
-29250
-29249
-29247
-29242
-29240
-29239
-29237
-29236
-29232
-29227
-29226
-29225
-29223
-29220
-29219
-29216
-29215
-29214
-29209
-29208
-29207
-29204
-29199
-29194
-29193
-29192
-29191
-29190
-29189
-29187
-29185
-29184
-29183
-29181
-29175
-29173
-29172
-29170
-29169
-29168
-29167
-29165
-29163
-29162
-29161
-29160
-29159
-29155
-29154
-29151
-29150
-29148
-29145
-29133
-29128
-29127
-29124
-29120
-29119
-29115
-29114
-29112
-29110
-29109
-29106
-29105
-29104
-29100
-29099
-29095
-29094
-29090
-29088
-29087
-29080
-29079
-29075
-29070
-29060
-29057
-29052
-29050
-29049
-29045
-29040
-29039
-29032
-29031
-29027
-29025
-29022
-29015
-29008
-29005
-29000
-28999
-28998
-28997
-28996
-28995
-28990
-28987
-28986
-28985
-28983
-28980
-28977
-28975
-28974
-28973
-28970
-28969
-28968
-28967
-28955
-28954
-28952
-28951
-28950
-28948
-28947
-28946
-28945
-28944
-28942
-28941
-28940
-28938
-28937
-28935
-28934
-28932
-28931
-28930
-28927
-28926
-28924
-28922
-28920
-28919
-28917
-28916
-28915
-28914
-28911
-28910
-28909
-28908
-28907
-28906
-28903
-28901
-28900
-28899
-28897
-28896
-28895
-28894
-28890
-28889
-28886
-28882
-28881
-28880
-28879
-28875
-28874
-28872
-28871
-28870
-28868
-28867
-28864
-28862
-28860
-28858
-28857
-28855
-28854
-28853
-28852
-28850
-28848
-28847
-28846
-28845
-28844
-28842
-28840
-28838
-28837
-28835
-28834
-28833
-28832
-28831
-28830
-28827
-28826
-28825
-28824
-28823
-28822
-28821
-28820
-28818
-28817
-28816
-28815
-28814
-28813
-28810
-28809
-28806
-28805
-28800
-28799
-28798
-28797
-28795
-28794
-28792
-28790
-28787
-28785
-28784
-28782
-28781
-28777
-28775
-28774
-28773
-28772
-28770
-28769
-28765
-28764
-28763
-28762
-28760
-28759
-28756
-28755
-28754
-28751
-28750
-28749
-28748
-28747
-28746
-28745
-28740
-28738
-28737
-28736
-28735
-28734
-28730
-28728
-28727
-28724
-28720
-28717
-28715
-28714
-28711
-28710
-28709
-28705
-28704
-28703
-28700
-28699
-28696
-28695
-28694
-28693
-28692
-28691
-28690
-28689
-28687
-28686
-28685
-28684
-28683
-28680
-28677
-28675
-28674
-28671
-28668
-28665
-28660
-28656
-28655
-28651
-28650
-28647
-28645
-28644
-28643
-28640
-28639
-28638
-28637
-28635
-28633
-28630
-28629
-28625
-28620
-28611
-28610
-28602
-28600
-28599
-28595
-28593
-28590
-28581
-28575
-28560
-28559
-28548
-28544
-28543
-28539
-28536
-28535
-28534
-28530
-28525
-28519
-28518
-28515
-28512
-28511
-28510
-28509
-28500
-28499
-28497
-28496
-28495
-28494
-28492
-28490
-28489
-28485
-28484
-28480
-28479
-28476
-28475
-28474
-28471
-28470
-28469
-28465
-28464
-28460
-28459
-28456
-28455
-28450
-28446
-28441
-28440
-28433
-28432
-28431
-28430
-28427
-28425
-28424
-28423
-28422
-28421
-28420
-28419
-28416
-28415
-28414
-28413
-28412
-28411
-28410
-28409
-28404
-28402
-28400
-28399
-28395
-28392
-28390
-28389
-28386
-28380
-28379
-28376
-28375
-28374
-28373
-28370
-28369
-28368
-28365
-28363
-28360
-28357
-28356
-28355
-28351
-28350
-28345
-28343
-28340
-28335
-28332
-28330
-28329
-28325
-28321
-28320
-28319
-28315
-28314
-28313
-28305
-28303
-28301
-28300
-28299
-28295
-28294
-28290
-28289
-28288
-28287
-28285
-28280
-28279
-28278
-28275
-28273
-28269
-28262
-28260
-28259
-28251
-28250
-28249
-28238
-28236
-28231
-28229
-28225
-28224
-28220
-28219
-28217
-28210
-28209
-28208
-28207
-28206
-28205
-28199
-28198
-28197
-28189
-28188
-28175
-28170
-28169
-28165
-28161
-28160
-28159
-28155
-28154
-28152
-28150
-28149
-28145
-28143
-28134
-28130
-28126
-28125
-28120
-28119
-28118
-28117
-28116
-28107
-28105
-28101
-28100
-28098
-28095
-28094
-28093
-28091
-28089
-28085
-28084
-28083
-28082
-28080
-28079
-28077
-28075
-28074
-28073
-28072
-28071
-28070
-28069
-28067
-28062
-28059
-28057
-28055
-28054
-28053
-28051
-28050
-28049
-28047
-28044
-28043
-28041
-28040
-28039
-28037
-28036
-28035
-28034
-28033
-28032
-28031
-28030
-28029
-28028
-28025
-28024
-28023
-28021
-28020
-28019
-28017
-28016
-28013
-28011
-28003
-28001
-28000
-27999
-27995
-27990
-27984
-27981
-27975
-27974
-27972
-27971
-27963
-27962
-27961
-27955
-27954
-27951
-27950
-27949
-27945
-27936
-27935
-27925
-27924
-27920
-27913
-27900
-27896
-27893
-27888
-27887
-27885
-27883
-27880
-27879
-27875
-27872
-27871
-27864
-27863
-27855
-27847
-27846
-27844
-27840
-27839
-27835
-27834
-27833
-27829
-27828
-27825
-27824
-27823
-27819
-27816
-27815
-27810
-27801
-27800
-27799
-27797
-27794
-27792
-27788
-27787
-27783
-27780
-27778
-27776
-27775
-27774
-27770
-27768
-27765
-27753
-27751
-27750
-27749
-27740
-27738
-27735
-27734
-27730
-27729
-27725
-27722
-27720
-27719
-27715
-27711
-27710
-27709
-27705
-27703
-27702
-27700
-27695
-27690
-27689
-27687
-27685
-27684
-27679
-27676
-27675
-27674
-27673
-27672
-27671
-27669
-27668
-27667
-27665
-27664
-27663
-27658
-27657
-27656
-27655
-27654
-27653
-27652
-27651
-27650
-27649
-27648
-27647
-27645
-27644
-27643
-27642
-27641
-27640
-27639
-27638
-27637
-27636
-27635
-27633
-27632
-27631
-27630
-27629
-27626
-27625
-27624
-27623
-27622
-27621
-27620
-27617
-27616
-27615
-27613
-27612
-27611
-27610
-27609
-27608
-27607
-27605
-27600
-27599
-27598
-27595
-27594
-27592
-27591
-27590
-27589
-27588
-27587
-27586
-27585
-27584
-27583
-27582
-27578
-27577
-27576
-27575
-27572
-27570
-27569
-27567
-27566
-27565
-27562
-27561
-27560
-27559
-27558
-27557
-27556
-27555
-27554
-27553
-27552
-27551
-27550
-27549
-27548
-27547
-27546
-27545
-27544
-27543
-27541
-27540
-27539
-27537
-27536
-27533
-27531
-27530
-27527
-27526
-27525
-27524
-27523
-27522
-27521
-27520
-27519
-27518
-27517
-27515
-27514
-27513
-27512
-27511
-27510
-27509
-27508
-27507
-27506
-27505
-27504
-27503
-27501
-27500
-27499
-27497
-27496
-27495
-27486
-27482
-27480
-27479
-27475
-27473
-27472
-27471
-27470
-27469
-27468
-27465
-27463
-27460
-27459
-27456
-27455
-27450
-27445
-27440
-27439
-27437
-27435
-27433
-27432
-27431
-27430
-27429
-27427
-27425
-27424
-27420
-27414
-27412
-27407
-27405
-27401
-27400
-27399
-27396
-27392
-27391
-27388
-27387
-27383
-27382
-27381
-27378
-27375
-27374
-27373
-27370
-27369
-27367
-27360
-27359
-27355
-27352
-27351
-27350
-27345
-27344
-27343
-27342
-27341
-27333
-27332
-27331
-27329
-27325
-27324
-27322
-27319
-27316
-27315
-27313
-27312
-27309
-27307
-27306
-27305
-27303
-27300
-27299
-27297
-27296
-27295
-27294
-27293
-27291
-27290
-27289
-27288
-27287
-27286
-27285
-27283
-27281
-27280
-27279
-27275
-27274
-27270
-27268
-27264
-27263
-27260
-27258
-27257
-27256
-27255
-27252
-27249
-27248
-27247
-27243
-27240
-27239
-27237
-27235
-27234
-27233
-27230
-27225
-27224
-27223
-27221
-27220
-27219
-27216
-27215
-27213
-27211
-27210
-27209
-27200
-27199
-27197
-27196
-27195
-27190
-27189
-27187
-27186
-27185
-27184
-27183
-27180
-27175
-27174
-27170
-27169
-27165
-27162
-27151
-27150
-27146
-27144
-27142
-27141
-27140
-27139
-27136
-27135
-27132
-27125
-27120
-27119
-27115
-27110
-27105
-27104
-27103
-27100
-27095
-27090
-27089
-27085
-27081
-27080
-27079
-27075
-27071
-27070
-27069
-27065
-27063
-27060
-27059
-27055
-27054
-27050
-27049
-27048
-27047
-27045
-27039
-27035
-27030
-27027
-27025
-27024
-27020
-27015
-27010
-27009
-27007
-27005
-27002
-27000
-26999
-26995
-26992
-26991
-26989
-26987
-26985
-26984
-26983
-26982
-26981
-26980
-26978
-26977
-26976
-26975
-26974
-26973
-26971
-26970
-26967
-26963
-26961
-26960
-26959
-26956
-26955
-26952
-26950
-26949
-26946
-26945
-26943
-26941
-26940
-26939
-26938
-26936
-26935
-26934
-26933
-26931
-26930
-26929
-26928
-26927
-26925
-26924
-26923
-26922
-26921
-26920
-26919
-26918
-26917
-26915
-26914
-26913
-26911
-26910
-26909
-26906
-26905
-26904
-26903
-26901
-26897
-26896
-26895
-26894
-26892
-26889
-26886
-26885
-26884
-26883
-26882
-26881
-26880
-26879
-26877
-26875
-26874
-26873
-26872
-26871
-26870
-26869
-26867
-26865
-26864
-26863
-26862
-26861
-26860
-26859
-26857
-26855
-26852
-26850
-26849
-26845
-26844
-26842
-26840
-26839
-26836
-26835
-26832
-26831
-26830
-26829
-26826
-26825
-26824
-26820
-26819
-26818
-26817
-26816
-26815
-26813
-26811
-26810
-26809
-26808
-26807
-26806
-26805
-26800
-26799
-26798
-26797
-26796
-26795
-26794
-26791
-26790
-26789
-26785
-26784
-26783
-26782
-26781
-26780
-26779
-26777
-26775
-26774
-26773
-26772
-26771
-26770
-26769
-26768
-26767
-26765
-26764
-26763
-26762
-26761
-26760
-26759
-26757
-26755
-26754
-26752
-26751
-26750
-26749
-26748
-26747
-26745
-26744
-26742
-26741
-26740
-26736
-26735
-26733
-26731
-26730
-26729
-26726
-26725
-26724
-26721
-26720
-26719
-26715
-26712
-26710
-26709
-26705
-26704
-26703
-26702
-26701
-26700
-26699
-26698
-26697
-26695
-26691
-26690
-26688
-26687
-26684
-26681
-26680
-26676
-26675
-26674
-26671
-26670
-26663
-26660
-26659
-26657
-26656
-26655
-26653
-26652
-26650
-26649
-26648
-26646
-26645
-26642
-26641
-26640
-26639
-26635
-26632
-26631
-26630
-26628
-26627
-26625
-26624
-26621
-26615
-26614
-26613
-26610
-26600
-26599
-26598
-26595
-26593
-26590
-26580
-26576
-26575
-26574
-26568
-26567
-26565
-26560
-26558
-26550
-26549
-26548
-26545
-26540
-26538
-26537
-26535
-26530
-26529
-26527
-26525
-26524
-26523
-26520
-26519
-26515
-26514
-26512
-26511
-26508
-26505
-26503
-26502
-26501
-26500
-26499
-26498
-26496
-26495
-26493
-26492
-26490
-26489
-26488
-26487
-26486
-26485
-26484
-26482
-26479
-26478
-26475
-26472
-26471
-26470
-26469
-26468
-26465
-26464
-26463
-26460
-26459
-26458
-26455
-26452
-26450
-26449
-26445
-26442
-26441
-26437
-26435
-26432
-26431
-26427
-26425
-26424
-26410
-26408
-26407
-26406
-26404
-26403
-26400
-26399
-26398
-26397
-26396
-26395
-26394
-26390
-26389
-26385
-26379
-26375
-26374
-26372
-26370
-26369
-26368
-26365
-26363
-26362
-26361
-26358
-26353
-26350
-26340
-26339
-26335
-26334
-26329
-26328
-26327
-26325
-26321
-26316
-26315
-26311
-26309
-26307
-26306
-26305
-26304
-26303
-26300
-26299
-26298
-26291
-26290
-26289
-26288
-26287
-26284
-26282
-26280
-26279
-26278
-26275
-26274
-26271
-26264
-26256
-26250
-26249
-26247
-26245
-26244
-26243
-26240
-26239
-26236
-26235
-26234
-26233
-26230
-26225
-26220
-26215
-26213
-26212
-26209
-26208
-26207
-26205
-26204
-26203
-26202
-26200
-26199
-26196
-26194
-26190
-26189
-26185
-26182
-26175
-26174
-26173
-26168
-26167
-26164
-26163
-26160
-26159
-26158
-26157
-26155
-26154
-26153
-26151
-26150
-26145
-26136
-26135
-26133
-26132
-26131
-26130
-26128
-26127
-26125
-26123
-26122
-26119
-26117
-26116
-26115
-26112
-26111
-26107
-26106
-26105
-26104
-26100
-26095
-26089
-26088
-26087
-26082
-26079
-26077
-26076
-26075
-26071
-26064
-26048
-26047
-26045
-26040
-26039
-26037
-26035
-26026
-26025
-26019
-26015
-26010
-26009
-26005
-26004
-26001
-26000
-25999
-25995
-25994
-25993
-25992
-25990
-25989
-25985
-25984
-25983
-25980
-25979
-25976
-25975
-25974
-25970
-25969
-25968
-25967
-25965
-25961
-25960
-25959
-25958
-25956
-25955
-25953
-25951
-25949
-25945
-25942
-25940
-25935
-25934
-25930
-25929
-25927
-25925
-25924
-25920
-25919
-25916
-25915
-25914
-25913
-25912
-25911
-25910
-25909
-25906
-25905
-25904
-25903
-25902
-25900
-25896
-25895
-25890
-25889
-25888
-25887
-25885
-25884
-25880
-25879
-25875
-25872
-25871
-25870
-25869
-25865
-25860
-25859
-25856
-25855
-25853
-25850
-25849
-25845
-25844
-25840
-25839
-25837
-25835
-25834
-25833
-25831
-25830
-25829
-25827
-25825
-25824
-25823
-25822
-25820
-25819
-25815
-25813
-25810
-25806
-25805
-25800
-25799
-25795
-25794
-25792
-25791
-25790
-25785
-25784
-25783
-25780
-25775
-25774
-25760
-25759
-25758
-25755
-25752
-25750
-25749
-25747
-25740
-25739
-25735
-25727
-25725
-25724
-25720
-25719
-25715
-25714
-25711
-25709
-25707
-25704
-25703
-25699
-25696
-25695
-25690
-25686
-25680
-25679
-25677
-25675
-25671
-25670
-25669
-25668
-25666
-25665
-25664
-25663
-25662
-25661
-25660
-25651
-25650
-25649
-25648
-25647
-25646
-25643
-25642
-25641
-25639
-25637
-25636
-25633
-25632
-25631
-25630
-25629
-25628
-25626
-25625
-25624
-25620
-25619
-25618
-25616
-25615
-25614
-25610
-25609
-25608
-25607
-25606
-25605
-25604
-25601
-25600
-25599
-25596
-25595
-25594
-25593
-25592
-25591
-25590
-25589
-25587
-25586
-25585
-25584
-25583
-25580
-25579
-25578
-25576
-25575
-25573
-25572
-25568
-25565
-25564
-25562
-25560
-25559
-25558
-25557
-25555
-25554
-25553
-25550
-25548
-25546
-25545
-25542
-25540
-25538
-25536
-25535
-25533
-25531
-25530
-25529
-25527
-25525
-25520
-25519
-25518
-25515
-25512
-25510
-25509
-25505
-25504
-25503
-25502
-25501
-25500
-25499
-25498
-25496
-25495
-25490
-25488
-25487
-25480
-25476
-25475
-25470
-25464
-25463
-25461
-25460
-25456
-25455
-25452
-25451
-25450
-25449
-25448
-25447
-25445
-25440
-25439
-25437
-25435
-25434
-25429
-25425
-25424
-25423
-25420
-25419
-25418
-25416
-25415
-25413
-25410
-25409
-25408
-25405
-25400
-25398
-25389
-25383
-25380
-25375
-25369
-25368
-25367
-25365
-25361
-25360
-25359
-25355
-25354
-25353
-25350
-25349
-25345
-25344
-25343
-25339
-25338
-25337
-25325
-25323
-25320
-25319
-25317
-25311
-25308
-25300
-25299
-25298
-25296
-25295
-25291
-25290
-25289
-25285
-25284
-25279
-25275
-25272
-25271
-25270
-25269
-25265
-25264
-25263
-25261
-25260
-25256
-25255
-25254
-25251
-25250
-25249
-25245
-25240
-25239
-25237
-25233
-25232
-25227
-25225
-25224
-25221
-25219
-25215
-25214
-25212
-25210
-25209
-25206
-25205
-25200
-25199
-25195
-25194
-25193
-25192
-25191
-25190
-25186
-25185
-25184
-25183
-25179
-25178
-25175
-25174
-25173
-25168
-25167
-25164
-25160
-25159
-25155
-25150
-25149
-25143
-25140
-25137
-25128
-25127
-25125
-25124
-25120
-25119
-25116
-25113
-25112
-25111
-25110
-25104
-25103
-25102
-25100
-25096
-25095
-25092
-25091
-25090
-25089
-25088
-25087
-25086
-25085
-25082
-25080
-25075
-25072
-25071
-25070
-25069
-25065
-25056
-25052
-25050
-25049
-25047
-25045
-25039
-25038
-25035
-25034
-25032
-25031
-25030
-25029
-25025
-25024
-25023
-25020
-25019
-25016
-25015
-25014
-25012
-25010
-25009
-25008
-25007
-25006
-25005
-25004
-25002
-25001
-25000
-24999
-24998
-24996
-24995
-24992
-24991
-24990
-24989
-24987
-24985
-24984
-24983
-24982
-24981
-24980
-24976
-24975
-24974
-24970
-24969
-24968
-24967
-24965
-24964
-24962
-24960
-24959
-24957
-24955
-24954
-24953
-24952
-24951
-24950
-24949
-24948
-24947
-24946
-24945
-24944
-24943
-24942
-24941
-24940
-24939
-24938
-24937
-24936
-24935
-24934
-24933
-24932
-24931
-24930
-24929
-24928
-24927
-24926
-24925
-24924
-24923
-24922
-24921
-24920
-24919
-24918
-24917
-24916
-24915
-24914
-24913
-24912
-24911
-24910
-24909
-24908
-24907
-24905
-24904
-24903
-24902
-24901
-24900
-24899
-24898
-24897
-24892
-24891
-24890
-24889
-24888
-24887
-24886
-24885
-24883
-24882
-24881
-24880
-24879
-24875
-24872
-24871
-24870
-24869
-24868
-24867
-24865
-24864
-24863
-24862
-24861
-24860
-24859
-24858
-24856
-24855
-24852
-24850
-24849
-24848
-24846
-24845
-24844
-24843
-24842
-24840
-24839
-24838
-24837
-24836
-24835
-24834
-24832
-24831
-24830
-24829
-24828
-24827
-24825
-24824
-24822
-24821
-24820
-24819
-24818
-24817
-24816
-24815
-24814
-24813
-24812
-24810
-24809
-24808
-24807
-24806
-24805
-24804
-24803
-24802
-24801
-24800
-24799
-24798
-24797
-24795
-24794
-24792
-24791
-24790
-24789
-24787
-24786
-24785
-24784
-24783
-24782
-24781
-24780
-24779
-24777
-24775
-24774
-24773
-24772
-24771
-24770
-24769
-24768
-24766
-24765
-24763
-24762
-24760
-24759
-24758
-24757
-24756
-24755
-24752
-24751
-24750
-24749
-24748
-24747
-24746
-24745
-24744
-24743
-24741
-24740
-24739
-24737
-24736
-24735
-24734
-24733
-24732
-24730
-24729
-24728
-24727
-24726
-24725
-24724
-24723
-24721
-24720
-24719
-24718
-24716
-24715
-24714
-24713
-24712
-24711
-24710
-24709
-24708
-24707
-24705
-24704
-24702
-24701
-24700
-24699
-24698
-24697
-24696
-24695
-24689
-24688
-24687
-24686
-24685
-24684
-24682
-24681
-24680
-24679
-24678
-24677
-24676
-24675
-24674
-24673
-24672
-24671
-24669
-24668
-24665
-24661
-24660
-24657
-24655
-24654
-24650
-24649
-24648
-24645
-24644
-24642
-24641
-24640
-24639
-24638
-24637
-24635
-24634
-24633
-24632
-24631
-24630
-24629
-24628
-24627
-24626
-24625
-24624
-24623
-24622
-24621
-24620
-24619
-24618
-24617
-24616
-24615
-24614
-24613
-24610
-24609
-24608
-24607
-24606
-24605
-24603
-24600
-24599
-24598
-24595
-24594
-24590
-24589
-24588
-24585
-24584
-24583
-24577
-24575
-24570
-24569
-24568
-24565
-24564
-24563
-24561
-24560
-24559
-24555
-24553
-24550
-24549
-24548
-24546
-24545
-24543
-24540
-24538
-24536
-24535
-24534
-24533
-24531
-24530
-24529
-24528
-24527
-24525
-24519
-24518
-24517
-24515
-24511
-24510
-24509
-24508
-24507
-24505
-24503
-24500
-24499
-24498
-24497
-24495
-24490
-24489
-24487
-24485
-24484
-24483
-24480
-24479
-24475
-24474
-24473
-24472
-24471
-24470
-24469
-24468
-24467
-24465
-24464
-24463
-24462
-24460
-24458
-24457
-24456
-24455
-24454
-24453
-24452
-24451
-24450
-24449
-24448
-24447
-24444
-24443
-24442
-24441
-24440
-24439
-24436
-24435
-24432
-24431
-24428
-24426
-24425
-24423
-24420
-24419
-24418
-24415
-24410
-24409
-24408
-24407
-24405
-24402
-24399
-24397
-24395
-24394
-24391
-24390
-24389
-24388
-24386
-24385
-24384
-24383
-24381
-24380
-24379
-24376
-24375
-24374
-24370
-24369
-24367
-24365
-24364
-24363
-24362
-24361
-24360
-24359
-24355
-24354
-24353
-24352
-24351
-24350
-24349
-24346
-24345
-24340
-24339
-24336
-24335
-24334
-24331
-24330
-24329
-24328
-24327
-24325
-24324
-24321
-24320
-24319
-24315
-24314
-24313
-24312
-24310
-24309
-24305
-24304
-24303
-24302
-24300
-24299
-24297
-24296
-24295
-24294
-24293
-24292
-24290
-24289
-24288
-24287
-24285
-24283
-24282
-24281
-24279
-24278
-24277
-24275
-24274
-24271
-24269
-24268
-24265
-24264
-24263
-24262
-24261
-24260
-24259
-24256
-24255
-24251
-24250
-24249
-24248
-24247
-24246
-24245
-24243
-24241
-24240
-24239
-24238
-24235
-24234
-24233
-24230
-24229
-24228
-24227
-24225
-24224
-24223
-24221
-24220
-24219
-24216
-24215
-24213
-24211
-24210
-24206
-24201
-24200
-24199
-24197
-24195
-24194
-24192
-24191
-24190
-24189
-24187
-24186
-24185
-24184
-24183
-24179
-24178
-24176
-24175
-24174
-24173
-24171
-24170
-24169
-24167
-24165
-24163
-24161
-24160
-24159
-24157
-24156
-24155
-24151
-24150
-24149
-24145
-24143
-24142
-24141
-24140
-24138
-24136
-24135
-24133
-24131
-24129
-24128
-24127
-24125
-24123
-24122
-24119
-24118
-24117
-24115
-24113
-24112
-24111
-24108
-24107
-24106
-24105
-24103
-24102
-24101
-24100
-24099
-24098
-24096
-24094
-24090
-24089
-24087
-24086
-24085
-24083
-24080
-24079
-24075
-24073
-24072
-24071
-24070
-24066
-24061
-24060
-24059
-24057
-24055
-24052
-24051
-24050
-24045
-24040
-24039
-24038
-24031
-24029
-24026
-24025
-24024
-24019
-24014
-24013
-24012
-24010
-24009
-24005
-24004
-24003
-24000
-23999
-23995
-23994
-23990
-23989
-23987
-23985
-23984
-23983
-23982
-23980
-23976
-23975
-23974
-23968
-23959
-23954
-23950
-23948
-23947
-23940
-23939
-23938
-23936
-23935
-23933
-23928
-23927
-23925
-23923
-23922
-23919
-23917
-23910
-23907
-23905
-23904
-23901
-23900
-23899
-23895
-23891
-23890
-23888
-23887
-23885
-23877
-23875
-23868
-23865
-23861
-23856
-23850
-23849
-23848
-23842
-23839
-23835
-23829
-23824
-23820
-23819
-23814
-23809
-23808
-23805
-23804
-23800
-23799
-23797
-23793
-23790
-23789
-23786
-23785
-23784
-23783
-23782
-23780
-23779
-23778
-23776
-23775
-23772
-23770
-23769
-23767
-23765
-23764
-23760
-23759
-23758
-23755
-23754
-23751
-23750
-23749
-23746
-23742
-23740
-23738
-23736
-23735
-23733
-23732
-23730
-23729
-23724
-23722
-23720
-23716
-23715
-23714
-23712
-23711
-23703
-23701
-23700
-23698
-23697
-23695
-23691
-23690
-23689
-23688
-23687
-23686
-23685
-23681
-23680
-23679
-23675
-23674
-23673
-23672
-23671
-23670
-23669
-23665
-23660
-23657
-23656
-23655
-23650
-23647
-23645
-23640
-23635
-23634
-23632
-23630
-23625
-23624
-23620
-23617
-23616
-23615
-23614
-23612
-23610
-23607
-23606
-23605
-23600
-23599
-23595
-23590
-23576
-23575
-23574
-23571
-23562
-23560
-23559
-23555
-23550
-23534
-23533
-23532
-23530
-23529
-23527
-23526
-23525
-23520
-23519
-23518
-23515
-23513
-23510
-23503
-23500
-23496
-23495
-23493
-23490
-23489
-23486
-23485
-23483
-23480
-23479
-23478
-23476
-23475
-23474
-23473
-23469
-23468
-23463
-23452
-23451
-23450
-23449
-23445
-23443
-23437
-23436
-23432
-23431
-23430
-23429
-23428
-23425
-23424
-23422
-23418
-23415
-23409
-23408
-23407
-23406
-23405
-23400
-23399
-23397
-23396
-23395
-23394
-23390
-23389
-23387
-23386
-23385
-23384
-23383
-23382
-23380
-23379
-23375
-23374
-23370
-23369
-23365
-23364
-23360
-23359
-23355
-23354
-23352
-23351
-23350
-23346
-23333
-23330
-23328
-23324
-23323
-23320
-23319
-23318
-23317
-23316
-23315
-23312
-23311
-23310
-23309
-23305
-23303
-23300
-23297
-23296
-23294
-23292
-23291
-23290
-23289
-23288
-23287
-23284
-23282
-23281
-23280
-23279
-23278
-23277
-23275
-23274
-23272
-23262
-23261
-23260
-23257
-23256
-23255
-23254
-23251
-23250
-23249
-23247
-23246
-23245
-23244
-23240
-23238
-23237
-23232
-23231
-23230
-23229
-23227
-23225
-23222
-23220
-23219
-23215
-23211
-23209
-23205
-23202
-23201
-23200
-23199
-23195
-23190
-23189
-23185
-23184
-23180
-23179
-23175
-23172
-23171
-23170
-23169
-23168
-23166
-23165
-23161
-23160
-23159
-23157
-23156
-23155
-23151
-23150
-23149
-23148
-23145
-23144
-23143
-23141
-23140
-23139
-23136
-23135
-23133
-23131
-23130
-23128
-23127
-23125
-23123
-23119
-23115
-23114
-23112
-23111
-23107
-23103
-23100
-23099
-23095
-23094
-23093
-23092
-23089
-23088
-23087
-23085
-23083
-23082
-23081
-23079
-23077
-23076
-23075
-23071
-23069
-23067
-23065
-23064
-23062
-23058
-23055
-23054
-23050
-23049
-23048
-23047
-23046
-23045
-23044
-23042
-23041
-23040
-23039
-23037
-23036
-23035
-23034
-23031
-23030
-23029
-23026
-23025
-23024
-23023
-23020
-23011
-23009
-23008
-23005
-23004
-23002
-23000
-22999
-22998
-22997
-22995
-22994
-22991
-22989
-22988
-22987
-22986
-22985
-22984
-22983
-22981
-22980
-22979
-22977
-22976
-22975
-22974
-22971
-22970
-22969
-22968
-22967
-22966
-22965
-22961
-22960
-22959
-22956
-22955
-22953
-22952
-22950
-22949
-22947
-22945
-22944
-22941
-22940
-22939
-22938
-22937
-22936
-22935
-22934
-22932
-22930
-22929
-22928
-22927
-22926
-22925
-22924
-22923
-22922
-22921
-22920
-22919
-22917
-22916
-22915
-22914
-22913
-22912
-22911
-22910
-22909
-22908
-22907
-22906
-22905
-22904
-22903
-22902
-22901
-22900
-22899
-22897
-22896
-22895
-22893
-22892
-22891
-22890
-22889
-22887
-22885
-22883
-22881
-22880
-22879
-22878
-22877
-22875
-22874
-22870
-22869
-22865
-22863
-22862
-22860
-22859
-22855
-22854
-22853
-22851
-22850
-22849
-22848
-22847
-22845
-22843
-22842
-22841
-22840
-22834
-22832
-22831
-22830
-22829
-22828
-22827
-22825
-22824
-22821
-22820
-22819
-22817
-22815
-22814
-22813
-22810
-22809
-22806
-22805
-22800
-22799
-22797
-22795
-22793
-22792
-22791
-22790
-22789
-22788
-22785
-22784
-22783
-22780
-22779
-22775
-22774
-22770
-22765
-22764
-22761
-22760
-22759
-22757
-22756
-22755
-22752
-22750
-22749
-22747
-22746
-22745
-22742
-22741
-22740
-22739
-22735
-22734
-22732
-22730
-22729
-22725
-22724
-22720
-22719
-22716
-22715
-22714
-22713
-22712
-22711
-22710
-22709
-22705
-22704
-22701
-22700
-22699
-22698
-22695
-22694
-22690
-22689
-22685
-22683
-22682
-22681
-22680
-22679
-22676
-22675
-22670
-22669
-22667
-22665
-22662
-22660
-22659
-22655
-22652
-22651
-22650
-22649
-22645
-22644
-22642
-22641
-22640
-22639
-22638
-22635
-22634
-22632
-22631
-22629
-22628
-22625
-22624
-22621
-22620
-22619
-22618
-22615
-22614
-22611
-22610
-22609
-22608
-22607
-22605
-22603
-22601
-22600
-22599
-22595
-22594
-22591
-22590
-22586
-22585
-22584
-22581
-22580
-22578
-22577
-22576
-22575
-22574
-22572
-22570
-22568
-22567
-22563
-22561
-22560
-22559
-22555
-22554
-22550
-22549
-22545
-22540
-22539
-22534
-22530
-22528
-22527
-22526
-22525
-22524
-22522
-22520
-22519
-22518
-22517
-22516
-22515
-22514
-22511
-22510
-22509
-22507
-22506
-22505
-22504
-22502
-22500
-22499
-22498
-22497
-22496
-22495
-22494
-22491
-22490
-22489
-22488
-22487
-22486
-22485
-22484
-22482
-22480
-22479
-22477
-22475
-22474
-22473
-22471
-22470
-22469
-22468
-22467
-22464
-22463
-22462
-22460
-22459
-22458
-22457
-22456
-22455
-22454
-22450
-22449
-22447
-22446
-22445
-22444
-22442
-22441
-22440
-22439
-22438
-22437
-22435
-22434
-22432
-22431
-22430
-22429
-22428
-22427
-22426
-22425
-22424
-22423
-22422
-22420
-22419
-22418
-22417
-22416
-22415
-22414
-22411
-22410
-22409
-22408
-22407
-22406
-22405
-22404
-22400
-22399
-22397
-22396
-22395
-22394
-22393
-22392
-22391
-22390
-22389
-22386
-22385
-22384
-22383
-22382
-22381
-22380
-22379
-22378
-22377
-22376
-22375
-22374
-22372
-22370
-22369
-22368
-22367
-22366
-22365
-22364
-22363
-22362
-22361
-22360
-22359
-22358
-22357
-22356
-22355
-22354
-22352
-22350
-22349
-22348
-22347
-22346
-22345
-22344
-22343
-22342
-22341
-22340
-22339
-22338
-22337
-22335
-22334
-22333
-22332
-22330
-22329
-22328
-22325
-22324
-22323
-22320
-22319
-22316
-22315
-22314
-22311
-22310
-22309
-22307
-22306
-22303
-22302
-22300
-22299
-22298
-22297
-22295
-22293
-22292
-22288
-22285
-22284
-22283
-22282
-22280
-22279
-22275
-22274
-22270
-22266
-22265
-22264
-22263
-22260
-22259
-22253
-22252
-22250
-22249
-22248
-22247
-22245
-22244
-22243
-22242
-22240
-22236
-22235
-22234
-22231
-22230
-22229
-22225
-22224
-22221
-22219
-22215
-22212
-22211
-22210
-22207
-22204
-22203
-22202
-22200
-22199
-22198
-22195
-22194
-22191
-22190
-22189
-22185
-22183
-22181
-22180
-22179
-22176
-22175
-22174
-22172
-22171
-22168
-22167
-22165
-22162
-22160
-22159
-22158
-22156
-22155
-22152
-22151
-22150
-22149
-22148
-22147
-22146
-22145
-22144
-22143
-22140
-22139
-22137
-22136
-22135
-22134
-22133
-22132
-22131
-22130
-22129
-22128
-22127
-22126
-22125
-22124
-22122
-22121
-22120
-22119
-22118
-22117
-22116
-22115
-22114
-22113
-22112
-22110
-22109
-22108
-22107
-22106
-22105
-22104
-22103
-22102
-22101
-22100
-22099
-22098
-22096
-22095
-22094
-22093
-22092
-22090
-22087
-22086
-22085
-22084
-22083
-22082
-22080
-22079
-22078
-22077
-22076
-22075
-22074
-22073
-22072
-22071
-22070
-22068
-22066
-22065
-22064
-22063
-22062
-22060
-22059
-22057
-22055
-22051
-22050
-22049
-22048
-22047
-22045
-22043
-22042
-22041
-22040
-22039
-22035
-22034
-22032
-22031
-22030
-22029
-22027
-22025
-22023
-22022
-22020
-22017
-22015
-22014
-22011
-22010
-22007
-22002
-22001
-22000
-21999
-21998
-21996
-21995
-21993
-21992
-21991
-21990
-21986
-21985
-21982
-21981
-21980
-21979
-21978
-21977
-21976
-21975
-21974
-21971
-21970
-21969
-21968
-21966
-21965
-21963
-21960
-21959
-21955
-21954
-21951
-21950
-21949
-21947
-21945
-21942
-21936
-21932
-21930
-21929
-21925
-21924
-21923
-21919
-21918
-21917
-21916
-21915
-21912
-21911
-21910
-21903
-21901
-21900
-21899
-21897
-21896
-21893
-21892
-21890
-21889
-21888
-21887
-21886
-21884
-21883
-21882
-21881
-21880
-21878
-21875
-21874
-21872
-21871
-21870
-21868
-21867
-21863
-21862
-21860
-21857
-21856
-21855
-21854
-21853
-21852
-21851
-21850
-21849
-21847
-21846
-21845
-21843
-21841
-21840
-21839
-21837
-21836
-21835
-21834
-21833
-21831
-21830
-21829
-21828
-21827
-21826
-21825
-21824
-21823
-21821
-21819
-21818
-21817
-21816
-21815
-21814
-21812
-21811
-21808
-21807
-21806
-21805
-21804
-21802
-21801
-21800
-21799
-21798
-21797
-21796
-21795
-21794
-21792
-21791
-21790
-21789
-21788
-21787
-21784
-21780
-21777
-21776
-21774
-21770
-21769
-21765
-21763
-21762
-21761
-21760
-21759
-21756
-21755
-21753
-21750
-21749
-21745
-21744
-21743
-21742
-21741
-21740
-21739
-21736
-21735
-21734
-21731
-21730
-21729
-21726
-21725
-21724
-21721
-21720
-21719
-21715
-21710
-21708
-21707
-21705
-21700
-21699
-21696
-21695
-21693
-21692
-21690
-21687
-21686
-21683
-21682
-21680
-21679
-21675
-21673
-21672
-21671
-21670
-21669
-21665
-21663
-21660
-21658
-21655
-21654
-21653
-21652
-21651
-21648
-21647
-21645
-21642
-21641
-21638
-21637
-21631
-21630
-21627
-21626
-21625
-21623
-21620
-21610
-21609
-21607
-21606
-21605
-21604
-21602
-21600
-21599
-21595
-21594
-21593
-21590
-21589
-21585
-21583
-21580
-21575
-21574
-21571
-21566
-21565
-21564
-21561
-21560
-21559
-21557
-21556
-21555
-21553
-21552
-21551
-21550
-21549
-21547
-21546
-21543
-21539
-21535
-21532
-21531
-21528
-21527
-21525
-21520
-21519
-21517
-21516
-21515
-21511
-21510
-21508
-21507
-21506
-21504
-21503
-21502
-21501
-21500
-21499
-21498
-21497
-21496
-21495
-21492
-21490
-21488
-21487
-21486
-21483
-21481
-21480
-21479
-21477
-21476
-21475
-21474
-21472
-21471
-21470
-21467
-21465
-21463
-21462
-21460
-21459
-21456
-21455
-21454
-21449
-21448
-21441
-21440
-21439
-21435
-21434
-21430
-21428
-21427
-21425
-21424
-21423
-21420
-21419
-21418
-21415
-21414
-21413
-21411
-21410
-21409
-21408
-21407
-21406
-21405
-21402
-21401
-21400
-21399
-21397
-21395
-21391
-21390
-21389
-21387
-21385
-21384
-21383
-21379
-21375
-21373
-21371
-21369
-21365
-21364
-21360
-21359
-21357
-21356
-21355
-21350
-21349
-21348
-21345
-21343
-21340
-21336
-21335
-21334
-21331
-21330
-21329
-21325
-21324
-21322
-21321
-21320
-21319
-21318
-21317
-21315
-21314
-21312
-21311
-21310
-21309
-21307
-21305
-21304
-21303
-21300
-21299
-21296
-21295
-21294
-21293
-21290
-21289
-21287
-21286
-21285
-21280
-21279
-21275
-21274
-21273
-21272
-21270
-21267
-21266
-21265
-21264
-21263
-21259
-21258
-21257
-21255
-21252
-21251
-21250
-21249
-21248
-21245
-21244
-21243
-21242
-21241
-21240
-21238
-21237
-21235
-21234
-21233
-21232
-21231
-21230
-21229
-21225
-21224
-21223
-21222
-21220
-21216
-21215
-21210
-21209
-21208
-21204
-21203
-21201
-21200
-21199
-21195
-21189
-21186
-21182
-21181
-21175
-21174
-21171
-21168
-21167
-21165
-21163
-21161
-21160
-21159
-21155
-21153
-21151
-21150
-21149
-21140
-21132
-21131
-21130
-21125
-21124
-21120
-21119
-21117
-21115
-21114
-21112
-21111
-21110
-21107
-21105
-21100
-21098
-21095
-21087
-21082
-21081
-21079
-21076
-21075
-21074
-21073
-21070
-21065
-21063
-21060
-21055
-21054
-21050
-21045
-21042
-21040
-21033
-21032
-21025
-21024
-21019
-21017
-21015
-21014
-21009
-21007
-21006
-21005
-21003
-21000
-20999
-20995
-20994
-20993
-20992
-20991
-20990
-20989
-20988
-20984
-20983
-20982
-20980
-20979
-20975
-20974
-20970
-20969
-20965
-20964
-20961
-20951
-20950
-20949
-20944
-20943
-20942
-20940
-20934
-20930
-20925
-20924
-20923
-20920
-20919
-20918
-20917
-20916
-20915
-20914
-20913
-20910
-20909
-20905
-20904
-20900
-20899
-20898
-20895
-20892
-20890
-20889
-20880
-20879
-20878
-20877
-20875
-20873
-20870
-20863
-20862
-20860
-20853
-20852
-20838
-20836
-20835
-20834
-20833
-20831
-20830
-20829
-20828
-20827
-20826
-20825
-20824
-20820
-20818
-20817
-20815
-20814
-20810
-20808
-20803
-20801
-20800
-20799
-20797
-20795
-20793
-20792
-20790
-20787
-20782
-20775
-20774
-20772
-20770
-20768
-20767
-20759
-20757
-20755
-20754
-20753
-20752
-20751
-20750
-20749
-20748
-20747
-20746
-20745
-20743
-20742
-20741
-20740
-20739
-20738
-20736
-20735
-20733
-20732
-20730
-20729
-20727
-20725
-20724
-20723
-20722
-20720
-20719
-20715
-20713
-20709
-20707
-20703
-20700
-20699
-20695
-20694
-20693
-20692
-20691
-20690
-20688
-20687
-20685
-20684
-20683
-20682
-20681
-20679
-20677
-20676
-20675
-20674
-20673
-20672
-20671
-20670
-20669
-20668
-20667
-20665
-20664
-20663
-20662
-20660
-20658
-20657
-20656
-20655
-20653
-20650
-20649
-20647
-20646
-20645
-20644
-20643
-20640
-20639
-20637
-20636
-20635
-20634
-20633
-20630
-20628
-20625
-20624
-20623
-20621
-20619
-20618
-20615
-20610
-20609
-20608
-20605
-20603
-20602
-20601
-20600
-20599
-20597
-20595
-20593
-20592
-20590
-20589
-20587
-20586
-20584
-20583
-20582
-20581
-20580
-20579
-20577
-20576
-20575
-20574
-20571
-20570
-20569
-20566
-20565
-20561
-20559
-20550
-20549
-20547
-20545
-20543
-20540
-20538
-20534
-20531
-20530
-20529
-20528
-20527
-20525
-20524
-20520
-20519
-20518
-20517
-20515
-20514
-20513
-20511
-20510
-20509
-20507
-20506
-20503
-20502
-20501
-20500
-20499
-20496
-20495
-20493
-20492
-20491
-20490
-20489
-20486
-20485
-20484
-20483
-20482
-20480
-20479
-20475
-20474
-20472
-20470
-20469
-20468
-20465
-20461
-20460
-20457
-20453
-20450
-20449
-20448
-20447
-20443
-20440
-20439
-20432
-20430
-20425
-20424
-20423
-20421
-20420
-20418
-20417
-20416
-20412
-20407
-20405
-20404
-20400
-20399
-20398
-20395
-20394
-20390
-20389
-20385
-20384
-20381
-20380
-20379
-20377
-20375
-20369
-20368
-20367
-20360
-20359
-20358
-20355
-20350
-20345
-20343
-20342
-20340
-20338
-20336
-20335
-20332
-20330
-20328
-20327
-20326
-20325
-20324
-20322
-20320
-20319
-20315
-20310
-20308
-20307
-20305
-20304
-20303
-20300
-20299
-20298
-20297
-20295
-20293
-20292
-20291
-20286
-20285
-20283
-20282
-20281
-20280
-20279
-20277
-20275
-20265
-20264
-20263
-20259
-20258
-20257
-20256
-20255
-20254
-20253
-20251
-20250
-20249
-20248
-20247
-20245
-20242
-20241
-20240
-20239
-20235
-20232
-20231
-20230
-20229
-20228
-20225
-20224
-20223
-20220
-20217
-20216
-20215
-20214
-20210
-20209
-20208
-20207
-20205
-20202
-20200
-20199
-20195
-20187
-20185
-20184
-20180
-20179
-20177
-20175
-20174
-20172
-20171
-20170
-20169
-20167
-20165
-20164
-20163
-20160
-20159
-20155
-20154
-20153
-20152
-20151
-20150
-20145
-20144
-20143
-20142
-20140
-20139
-20135
-20132
-20130
-20128
-20127
-20125
-20124
-20123
-20122
-20120
-20119
-20118
-20117
-20115
-20114
-20112
-20111
-20109
-20107
-20105
-20100
-20099
-20098
-20097
-20096
-20094
-20093
-20092
-20090
-20089
-20088
-20087
-20086
-20085
-20083
-20082
-20080
-20079
-20075
-20074
-20070
-20065
-20064
-20063
-20060
-20056
-20055
-20054
-20053
-20052
-20050
-20049
-20040
-20039
-20035
-20034
-20031
-20025
-20024
-20020
-20019
-20016
-20015
-20010
-20008
-20007
-20006
-20000
-19999
-19998
-19996
-19995
-19994
-19992
-19991
-19990
-19986
-19982
-19980
-19975
-19974
-19972
-19970
-19969
-19968
-19967
-19962
-19960
-19953
-19951
-19950
-19949
-19945
-19944
-19943
-19936
-19935
-19933
-19931
-19930
-19929
-19927
-19926
-19925
-19924
-19923
-19921
-19920
-19919
-19918
-19917
-19915
-19913
-19908
-19907
-19905
-19904
-19903
-19901
-19900
-19899
-19898
-19896
-19895
-19892
-19890
-19889
-19888
-19887
-19885
-19884
-19882
-19881
-19880
-19879
-19878
-19877
-19875
-19873
-19872
-19871
-19870
-19869
-19868
-19867
-19866
-19865
-19864
-19863
-19862
-19861
-19860
-19859
-19858
-19857
-19856
-19855
-19854
-19853
-19852
-19851
-19850
-19849
-19848
-19847
-19846
-19845
-19844
-19843
-19842
-19841
-19840
-19839
-19838
-19837
-19836
-19835
-19834
-19833
-19832
-19831
-19830
-19829
-19828
-19827
-19826
-19825
-19824
-19823
-19822
-19821
-19820
-19819
-19818
-19817
-19816
-19815
-19814
-19813
-19812
-19811
-19810
-19809
-19808
-19807
-19804
-19803
-19802
-19800
-19799
-19798
-19796
-19794
-19791
-19789
-19787
-19785
-19784
-19782
-19781
-19780
-19779
-19776
-19775
-19771
-19770
-19768
-19767
-19766
-19765
-19764
-19761
-19760
-19759
-19757
-19756
-19755
-19754
-19751
-19750
-19749
-19745
-19744
-19743
-19742
-19741
-19740
-19739
-19737
-19736
-19735
-19734
-19732
-19730
-19728
-19727
-19725
-19724
-19722
-19720
-19719
-19712
-19711
-19710
-19709
-19708
-19707
-19704
-19703
-19700
-19699
-19698
-19695
-19690
-19686
-19685
-19684
-19683
-19682
-19680
-19679
-19677
-19676
-19675
-19674
-19673
-19672
-19671
-19670
-19669
-19668
-19666
-19665
-19664
-19663
-19660
-19659
-19658
-19656
-19655
-19649
-19647
-19640
-19639
-19637
-19635
-19632
-19631
-19630
-19625
-19624
-19623
-19622
-19620
-19615
-19612
-19610
-19609
-19608
-19607
-19605
-19604
-19603
-19602
-19601
-19600
-19599
-19598
-19597
-19595
-19594
-19593
-19591
-19590
-19589
-19588
-19587
-19585
-19584
-19583
-19579
-19578
-19577
-19576
-19575
-19573
-19572
-19570
-19568
-19567
-19565
-19564
-19560
-19557
-19555
-19554
-19550
-19536
-19535
-19530
-19527
-19526
-19525
-19524
-19523
-19521
-19520
-19519
-19516
-19515
-19512
-19511
-19507
-19505
-19504
-19503
-19500
-19499
-19495
-19492
-19491
-19487
-19485
-19484
-19482
-19481
-19480
-19479
-19475
-19474
-19473
-19471
-19467
-19464
-19463
-19462
-19460
-19459
-19458
-19455
-19453
-19452
-19450
-19449
-19448
-19447
-19445
-19443
-19440
-19439
-19438
-19437
-19435
-19434
-19433
-19430
-19429
-19428
-19427
-19425
-19424
-19423
-19422
-19418
-19415
-19411
-19410
-19408
-19407
-19404
-19403
-19400
-19397
-19396
-19390
-19384
-19383
-19380
-19379
-19376
-19375
-19374
-19373
-19372
-19370
-19369
-19367
-19366
-19365
-19364
-19363
-19362
-19360
-19359
-19358
-19357
-19356
-19355
-19354
-19353
-19352
-19351
-19350
-19349
-19348
-19347
-19346
-19345
-19344
-19343
-19342
-19341
-19340
-19339
-19338
-19337
-19336
-19334
-19333
-19332
-19331
-19330
-19329
-19328
-19327
-19325
-19324
-19323
-19322
-19320
-19319
-19316
-19315
-19314
-19313
-19312
-19311
-19307
-19306
-19305
-19302
-19300
-19299
-19298
-19296
-19295
-19292
-19291
-19290
-19289
-19288
-19285
-19284
-19280
-19279
-19278
-19275
-19274
-19272
-19271
-19270
-19269
-19265
-19260
-19259
-19256
-19255
-19250
-19249
-19248
-19247
-19244
-19243
-19242
-19241
-19240
-19239
-19235
-19233
-19230
-19229
-19227
-19225
-19224
-19223
-19222
-19220
-19219
-19215
-19211
-19210
-19207
-19206
-19200
-19199
-19197
-19196
-19195
-19193
-19192
-19191
-19188
-19187
-19185
-19183
-19182
-19181
-19180
-19178
-19175
-19173
-19170
-19169
-19168
-19167
-19166
-19165
-19162
-19160
-19159
-19157
-19156
-19155
-19152
-19150
-19147
-19145
-19142
-19141
-19140
-19139
-19135
-19134
-19132
-19130
-19129
-19128
-19127
-19125
-19124
-19121
-19120
-19119
-19118
-19117
-19116
-19115
-19114
-19111
-19110
-19109
-19108
-19107
-19106
-19105
-19104
-19103
-19100
-19099
-19098
-19097
-19095
-19094
-19093
-19092
-19090
-19089
-19087
-19085
-19084
-19083
-19082
-19080
-19079
-19075
-19074
-19071
-19070
-19069
-19068
-19067
-19066
-19065
-19064
-19062
-19060
-19059
-19058
-19057
-19055
-19050
-19049
-19047
-19045
-19044
-19043
-19042
-19041
-19040
-19039
-19035
-19033
-19032
-19030
-19029
-19027
-19026
-19025
-19024
-19023
-19021
-19020
-19019
-19018
-19017
-19016
-19015
-19013
-19012
-19010
-19009
-19008
-19007
-19005
-19003
-19002
-19001
-19000
-18999
-18998
-18997
-18995
-18993
-18992
-18991
-18990
-18989
-18988
-18985
-18982
-18980
-18977
-18975
-18974
-18973
-18972
-18970
-18969
-18967
-18965
-18964
-18963
-18960
-18959
-18957
-18956
-18955
-18954
-18950
-18949
-18947
-18946
-18945
-18944
-18943
-18942
-18941
-18939
-18937
-18936
-18935
-18933
-18928
-18927
-18925
-18924
-18923
-18921
-18920
-18919
-18918
-18915
-18912
-18911
-18910
-18909
-18907
-18903
-18902
-18900
-18899
-18895
-18893
-18890
-18887
-18886
-18882
-18876
-18875
-18874
-18873
-18871
-18870
-18869
-18865
-18864
-18863
-18860
-18859
-18857
-18855
-18854
-18851
-18850
-18849
-18846
-18845
-18844
-18841
-18840
-18839
-18836
-18835
-18832
-18831
-18830
-18825
-18824
-18822
-18821
-18819
-18818
-18817
-18816
-18815
-18811
-18810
-18809
-18808
-18805
-18802
-18801
-18800
-18799
-18795
-18792
-18790
-18788
-18781
-18780
-18778
-18777
-18775
-18774
-18773
-18770
-18769
-18768
-18767
-18765
-18760
-18759
-18758
-18755
-18753
-18750
-18749
-18746
-18745
-18744
-18743
-18740
-18739
-18738
-18737
-18735
-18732
-18730
-18729
-18727
-18725
-18724
-18723
-18722
-18721
-18720
-18719
-18718
-18715
-18714
-18713
-18712
-18711
-18710
-18708
-18707
-18705
-18704
-18703
-18702
-18700
-18699
-18698
-18697
-18696
-18695
-18694
-18693
-18692
-18690
-18689
-18688
-18687
-18686
-18685
-18684
-18683
-18681
-18680
-18679
-18678
-18677
-18676
-18675
-18674
-18673
-18671
-18670
-18668
-18665
-18662
-18660
-18658
-18657
-18655
-18653
-18652
-18650
-18649
-18648
-18645
-18641
-18640
-18639
-18635
-18634
-18633
-18632
-18631
-18630
-18625
-18620
-18619
-18618
-18616
-18615
-18614
-18613
-18609
-18608
-18607
-18604
-18603
-18601
-18600
-18599
-18595
-18594
-18593
-18592
-18586
-18585
-18580
-18576
-18575
-18573
-18572
-18570
-18567
-18564
-18560
-18559
-18558
-18555
-18552
-18550
-18549
-18545
-18540
-18539
-18538
-18536
-18535
-18533
-18532
-18531
-18529
-18528
-18526
-18525
-18524
-18522
-18521
-18520
-18515
-18513
-18509
-18507
-18504
-18500
-18499
-18495
-18493
-18492
-18491
-18490
-18489
-18486
-18485
-18482
-18480
-18479
-18478
-18477
-18475
-18474
-18473
-18471
-18469
-18468
-18465
-18464
-18463
-18462
-18461
-18460
-18459
-18458
-18456
-18455
-18452
-18451
-18450
-18449
-18447
-18446
-18445
-18443
-18442
-18441
-18440
-18439
-18436
-18435
-18434
-18432
-18431
-18428
-18426
-18425
-18424
-18423
-18419
-18417
-18416
-18415
-18414
-18412
-18411
-18409
-18408
-18407
-18406
-18405
-18403
-18402
-18400
-18399
-18396
-18395
-18392
-18391
-18390
-18388
-18387
-18386
-18384
-18383
-18381
-18380
-18378
-18377
-18376
-18375
-18374
-18372
-18370
-18368
-18367
-18366
-18363
-18362
-18361
-18360
-18359
-18357
-18356
-18355
-18353
-18352
-18351
-18350
-18348
-18347
-18346
-18345
-18344
-18343
-18342
-18341
-18340
-18339
-18338
-18337
-18336
-18335
-18333
-18332
-18331
-18330
-18329
-18328
-18327
-18326
-18325
-18324
-18323
-18322
-18321
-18320
-18319
-18318
-18317
-18316
-18315
-18314
-18313
-18312
-18311
-18310
-18309
-18308
-18306
-18305
-18304
-18303
-18301
-18300
-18299
-18296
-18295
-18294
-18293
-18292
-18291
-18290
-18289
-18288
-18287
-18286
-18285
-18284
-18283
-18282
-18280
-18279
-18278
-18277
-18276
-18275
-18270
-18269
-18267
-18265
-18264
-18263
-18262
-18261
-18260
-18257
-18255
-18254
-18253
-18252
-18250
-18249
-18248
-18247
-18246
-18245
-18244
-18243
-18242
-18241
-18240
-18239
-18237
-18235
-18234
-18233
-18232
-18230
-18229
-18228
-18227
-18225
-18224
-18223
-18222
-18221
-18220
-18216
-18215
-18214
-18212
-18211
-18210
-18209
-18208
-18207
-18205
-18204
-18203
-18201
-18200
-18199
-18198
-18197
-18195
-18194
-18193
-18191
-18190
-18189
-18188
-18187
-18185
-18184
-18183
-18180
-18179
-18177
-18176
-18175
-18174
-18173
-18172
-18171
-18170
-18168
-18167
-18165
-18160
-18159
-18158
-18157
-18156
-18155
-18154
-18150
-18149
-18147
-18144
-18143
-18141
-18140
-18139
-18135
-18131
-18130
-18129
-18127
-18126
-18125
-18124
-18122
-18121
-18120
-18119
-18117
-18116
-18115
-18114
-18112
-18111
-18110
-18109
-18108
-18105
-18104
-18103
-18102
-18100
-18099
-18095
-18094
-18090
-18088
-18084
-18081
-18080
-18079
-18075
-18074
-18072
-18070
-18067
-18064
-18063
-18062
-18061
-18060
-18059
-18058
-18055
-18054
-18053
-18052
-18051
-18050
-18049
-18048
-18047
-18045
-18042
-18041
-18040
-18039
-18037
-18036
-18035
-18032
-18031
-18030
-18029
-18027
-18025
-18024
-18023
-18022
-18020
-18019
-18018
-18017
-18015
-18014
-18012
-18011
-18010
-18009
-18007
-18005
-18004
-18000
-17999
-17995
-17994
-17992
-17991
-17990
-17989
-17987
-17985
-17984
-17983
-17982
-17980
-17979
-17977
-17976
-17975
-17974
-17973
-17970
-17969
-17968
-17967
-17965
-17964
-17963
-17961
-17960
-17959
-17958
-17957
-17955
-17952
-17951
-17950
-17949
-17945
-17944
-17943
-17940
-17939
-17937
-17936
-17935
-17934
-17933
-17931
-17930
-17929
-17928
-17927
-17926
-17925
-17924
-17923
-17920
-17919
-17917
-17916
-17915
-17913
-17912
-17911
-17907
-17906
-17904
-17903
-17901
-17900
-17899
-17895
-17892
-17890
-17889
-17888
-17885
-17884
-17883
-17880
-17879
-17876
-17875
-17874
-17871
-17870
-17869
-17865
-17864
-17863
-17860
-17857
-17856
-17855
-17854
-17850
-17849
-17845
-17844
-17840
-17839
-17838
-17836
-17835
-17834
-17833
-17830
-17829
-17825
-17824
-17823
-17820
-17815
-17813
-17811
-17810
-17809
-17807
-17805
-17802
-17801
-17800
-17799
-17798
-17797
-17795
-17794
-17793
-17792
-17791
-17790
-17789
-17788
-17787
-17786
-17785
-17784
-17783
-17780
-17779
-17778
-17775
-17774
-17771
-17770
-17767
-17766
-17765
-17763
-17762
-17761
-17760
-17759
-17757
-17755
-17753
-17752
-17751
-17750
-17749
-17748
-17745
-17742
-17741
-17740
-17739
-17736
-17735
-17732
-17731
-17730
-17729
-17725
-17724
-17722
-17721
-17720
-17719
-17718
-17716
-17715
-17714
-17712
-17711
-17710
-17709
-17708
-17706
-17705
-17704
-17703
-17701
-17700
-17699
-17696
-17695
-17694
-17690
-17688
-17687
-17686
-17685
-17684
-17683
-17682
-17681
-17680
-17679
-17678
-17677
-17676
-17675
-17674
-17673
-17672
-17671
-17670
-17669
-17668
-17667
-17666
-17665
-17664
-17663
-17661
-17660
-17659
-17658
-17657
-17656
-17655
-17654
-17653
-17652
-17651
-17649
-17647
-17646
-17645
-17642
-17641
-17640
-17639
-17635
-17634
-17633
-17631
-17630
-17629
-17625
-17624
-17623
-17622
-17620
-17619
-17616
-17615
-17614
-17613
-17612
-17610
-17607
-17604
-17603
-17600
-17599
-17598
-17595
-17590
-17589
-17585
-17584
-17580
-17577
-17576
-17575
-17574
-17572
-17570
-17569
-17568
-17565
-17562
-17560
-17559
-17557
-17556
-17555
-17554
-17550
-17549
-17548
-17547
-17545
-17544
-17543
-17542
-17541
-17535
-17532
-17529
-17528
-17527
-17526
-17525
-17524
-17523
-17521
-17520
-17519
-17516
-17515
-17514
-17513
-17511
-17510
-17509
-17508
-17507
-17506
-17505
-17504
-17503
-17501
-17500
-17499
-17498
-17497
-17496
-17495
-17494
-17493
-17492
-17491
-17490
-17488
-17487
-17486
-17482
-17480
-17479
-17478
-17476
-17475
-17474
-17473
-17472
-17471
-17470
-17469
-17468
-17466
-17465
-17464
-17463
-17462
-17460
-17459
-17458
-17457
-17456
-17455
-17453
-17451
-17450
-17446
-17444
-17442
-17441
-17439
-17437
-17435
-17434
-17433
-17432
-17431
-17430
-17429
-17427
-17425
-17424
-17423
-17420
-17415
-17414
-17410
-17409
-17408
-17407
-17406
-17405
-17402
-17400
-17399
-17397
-17395
-17394
-17391
-17390
-17388
-17385
-17380
-17379
-17378
-17376
-17375
-17374
-17373
-17372
-17371
-17370
-17369
-17368
-17367
-17366
-17365
-17364
-17363
-17362
-17361
-17360
-17359
-17358
-17357
-17355
-17354
-17353
-17352
-17351
-17350
-17349
-17348
-17347
-17346
-17345
-17344
-17343
-17342
-17341
-17340
-17339
-17338
-17336
-17334
-17333
-17332
-17331
-17330
-17329
-17328
-17327
-17325
-17324
-17323
-17322
-17321
-17320
-17319
-17318
-17317
-17316
-17315
-17314
-17313
-17311
-17310
-17309
-17308
-17307
-17306
-17305
-17304
-17303
-17302
-17301
-17299
-17298
-17297
-17296
-17295
-17293
-17292
-17291
-17290
-17289
-17288
-17287
-17286
-17285
-17284
-17283
-17282
-17281
-17280
-17279
-17278
-17277
-17275
-17274
-17273
-17272
-17271
-17270
-17269
-17265
-17264
-17263
-17262
-17261
-17260
-17259
-17258
-17257
-17256
-17255
-17254
-17253
-17252
-17251
-17250
-17249
-17248
-17247
-17245
-17244
-17243
-17241
-17240
-17239
-17237
-17235
-17234
-17233
-17232
-17231
-17230
-17229
-17227
-17226
-17225
-17224
-17223
-17222
-17221
-17220
-17219
-17218
-17217
-17216
-17215
-17214
-17213
-17212
-17210
-17209
-17208
-17207
-17205
-17204
-17203
-17202
-17201
-17200
-17199
-17197
-17195
-17194
-17193
-17192
-17191
-17190
-17189
-17187
-17186
-17185
-17184
-17183
-17182
-17181
-17180
-17179
-17178
-17177
-17176
-17175
-17174
-17172
-17171
-17170
-17169
-17168
-17167
-17165
-17164
-17160
-17159
-17157
-17155
-17154
-17152
-17151
-17150
-17149
-17145
-17143
-17142
-17140
-17139
-17138
-17137
-17136
-17135
-17133
-17130
-17129
-17128
-17127
-17125
-17122
-17120
-17119
-17118
-17117
-17115
-17110
-17109
-17108
-17107
-17103
-17100
-17099
-17097
-17096
-17095
-17094
-17093
-17092
-17091
-17090
-17089
-17088
-17087
-17085
-17084
-17083
-17082
-17081
-17080
-17079
-17078
-17077
-17076
-17075
-17074
-17073
-17072
-17071
-17070
-17068
-17064
-17063
-17062
-17060
-17059
-17058
-17057
-17056
-17055
-17052
-17051
-17050
-17049
-17047
-17046
-17045
-17044
-17041
-17040
-17039
-17038
-17035
-17030
-17029
-17028
-17027
-17025
-17024
-17023
-17022
-17021
-17020
-17019
-17017
-17015
-17013
-17012
-17011
-17010
-17009
-17008
-17007
-17006
-17005
-17004
-17003
-17002
-17001
-17000
-16999
-16995
-16992
-16991
-16990
-16989
-16985
-16984
-16983
-16981
-16980
-16979
-16977
-16975
-16974
-16973
-16971
-16970
-16969
-16968
-16967
-16965
-16964
-16961
-16960
-16959
-16956
-16955
-16954
-16952
-16951
-16950
-16949
-16946
-16944
-16940
-16938
-16937
-16935
-16933
-16930
-16929
-16927
-16926
-16925
-16924
-16923
-16920
-16919
-16918
-16915
-16912
-16911
-16909
-16907
-16905
-16904
-16902
-16901
-16900
-16899
-16898
-16897
-16896
-16895
-16891
-16890
-16889
-16887
-16886
-16885
-16884
-16882
-16879
-16875
-16874
-16872
-16870
-16867
-16866
-16861
-16860
-16857
-16856
-16855
-16853
-16852
-16851
-16850
-16849
-16848
-16847
-16845
-16843
-16842
-16841
-16840
-16839
-16835
-16832
-16831
-16830
-16824
-16821
-16820
-16819
-16815
-16814
-16810
-16809
-16808
-16807
-16805
-16804
-16800
-16799
-16796
-16795
-16794
-16792
-16791
-16790
-16789
-16786
-16785
-16784
-16783
-16782
-16780
-16779
-16777
-16775
-16774
-16770
-16769
-16767
-16766
-16765
-16762
-16761
-16760
-16759
-16758
-16756
-16755
-16752
-16750
-16749
-16745
-16744
-16743
-16742
-16740
-16733
-16732
-16730
-16729
-16728
-16727
-16725
-16724
-16723
-16722
-16721
-16720
-16719
-16715
-16714
-16711
-16710
-16709
-16707
-16704
-16700
-16699
-16698
-16697
-16695
-16692
-16691
-16690
-16687
-16686
-16682
-16680
-16679
-16675
-16674
-16672
-16671
-16670
-16669
-16668
-16667
-16665
-16664
-16662
-16660
-16659
-16655
-16654
-16651
-16650
-16649
-16648
-16647
-16646
-16645
-16644
-16642
-16641
-16640
-16639
-16638
-16637
-16635
-16632
-16631
-16630
-16628
-16627
-16625
-16624
-16623
-16620
-16619
-16617
-16615
-16614
-16610
-16609
-16608
-16607
-16605
-16600
-16599
-16598
-16597
-16596
-16595
-16594
-16592
-16591
-16590
-16587
-16584
-16583
-16582
-16580
-16578
-16576
-16575
-16574
-16570
-16569
-16568
-16567
-16566
-16565
-16564
-16563
-16562
-16561
-16560
-16559
-16558
-16556
-16555
-16554
-16553
-16552
-16551
-16550
-16549
-16548
-16547
-16546
-16545
-16544
-16543
-16542
-16541
-16540
-16539
-16538
-16537
-16536
-16535
-16534
-16533
-16532
-16531
-16530
-16529
-16528
-16527
-16525
-16524
-16523
-16521
-16520
-16519
-16517
-16515
-16513
-16512
-16510
-16507
-16506
-16504
-16503
-16500
-16499
-16497
-16496
-16495
-16494
-16492
-16491
-16490
-16488
-16487
-16485
-16484
-16482
-16481
-16480
-16479
-16478
-16477
-16476
-16475
-16474
-16473
-16472
-16471
-16470
-16467
-16466
-16465
-16464
-16463
-16462
-16461
-16460
-16459
-16457
-16456
-16455
-16452
-16450
-16449
-16445
-16443
-16442
-16441
-16440
-16439
-16435
-16434
-16432
-16431
-16430
-16429
-16425
-16424
-16423
-16421
-16420
-16419
-16416
-16415
-16414
-16413
-16411
-16410
-16409
-16407
-16406
-16405
-16404
-16400
-16399
-16398
-16395
-16392
-16391
-16390
-16389
-16387
-16385
-16384
-16383
-16382
-16380
-16379
-16378
-16376
-16375
-16374
-16372
-16371
-16370
-16369
-16368
-16367
-16366
-16365
-16362
-16360
-16359
-16357
-16355
-16354
-16353
-16352
-16351
-16350
-16349
-16346
-16345
-16344
-16342
-16341
-16340
-16339
-16337
-16336
-16335
-16334
-16333
-16332
-16330
-16329
-16328
-16327
-16326
-16325
-16324
-16323
-16322
-16321
-16320
-16319
-16318
-16317
-16315
-16314
-16313
-16312
-16311
-16310
-16309
-16308
-16307
-16305
-16304
-16303
-16302
-16299
-16297
-16290
-16289
-16287
-16285
-16284
-16281
-16280
-16279
-16276
-16275
-16272
-16271
-16269
-16268
-16263
-16262
-16260
-16259
-16258
-16257
-16255
-16254
-16252
-16250
-16249
-16248
-16246
-16244
-16242
-16241
-16240
-16239
-16236
-16235
-16234
-16233
-16232
-16231
-16230
-16227
-16226
-16225
-16224
-16223
-16220
-16219
-16218
-16217
-16216
-16215
-16214
-16212
-16210
-16209
-16207
-16205
-16203
-16201
-16200
-16199
-16198
-16195
-16194
-16193
-16192
-16191
-16190
-16189
-16188
-16185
-16184
-16183
-16182
-16181
-16180
-16179
-16176
-16175
-16174
-16170
-16169
-16168
-16167
-16166
-16164
-16160
-16159
-16158
-16157
-16155
-16154
-16153
-16152
-16151
-16150
-16148
-16146
-16143
-16142
-16141
-16138
-16136
-16135
-16134
-16133
-16132
-16130
-16128
-16127
-16125
-16124
-16123
-16121
-16119
-16118
-16117
-16116
-16115
-16114
-16113
-16112
-16111
-16110
-16107
-16106
-16103
-16102
-16100
-16099
-16097
-16096
-16095
-16094
-16093
-16092
-16091
-16090
-16088
-16087
-16082
-16081
-16080
-16079
-16076
-16075
-16074
-16073
-16072
-16071
-16070
-16069
-16067
-16066
-16065
-16064
-16063
-16061
-16060
-16059
-16058
-16057
-16056
-16054
-16053
-16051
-16050
-16049
-16048
-16047
-16046
-16045
-16044
-16043
-16042
-16041
-16039
-16038
-16037
-16035
-16034
-16033
-16032
-16031
-16030
-16029
-16027
-16026
-16025
-16024
-16023
-16022
-16021
-16020
-16019
-16018
-16017
-16016
-16015
-16014
-16012
-16011
-16010
-16009
-16008
-16007
-16006
-16005
-16003
-16002
-16001
-16000
-15999
-15998
-15997
-15996
-15995
-15994
-15993
-15992
-15991
-15990
-15989
-15987
-15985
-15984
-15983
-15982
-15981
-15980
-15979
-15978
-15977
-15976
-15975
-15974
-15972
-15971
-15970
-15968
-15967
-15966
-15965
-15962
-15960
-15959
-15957
-15955
-15954
-15953
-15952
-15950
-15949
-15948
-15945
-15944
-15943
-15941
-15940
-15939
-15936
-15935
-15934
-15933
-15931
-15930
-15929
-15925
-15924
-15922
-15921
-15919
-15918
-15917
-15915
-15913
-15912
-15911
-15910
-15908
-15907
-15906
-15904
-15903
-15902
-15901
-15900
-15899
-15897
-15896
-15895
-15894
-15892
-15891
-15890
-15887
-15885
-15884
-15883
-15882
-15881
-15880
-15879
-15876
-15875
-15874
-15873
-15871
-15870
-15869
-15867
-15865
-15864
-15863
-15859
-15856
-15855
-15851
-15850
-15845
-15844
-15843
-15840
-15839
-15836
-15835
-15834
-15833
-15832
-15831
-15830
-15829
-15826
-15825
-15824
-15821
-15820
-15819
-15815
-15814
-15813
-15810
-15809
-15808
-15807
-15805
-15804
-15801
-15800
-15799
-15795
-15794
-15792
-15791
-15790
-15785
-15784
-15783
-15782
-15780
-15778
-15775
-15774
-15773
-15770
-15768
-15767
-15765
-15764
-15763
-15760
-15755
-15751
-15750
-15749
-15745
-15744
-15743
-15742
-15740
-15736
-15735
-15732
-15730
-15729
-15728
-15727
-15725
-15724
-15723
-15720
-15719
-15715
-15714
-15713
-15712
-15708
-15705
-15701
-15700
-15699
-15695
-15694
-15691
-15690
-15687
-15686
-15682
-15680
-15679
-15675
-15674
-15673
-15672
-15671
-15669
-15668
-15667
-15666
-15665
-15661
-15660
-15659
-15657
-15652
-15651
-15650
-15649
-15645
-15640
-15639
-15635
-15633
-15630
-15629
-15627
-15625
-15624
-15623
-15621
-15619
-15617
-15615
-15611
-15610
-15609
-15607
-15606
-15605
-15604
-15603
-15601
-15600
-15599
-15598
-15597
-15596
-15595
-15594
-15593
-15592
-15591
-15590
-15589
-15588
-15587
-15585
-15584
-15583
-15582
-15580
-15579
-15577
-15576
-15575
-15574
-15573
-15572
-15571
-15570
-15569
-15568
-15567
-15565
-15564
-15563
-15562
-15561
-15560
-15559
-15558
-15557
-15556
-15555
-15554
-15553
-15552
-15551
-15550
-15549
-15548
-15547
-15546
-15545
-15544
-15543
-15542
-15540
-15539
-15536
-15535
-15534
-15533
-15532
-15531
-15530
-15528
-15527
-15525
-15524
-15523
-15522
-15521
-15520
-15519
-15517
-15516
-15515
-15511
-15510
-15509
-15508
-15507
-15505
-15504
-15503
-15502
-15501
-15500
-15499
-15498
-15497
-15496
-15495
-15493
-15492
-15491
-15490
-15489
-15488
-15487
-15485
-15484
-15483
-15480
-15479
-15477
-15476
-15475
-15474
-15473
-15471
-15470
-15469
-15467
-15466
-15465
-15463
-15462
-15461
-15460
-15459
-15457
-15456
-15455
-15454
-15453
-15451
-15450
-15449
-15448
-15447
-15444
-15442
-15441
-15440
-15439
-15438
-15437
-15435
-15434
-15430
-15429
-15428
-15427
-15426
-15425
-15424
-15423
-15421
-15420
-15417
-15416
-15415
-15414
-15410
-15408
-15407
-15405
-15400
-15399
-15395
-15392
-15391
-15390
-15389
-15388
-15385
-15384
-15383
-15382
-15380
-15379
-15377
-15375
-15374
-15372
-15370
-15369
-15368
-15367
-15366
-15365
-15364
-15363
-15360
-15359
-15358
-15357
-15355
-15354
-15353
-15351
-15350
-15349
-15345
-15344
-15343
-15342
-15341
-15340
-15339
-15337
-15336
-15335
-15334
-15333
-15332
-15330
-15329
-15327
-15325
-15324
-15323
-15320
-15319
-15318
-15317
-15315
-15314
-15312
-15311
-15309
-15308
-15307
-15306
-15305
-15304
-15303
-15302
-15301
-15300
-15299
-15298
-15297
-15296
-15295
-15294
-15293
-15292
-15291
-15290
-15289
-15288
-15287
-15286
-15285
-15284
-15283
-15282
-15281
-15280
-15279
-15278
-15277
-15276
-15275
-15274
-15273
-15272
-15271
-15270
-15269
-15268
-15267
-15266
-15265
-15264
-15263
-15262
-15261
-15260
-15259
-15258
-15257
-15256
-15255
-15254
-15253
-15252
-15251
-15250
-15249
-15248
-15247
-15246
-15245
-15244
-15243
-15242
-15241
-15240
-15239
-15238
-15237
-15235
-15232
-15231
-15230
-15229
-15228
-15225
-15224
-15223
-15221
-15220
-15219
-15218
-15217
-15216
-15215
-15214
-15213
-15211
-15210
-15209
-15207
-15205
-15204
-15202
-15201
-15200
-15199
-15198
-15197
-15195
-15194
-15192
-15191
-15190
-15189
-15187
-15185
-15184
-15183
-15182
-15180
-15179
-15175
-15174
-15172
-15171
-15170
-15169
-15168
-15167
-15166
-15165
-15164
-15162
-15161
-15160
-15159
-15158
-15157
-15156
-15155
-15152
-15151
-15150
-15149
-15147
-15146
-15145
-15142
-15141
-15140
-15139
-15135
-15132
-15130
-15129
-15127
-15126
-15125
-15124
-15123
-15122
-15121
-15120
-15119
-15117
-15115
-15114
-15113
-15112
-15111
-15110
-15109
-15106
-15105
-15104
-15103
-15102
-15100
-15099
-15098
-15096
-15095
-15093
-15090
-15089
-15088
-15087
-15085
-15084
-15080
-15079
-15075
-15074
-15072
-15071
-15070
-15066
-15064
-15063
-15060
-15059
-15057
-15053
-15051
-15050
-15049
-15048
-15047
-15045
-15043
-15040
-15039
-15035
-15030
-15028
-15027
-15025
-15024
-15021
-15020
-15015
-15012
-15011
-15009
-15008
-15007
-15005
-15004
-15003
-15002
-15001
-15000
-14999
-14995
-14994
-14992
-14991
-14987
-14985
-14983
-14982
-14980
-14976
-14975
-14974
-14973
-14972
-14970
-14969
-14968
-14967
-14966
-14965
-14960
-14959
-14958
-14955
-14952
-14951
-14950
-14949
-14945
-14944
-14940
-14938
-14935
-14931
-14930
-14929
-14928
-14926
-14925
-14924
-14923
-14919
-14918
-14917
-14916
-14913
-14910
-14909
-14908
-14907
-14904
-14903
-14902
-14901
-14900
-14899
-14898
-14897
-14896
-14895
-14894
-14893
-14892
-14890
-14889
-14888
-14886
-14885
-14883
-14882
-14880
-14879
-14878
-14877
-14876
-14875
-14874
-14873
-14872
-14871
-14870
-14869
-14868
-14866
-14865
-14864
-14863
-14862
-14861
-14860
-14858
-14857
-14854
-14851
-14850
-14849
-14846
-14845
-14843
-14841
-14840
-14839
-14837
-14836
-14835
-14834
-14830
-14829
-14827
-14826
-14825
-14824
-14823
-14822
-14821
-14820
-14819
-14817
-14815
-14814
-14813
-14812
-14811
-14810
-14809
-14808
-14806
-14805
-14804
-14803
-14802
-14801
-14800
-14799
-14798
-14796
-14795
-14794
-14793
-14792
-14791
-14790
-14789
-14787
-14785
-14784
-14783
-14781
-14779
-14778
-14777
-14775
-14774
-14773
-14770
-14769
-14768
-14767
-14766
-14765
-14764
-14763
-14762
-14760
-14759
-14757
-14756
-14755
-14754
-14753
-14752
-14751
-14750
-14749
-14747
-14745
-14743
-14742
-14740
-14739
-14738
-14737
-14735
-14733
-14732
-14730
-14729
-14728
-14725
-14724
-14720
-14719
-14718
-14717
-14715
-14714
-14712
-14711
-14710
-14709
-14707
-14706
-14705
-14703
-14701
-14700
-14699
-14697
-14696
-14695
-14694
-14693
-14691
-14690
-14688
-14687
-14686
-14685
-14684
-14683
-14680
-14679
-14678
-14677
-14675
-14674
-14673
-14671
-14670
-14669
-14665
-14664
-14663
-14661
-14660
-14659
-14655
-14654
-14652
-14651
-14650
-14647
-14645
-14644
-14643
-14641
-14640
-14639
-14638
-14637
-14635
-14634
-14633
-14632
-14631
-14630
-14629
-14628
-14627
-14625
-14624
-14623
-14622
-14621
-14620
-14619
-14617
-14616
-14615
-14614
-14613
-14612
-14611
-14610
-14609
-14608
-14607
-14605
-14604
-14602
-14601
-14600
-14599
-14598
-14597
-14596
-14595
-14594
-14592
-14591
-14589
-14588
-14587
-14586
-14585
-14584
-14583
-14581
-14580
-14579
-14578
-14577
-14576
-14575
-14574
-14573
-14571
-14570
-14568
-14567
-14565
-14564
-14563
-14560
-14559
-14555
-14554
-14553
-14551
-14550
-14549
-14548
-14547
-14545
-14544
-14543
-14541
-14540
-14539
-14538
-14537
-14535
-14534
-14532
-14530
-14529
-14527
-14526
-14525
-14524
-14520
-14519
-14518
-14517
-14514
-14513
-14512
-14511
-14509
-14508
-14505
-14503
-14502
-14500
-14499
-14497
-14496
-14495
-14490
-14489
-14487
-14485
-14484
-14483
-14482
-14480
-14479
-14477
-14476
-14475
-14472
-14471
-14469
-14468
-14467
-14466
-14465
-14464
-14463
-14462
-14460
-14459
-14458
-14456
-14455
-14454
-14452
-14451
-14450
-14448
-14447
-14446
-14445
-14444
-14442
-14441
-14440
-14439
-14438
-14437
-14436
-14435
-14434
-14433
-14432
-14431
-14430
-14428
-14427
-14426
-14425
-14424
-14423
-14422
-14421
-14420
-14419
-14418
-14417
-14416
-14415
-14413
-14412
-14410
-14409
-14407
-14406
-14405
-14404
-14403
-14402
-14401
-14400
-14399
-14398
-14397
-14396
-14395
-14394
-14393
-14392
-14391
-14390
-14389
-14388
-14387
-14385
-14384
-14383
-14382
-14381
-14380
-14379
-14378
-14376
-14375
-14374
-14373
-14372
-14371
-14369
-14368
-14367
-14366
-14365
-14364
-14362
-14361
-14360
-14359
-14358
-14357
-14356
-14355
-14354
-14352
-14351
-14350
-14349
-14346
-14345
-14344
-14343
-14342
-14341
-14340
-14339
-14338
-14337
-14336
-14335
-14332
-14331
-14330
-14329
-14328
-14327
-14326
-14325
-14324
-14323
-14322
-14321
-14320
-14319
-14318
-14315
-14314
-14313
-14311
-14310
-14308
-14307
-14303
-14300
-14299
-14298
-14297
-14296
-14295
-14292
-14291
-14290
-14289
-14287
-14285
-14280
-14279
-14278
-14277
-14275
-14274
-14273
-14272
-14271
-14268
-14267
-14266
-14265
-14263
-14260
-14259
-14258
-14257
-14256
-14255
-14250
-14249
-14248
-14247
-14246
-14245
-14242
-14241
-14239
-14238
-14235
-14234
-14232
-14231
-14228
-14227
-14225
-14224
-14223
-14220
-14219
-14217
-14215
-14214
-14213
-14212
-14211
-14210
-14209
-14208
-14207
-14205
-14204
-14203
-14202
-14201
-14200
-14199
-14198
-14196
-14195
-14194
-14193
-14192
-14191
-14190
-14189
-14188
-14186
-14185
-14184
-14183
-14182
-14180
-14179
-14178
-14177
-14175
-14174
-14172
-14170
-14168
-14167
-14166
-14165
-14161
-14160
-14159
-14157
-14155
-14154
-14152
-14151
-14150
-14149
-14148
-14146
-14145
-14144
-14143
-14141
-14140
-14139
-14136
-14135
-14134
-14133
-14131
-14130
-14129
-14128
-14127
-14126
-14125
-14124
-14121
-14120
-14119
-14118
-14116
-14115
-14113
-14112
-14111
-14110
-14109
-14108
-14106
-14105
-14104
-14103
-14101
-14100
-14099
-14098
-14097
-14095
-14094
-14092
-14091
-14090
-14089
-14088
-14086
-14085
-14083
-14080
-14079
-14077
-14076
-14075
-14074
-14071
-14070
-14069
-14068
-14067
-14065
-14064
-14063
-14062
-14060
-14058
-14056
-14055
-14053
-14052
-14050
-14049
-14046
-14045
-14044
-14043
-14042
-14040
-14039
-14036
-14035
-14034
-14032
-14031
-14030
-14029
-14028
-14027
-14026
-14025
-14024
-14023
-14022
-14021
-14020
-14019
-14018
-14017
-14016
-14015
-14014
-14013
-14012
-14009
-14008
-14007
-14005
-14004
-14003
-14002
-14000
-13999
-13995
-13992
-13991
-13990
-13989
-13987
-13986
-13985
-13984
-13983
-13982
-13981
-13980
-13979
-13978
-13975
-13974
-13972
-13970
-13968
-13965
-13962
-13960
-13959
-13956
-13953
-13950
-13949
-13948
-13947
-13945
-13944
-13943
-13940
-13939
-13937
-13936
-13935
-13934
-13933
-13932
-13930
-13929
-13928
-13927
-13926
-13925
-13924
-13923
-13920
-13919
-13915
-13914
-13912
-13911
-13910
-13909
-13908
-13905
-13903
-13902
-13900
-13899
-13898
-13897
-13896
-13895
-13893
-13888
-13887
-13885
-13883
-13882
-13881
-13880
-13879
-13878
-13877
-13876
-13875
-13874
-13872
-13871
-13870
-13869
-13867
-13866
-13865
-13864
-13863
-13862
-13861
-13860
-13859
-13858
-13857
-13856
-13855
-13854
-13853
-13852
-13851
-13850
-13849
-13848
-13847
-13846
-13845
-13844
-13842
-13841
-13840
-13839
-13838
-13837
-13836
-13835
-13834
-13833
-13832
-13831
-13830
-13829
-13828
-13827
-13826
-13825
-13824
-13823
-13822
-13821
-13820
-13819
-13818
-13817
-13816
-13815
-13814
-13813
-13812
-13811
-13810
-13808
-13807
-13806
-13805
-13804
-13803
-13802
-13801
-13800
-13799
-13798
-13797
-13796
-13795
-13794
-13793
-13792
-13791
-13790
-13789
-13788
-13787
-13786
-13785
-13784
-13783
-13782
-13781
-13780
-13779
-13778
-13777
-13776
-13775
-13774
-13773
-13772
-13771
-13770
-13769
-13768
-13767
-13766
-13765
-13764
-13763
-13762
-13761
-13760
-13759
-13758
-13757
-13756
-13755
-13754
-13753
-13752
-13751
-13750
-13749
-13748
-13747
-13746
-13745
-13744
-13743
-13742
-13741
-13740
-13739
-13738
-13737
-13736
-13735
-13734
-13733
-13732
-13731
-13730
-13729
-13728
-13727
-13726
-13725
-13724
-13723
-13722
-13721
-13720
-13719
-13718
-13717
-13716
-13715
-13714
-13713
-13712
-13711
-13710
-13709
-13708
-13707
-13706
-13705
-13704
-13703
-13702
-13701
-13700
-13699
-13698
-13696
-13695
-13694
-13693
-13692
-13691
-13690
-13689
-13688
-13687
-13686
-13685
-13684
-13683
-13682
-13680
-13679
-13675
-13674
-13673
-13671
-13670
-13669
-13668
-13667
-13665
-13664
-13663
-13662
-13661
-13660
-13659
-13657
-13656
-13655
-13654
-13653
-13652
-13651
-13650
-13649
-13647
-13645
-13644
-13643
-13642
-13640
-13639
-13638
-13637
-13636
-13635
-13634
-13633
-13632
-13631
-13629
-13628
-13627
-13626
-13625
-13624
-13623
-13622
-13620
-13619
-13618
-13617
-13616
-13615
-13614
-13613
-13612
-13611
-13610
-13609
-13608
-13607
-13606
-13605
-13604
-13603
-13602
-13601
-13600
-13599
-13598
-13597
-13596
-13595
-13593
-13592
-13591
-13590
-13589
-13586
-13585
-13584
-13583
-13582
-13581
-13580
-13579
-13577
-13575
-13574
-13573
-13572
-13570
-13569
-13567
-13566
-13565
-13563
-13560
-13559
-13555
-13554
-13552
-13551
-13550
-13548
-13545
-13542
-13540
-13539
-13538
-13537
-13536
-13535
-13534
-13532
-13530
-13529
-13527
-13525
-13524
-13522
-13521
-13520
-13519
-13518
-13517
-13515
-13512
-13510
-13509
-13508
-13505
-13504
-13503
-13502
-13500
-13499
-13498
-13496
-13495
-13494
-13491
-13490
-13489
-13486
-13485
-13483
-13482
-13480
-13479
-13478
-13476
-13475
-13474
-13473
-13471
-13470
-13469
-13468
-13466
-13465
-13464
-13463
-13462
-13461
-13460
-13459
-13458
-13455
-13454
-13451
-13450
-13449
-13448
-13447
-13446
-13445
-13444
-13443
-13442
-13441
-13440
-13439
-13438
-13437
-13436
-13435
-13434
-13433
-13432
-13431
-13430
-13429
-13428
-13426
-13425
-13424
-13423
-13422
-13420
-13419
-13416
-13415
-13414
-13413
-13412
-13411
-13410
-13409
-13408
-13407
-13406
-13405
-13402
-13401
-13400
-13399
-13398
-13397
-13396
-13395
-13392
-13391
-13390
-13389
-13387
-13386
-13385
-13384
-13383
-13382
-13380
-13379
-13378
-13377
-13376
-13375
-13374
-13370
-13369
-13368
-13367
-13366
-13365
-13364
-13363
-13361
-13360
-13359
-13357
-13356
-13355
-13352
-13351
-13350
-13349
-13348
-13345
-13344
-13343
-13340
-13339
-13338
-13337
-13335
-13334
-13333
-13332
-13331
-13330
-13329
-13328
-13327
-13325
-13324
-13322
-13321
-13320
-13319
-13318
-13317
-13315
-13314
-13312
-13311
-13310
-13309
-13308
-13307
-13305
-13304
-13303
-13300
-13299
-13296
-13295
-13294
-13293
-13290
-13289
-13288
-13287
-13286
-13285
-13284
-13283
-13282
-13281
-13280
-13279
-13278
-13277
-13275
-13274
-13273
-13272
-13271
-13270
-13269
-13267
-13266
-13265
-13263
-13262
-13261
-13260
-13259
-13257
-13255
-13254
-13253
-13252
-13251
-13250
-13249
-13248
-13247
-13246
-13245
-13244
-13243
-13242
-13241
-13240
-13239
-13237
-13236
-13235
-13234
-13233
-13232
-13231
-13230
-13229
-13226
-13225
-13224
-13223
-13221
-13219
-13218
-13216
-13215
-13214
-13212
-13211
-13210
-13209
-13208
-13207
-13206
-13204
-13203
-13202
-13201
-13200
-13199
-13198
-13197
-13196
-13195
-13194
-13191
-13190
-13189
-13188
-13186
-13185
-13184
-13183
-13182
-13181
-13180
-13179
-13178
-13176
-13175
-13174
-13172
-13170
-13169
-13167
-13165
-13161
-13160
-13159
-13158
-13157
-13156
-13155
-13154
-13153
-13152
-13150
-13149
-13147
-13146
-13145
-13144
-13143
-13141
-13140
-13139
-13135
-13134
-13132
-13131
-13130
-13129
-13128
-13127
-13126
-13125
-13124
-13123
-13122
-13121
-13120
-13119
-13118
-13117
-13116
-13115
-13114
-13113
-13112
-13111
-13110
-13109
-13108
-13105
-13104
-13103
-13100
-13099
-13098
-13097
-13096
-13095
-13094
-13093
-13092
-13090
-13089
-13088
-13087
-13086
-13085
-13083
-13082
-13080
-13079
-13078
-13076
-13075
-13074
-13073
-13072
-13071
-13070
-13069
-13068
-13066
-13065
-13064
-13063
-13062
-13060
-13056
-13055
-13054
-13051
-13050
-13049
-13048
-13047
-13046
-13044
-13043
-13042
-13041
-13040
-13039
-13038
-13037
-13036
-13035
-13034
-13033
-13032
-13031
-13030
-13029
-13027
-13025
-13024
-13023
-13022
-13021
-13020
-13019
-13016
-13015
-13014
-13013
-13010
-13009
-13007
-13005
-13004
-13003
-13002
-13000
-12999
-12997
-12996
-12995
-12993
-12992
-12991
-12990
-12989
-12987
-12985
-12984
-12983
-12982
-12981
-12980
-12978
-12977
-12975
-12974
-12972
-12971
-12970
-12969
-12968
-12967
-12966
-12965
-12964
-12963
-12961
-12960
-12959
-12957
-12956
-12955
-12954
-12953
-12952
-12951
-12950
-12949
-12948
-12947
-12946
-12945
-12942
-12940
-12939
-12936
-12935
-12933
-12932
-12930
-12929
-12928
-12927
-12925
-12924
-12922
-12920
-12919
-12917
-12915
-12914
-12912
-12911
-12910
-12909
-12906
-12905
-12903
-12901
-12900
-12899
-12897
-12895
-12894
-12889
-12888
-12887
-12886
-12885
-12884
-12882
-12881
-12880
-12879
-12876
-12875
-12874
-12873
-12872
-12871
-12870
-12869
-12868
-12865
-12864
-12863
-12860
-12859
-12858
-12857
-12855
-12852
-12851
-12850
-12849
-12848
-12847
-12845
-12844
-12843
-12841
-12840
-12839
-12838
-12835
-12834
-12833
-12832
-12831
-12830
-12829
-12827
-12826
-12825
-12824
-12823
-12822
-12821
-12820
-12819
-12818
-12817
-12816
-12815
-12814
-12813
-12812
-12811
-12810
-12809
-12808
-12807
-12806
-12805
-12804
-12803
-12802
-12801
-12800
-12799
-12798
-12797
-12796
-12795
-12794
-12793
-12792
-12791
-12790
-12789
-12788
-12787
-12786
-12785
-12784
-12783
-12782
-12780
-12777
-12776
-12775
-12774
-12773
-12771
-12770
-12769
-12768
-12767
-12765
-12764
-12763
-12762
-12761
-12760
-12759
-12757
-12755
-12754
-12752
-12751
-12750
-12749
-12748
-12747
-12745
-12744
-12743
-12742
-12741
-12740
-12739
-12738
-12737
-12735
-12734
-12733
-12732
-12730
-12729
-12728
-12727
-12726
-12725
-12724
-12720
-12719
-12717
-12716
-12715
-12714
-12711
-12710
-12709
-12708
-12705
-12704
-12703
-12700
-12699
-12698
-12697
-12696
-12695
-12694
-12691
-12690
-12689
-12688
-12687
-12685
-12684
-12683
-12682
-12681
-12680
-12679
-12677
-12676
-12675
-12674
-12673
-12672
-12671
-12670
-12669
-12668
-12667
-12666
-12665
-12663
-12662
-12661
-12660
-12659
-12658
-12657
-12656
-12655
-12654
-12653
-12651
-12650
-12649
-12648
-12647
-12645
-12642
-12641
-12640
-12639
-12638
-12637
-12636
-12635
-12633
-12632
-12631
-12630
-12629
-12628
-12627
-12625
-12624
-12623
-12622
-12621
-12620
-12619
-12618
-12617
-12616
-12615
-12614
-12611
-12610
-12609
-12608
-12607
-12606
-12605
-12603
-12601
-12600
-12599
-12597
-12595
-12593
-12592
-12590
-12589
-12586
-12585
-12584
-12583
-12582
-12581
-12580
-12579
-12577
-12576
-12575
-12572
-12571
-12570
-12569
-12568
-12567
-12565
-12564
-12563
-12560
-12559
-12558
-12555
-12554
-12553
-12552
-12551
-12550
-12549
-12548
-12547
-12546
-12545
-12544
-12541
-12540
-12539
-12537
-12535
-12534
-12530
-12529
-12528
-12527
-12525
-12523
-12521
-12520
-12519
-12518
-12517
-12516
-12515
-12511
-12510
-12509
-12505
-12504
-12503
-12502
-12501
-12500
-12499
-12498
-12497
-12496
-12495
-12494
-12492
-12490
-12489
-12488
-12487
-12486
-12485
-12484
-12483
-12481
-12480
-12479
-12478
-12477
-12476
-12475
-12474
-12473
-12472
-12471
-12470
-12469
-12468
-12467
-12466
-12465
-12464
-12463
-12462
-12461
-12460
-12459
-12458
-12457
-12456
-12455
-12454
-12453
-12452
-12451
-12450
-12449
-12448
-12447
-12446
-12445
-12444
-12443
-12442
-12441
-12440
-12439
-12438
-12437
-12436
-12435
-12434
-12433
-12432
-12431
-12430
-12429
-12427
-12425
-12424
-12423
-12422
-12421
-12420
-12419
-12418
-12415
-12414
-12412
-12411
-12410
-12409
-12408
-12407
-12406
-12405
-12404
-12402
-12401
-12400
-12399
-12397
-12396
-12395
-12394
-12393
-12392
-12391
-12390
-12389
-12388
-12387
-12386
-12385
-12384
-12383
-12382
-12381
-12380
-12379
-12378
-12377
-12376
-12375
-12374
-12372
-12370
-12369
-12368
-12367
-12366
-12365
-12364
-12362
-12361
-12360
-12359
-12358
-12357
-12356
-12355
-12354
-12353
-12351
-12350
-12349
-12348
-12347
-12346
-12345
-12344
-12343
-12342
-12341
-12340
-12339
-12338
-12337
-12336
-12335
-12334
-12333
-12331
-12330
-12329
-12328
-12327
-12326
-12325
-12324
-12323
-12322
-12321
-12320
-12319
-12318
-12317
-12315
-12314
-12313
-12312
-12311
-12310
-12309
-12308
-12307
-12306
-12305
-12304
-12303
-12301
-12300
-12299
-12297
-12296
-12295
-12294
-12293
-12292
-12291
-12290
-12289
-12288
-12287
-12285
-12284
-12283
-12282
-12281
-12280
-12279
-12278
-12277
-12276
-12275
-12274
-12272
-12271
-12270
-12269
-12268
-12267
-12266
-12265
-12264
-12263
-12262
-12261
-12260
-12259
-12258
-12257
-12256
-12255
-12254
-12252
-12251
-12250
-12249
-12248
-12247
-12246
-12245
-12244
-12243
-12242
-12241
-12240
-12239
-12238
-12236
-12235
-12234
-12233
-12232
-12231
-12230
-12229
-12228
-12227
-12226
-12225
-12224
-12223
-12222
-12221
-12220
-12219
-12218
-12217
-12216
-12215
-12214
-12213
-12212
-12211
-12210
-12209
-12208
-12207
-12206
-12205
-12204
-12203
-12202
-12201
-12200
-12199
-12198
-12197
-12196
-12195
-12194
-12193
-12192
-12191
-12190
-12189
-12188
-12187
-12186
-12185
-12184
-12183
-12182
-12181
-12180
-12179
-12177
-12176
-12175
-12174
-12173
-12172
-12171
-12170
-12169
-12168
-12167
-12166
-12165
-12164
-12163
-12161
-12160
-12159
-12158
-12157
-12156
-12155
-12154
-12153
-12152
-12151
-12150
-12149
-12147
-12146
-12145
-12144
-12143
-12142
-12141
-12140
-12139
-12138
-12137
-12136
-12135
-12132
-12131
-12130
-12129
-12128
-12127
-12126
-12125
-12124
-12123
-12122
-12121
-12120
-12119
-12117
-12115
-12114
-12113
-12112
-12111
-12110
-12109
-12108
-12107
-12106
-12105
-12104
-12103
-12102
-12101
-12100
-12099
-12098
-12096
-12095
-12094
-12093
-12092
-12091
-12090
-12089
-12088
-12087
-12086
-12085
-12084
-12083
-12082
-12081
-12080
-12079
-12078
-12077
-12075
-12074
-12073
-12072
-12071
-12070
-12069
-12068
-12065
-12064
-12063
-12061
-12060
-12059
-12058
-12056
-12055
-12054
-12053
-12051
-12050
-12049
-12048
-12047
-12046
-12045
-12044
-12043
-12042
-12040
-12039
-12038
-12037
-12036
-12035
-12034
-12033
-12032
-12031
-12030
-12029
-12028
-12026
-12025
-12024
-12023
-12022
-12020
-12019
-12018
-12017
-12015
-12014
-12013
-12012
-12011
-12010
-12009
-12007
-12006
-12005
-12000
-11999
-11998
-11997
-11995
-11991
-11990
-11989
-11988
-11985
-11984
-11983
-11980
-11977
-11976
-11975
-11974
-11972
-11971
-11970
-11969
-11967
-11966
-11965
-11963
-11962
-11961
-11960
-11959
-11957
-11956
-11955
-11953
-11952
-11951
-11950
-11949
-11946
-11943
-11942
-11941
-11940
-11939
-11935
-11934
-11933
-11932
-11928
-11927
-11926
-11925
-11923
-11921
-11920
-11919
-11917
-11916
-11915
-11914
-11912
-11910
-11907
-11904
-11903
-11902
-11900
-11899
-11898
-11897
-11895
-11893
-11891
-11890
-11889
-11888
-11887
-11886
-11885
-11883
-11882
-11880
-11879
-11875
-11874
-11872
-11871
-11870
-11869
-11868
-11867
-11865
-11864
-11862
-11860
-11859
-11858
-11857
-11856
-11855
-11854
-11851
-11850
-11849
-11845
-11844
-11840
-11839
-11837
-11836
-11835
-11834
-11831
-11830
-11829
-11826
-11825
-11824
-11823
-11821
-11820
-11819
-11816
-11815
-11814
-11813
-11812
-11811
-11810
-11809
-11808
-11807
-11805
-11804
-11803
-11802
-11801
-11800
-11799
-11795
-11792
-11791
-11790
-11789
-11786
-11785
-11784
-11783
-11781
-11780
-11779
-11778
-11777
-11775
-11774
-11770
-11769
-11768
-11767
-11766
-11765
-11763
-11760
-11759
-11755
-11754
-11753
-11752
-11751
-11750
-11749
-11748
-11747
-11746
-11745
-11744
-11743
-11740
-11739
-11737
-11736
-11735
-11732
-11731
-11730
-11729
-11727
-11726
-11725
-11724
-11723
-11721
-11720
-11719
-11718
-11716
-11715
-11713
-11712
-11711
-11709
-11707
-11705
-11704
-11703
-11700
-11699
-11696
-11695
-11692
-11691
-11690
-11689
-11688
-11687
-11686
-11685
-11684
-11683
-11682
-11681
-11680
-11679
-11676
-11675
-11673
-11671
-11670
-11669
-11668
-11667
-11664
-11663
-11662
-11661
-11660
-11659
-11658
-11657
-11655
-11653
-11651
-11650
-11649
-11648
-11647
-11646
-11645
-11644
-11643
-11642
-11641
-11640
-11639
-11638
-11637
-11636
-11635
-11633
-11632
-11631
-11630
-11629
-11628
-11627
-11625
-11624
-11623
-11621
-11620
-11619
-11618
-11617
-11616
-11615
-11614
-11613
-11612
-11610
-11609
-11606
-11605
-11604
-11603
-11602
-11601
-11600
-11599
-11597
-11596
-11595
-11594
-11593
-11592
-11591
-11590
-11589
-11588
-11587
-11585
-11584
-11583
-11582
-11580
-11579
-11578
-11577
-11575
-11574
-11573
-11572
-11571
-11570
-11569
-11568
-11567
-11566
-11565
-11564
-11563
-11562
-11561
-11560
-11559
-11558
-11557
-11556
-11551
-11550
-11549
-11548
-11547
-11545
-11544
-11543
-11542
-11541
-11540
-11539
-11538
-11537
-11536
-11535
-11534
-11533
-11532
-11531
-11530
-11529
-11528
-11527
-11526
-11525
-11524
-11523
-11521
-11520
-11519
-11518
-11517
-11516
-11515
-11514
-11513
-11510
-11509
-11508
-11507
-11505
-11504
-11503
-11502
-11501
-11500
-11499
-11497
-11496
-11495
-11494
-11493
-11492
-11491
-11490
-11489
-11487
-11486
-11485
-11484
-11483
-11482
-11481
-11480
-11479
-11478
-11477
-11476
-11475
-11474
-11473
-11472
-11471
-11470
-11469
-11468
-11467
-11466
-11465
-11464
-11463
-11462
-11461
-11460
-11459
-11458
-11457
-11456
-11455
-11454
-11453
-11452
-11451
-11450
-11449
-11448
-11447
-11445
-11444
-11443
-11442
-11441
-11440
-11439
-11438
-11437
-11436
-11435
-11434
-11432
-11431
-11430
-11429
-11428
-11427
-11425
-11424
-11423
-11422
-11421
-11420
-11419
-11417
-11416
-11415
-11414
-11413
-11412
-11411
-11410
-11409
-11408
-11407
-11405
-11403
-11402
-11401
-11400
-11399
-11398
-11397
-11396
-11395
-11394
-11393
-11392
-11391
-11390
-11389
-11388
-11387
-11386
-11385
-11384
-11383
-11382
-11381
-11380
-11379
-11378
-11377
-11376
-11375
-11374
-11373
-11371
-11370
-11369
-11368
-11367
-11366
-11365
-11364
-11362
-11361
-11360
-11359
-11358
-11357
-11356
-11355
-11354
-11352
-11351
-11350
-11349
-11348
-11347
-11346
-11345
-11344
-11343
-11340
-11339
-11337
-11335
-11333
-11332
-11331
-11330
-11328
-11327
-11326
-11325
-11324
-11323
-11322
-11321
-11320
-11319
-11318
-11317
-11316
-11315
-11314
-11313
-11312
-11311
-11310
-11309
-11308
-11307
-11306
-11305
-11304
-11303
-11302
-11301
-11300
-11299
-11298
-11297
-11296
-11295
-11293
-11292
-11291
-11290
-11289
-11288
-11286
-11285
-11284
-11283
-11282
-11281
-11280
-11279
-11278
-11277
-11276
-11275
-11274
-11273
-11272
-11271
-11270
-11269
-11268
-11267
-11266
-11264
-11263
-11261
-11260
-11259
-11257
-11256
-11255
-11254
-11253
-11250
-11249
-11248
-11247
-11245
-11242
-11241
-11240
-11239
-11238
-11237
-11236
-11235
-11234
-11233
-11232
-11231
-11230
-11229
-11228
-11227
-11226
-11225
-11224
-11223
-11221
-11220
-11219
-11218
-11217
-11216
-11215
-11214
-11213
-11211
-11210
-11209
-11208
-11207
-11206
-11205
-11204
-11203
-11201
-11200
-11199
-11196
-11195
-11194
-11193
-11191
-11190
-11189
-11187
-11186
-11185
-11184
-11183
-11182
-11180
-11179
-11178
-11176
-11175
-11174
-11173
-11172
-11170
-11169
-11168
-11167
-11166
-11165
-11164
-11160
-11159
-11158
-11157
-11155
-11154
-11152
-11151
-11150
-11149
-11145
-11144
-11143
-11142
-11141
-11140
-11139
-11136
-11135
-11134
-11133
-11132
-11131
-11130
-11129
-11128
-11127
-11125
-11124
-11123
-11122
-11120
-11119
-11118
-11117
-11116
-11115
-11114
-11111
-11110
-11109
-11107
-11106
-11105
-11104
-11102
-11100
-11099
-11097
-11095
-11094
-11093
-11092
-11090
-11089
-11088
-11087
-11086
-11085
-11084
-11083
-11082
-11080
-11079
-11077
-11075
-11074
-11073
-11072
-11071
-11070
-11069
-11067
-11066
-11065
-11064
-11063
-11062
-11060
-11059
-11057
-11055
-11054
-11053
-11052
-11051
-11050
-11049
-11048
-11047
-11046
-11045
-11044
-11043
-11042
-11041
-11040
-11039
-11038
-11037
-11036
-11035
-11034
-11032
-11031
-11030
-11029
-11028
-11027
-11026
-11025
-11024
-11023
-11022
-11021
-11020
-11019
-11018
-11016
-11015
-11014
-11013
-11012
-11011
-11010
-11009
-11008
-11007
-11005
-11004
-11001
-11000
-10999
-10998
-10997
-10995
-10994
-10993
-10992
-10991
-10990
-10989
-10988
-10987
-10985
-10984
-10983
-10982
-10981
-10980
-10979
-10978
-10977
-10976
-10975
-10974
-10972
-10971
-10970
-10969
-10968
-10967
-10966
-10965
-10964
-10963
-10962
-10961
-10960
-10959
-10958
-10957
-10955
-10954
-10953
-10950
-10949
-10948
-10947
-10946
-10945
-10944
-10943
-10942
-10941
-10940
-10939
-10938
-10937
-10935
-10934
-10933
-10931
-10930
-10929
-10928
-10927
-10926
-10925
-10924
-10922
-10921
-10920
-10919
-10917
-10915
-10913
-10912
-10911
-10910
-10909
-10908
-10907
-10906
-10905
-10904
-10903
-10902
-10900
-10899
-10897
-10896
-10895
-10894
-10893
-10890
-10889
-10887
-10886
-10885
-10884
-10881
-10880
-10879
-10878
-10877
-10875
-10874
-10872
-10871
-10870
-10869
-10868
-10867
-10865
-10864
-10863
-10860
-10859
-10857
-10855
-10854
-10852
-10850
-10849
-10848
-10847
-10846
-10845
-10844
-10843
-10842
-10841
-10840
-10839
-10836
-10835
-10834
-10833
-10831
-10830
-10829
-10828
-10827
-10826
-10825
-10824
-10823
-10822
-10821
-10820
-10819
-10818
-10817
-10816
-10815
-10814
-10813
-10812
-10810
-10809
-10808
-10807
-10806
-10805
-10804
-10803
-10802
-10801
-10800
-10799
-10798
-10797
-10796
-10795
-10794
-10793
-10792
-10791
-10790
-10789
-10788
-10787
-10786
-10785
-10784
-10783
-10782
-10781
-10780
-10779
-10778
-10777
-10776
-10775
-10774
-10773
-10772
-10771
-10770
-10769
-10768
-10767
-10766
-10765
-10764
-10762
-10761
-10760
-10759
-10758
-10757
-10756
-10755
-10754
-10753
-10752
-10751
-10750
-10749
-10748
-10747
-10746
-10745
-10744
-10743
-10742
-10741
-10740
-10739
-10738
-10737
-10736
-10735
-10734
-10733
-10732
-10731
-10730
-10729
-10728
-10727
-10726
-10725
-10724
-10722
-10721
-10720
-10719
-10717
-10716
-10715
-10714
-10713
-10712
-10711
-10710
-10709
-10708
-10707
-10706
-10705
-10704
-10703
-10702
-10701
-10700
-10699
-10698
-10697
-10696
-10695
-10694
-10693
-10692
-10691
-10690
-10689
-10688
-10687
-10686
-10685
-10684
-10683
-10682
-10681
-10680
-10679
-10678
-10677
-10676
-10675
-10674
-10673
-10672
-10671
-10670
-10669
-10668
-10667
-10665
-10664
-10663
-10661
-10660
-10659
-10657
-10656
-10655
-10654
-10653
-10652
-10651
-10650
-10649
-10648
-10647
-10646
-10645
-10642
-10640
-10639
-10638
-10636
-10635
-10634
-10633
-10632
-10631
-10630
-10629
-10626
-10625
-10624
-10623
-10622
-10620
-10619
-10617
-10616
-10615
-10613
-10612
-10611
-10610
-10609
-10608
-10607
-10605
-10603
-10602
-10600
-10599
-10598
-10595
-10593
-10591
-10590
-10589
-10588
-10585
-10584
-10583
-10582
-10581
-10580
-10579
-10578
-10577
-10575
-10574
-10573
-10571
-10570
-10569
-10568
-10567
-10566
-10565
-10564
-10563
-10561
-10560
-10559
-10557
-10556
-10555
-10553
-10552
-10551
-10550
-10549
-10548
-10546
-10545
-10544
-10543
-10542
-10541
-10540
-10539
-10537
-10536
-10535
-10533
-10532
-10531
-10530
-10529
-10528
-10527
-10525
-10524
-10523
-10522
-10521
-10520
-10519
-10516
-10515
-10514
-10512
-10511
-10510
-10509
-10507
-10506
-10505
-10504
-10503
-10500
-10499
-10496
-10495
-10494
-10493
-10492
-10491
-10490
-10489
-10488
-10487
-10486
-10485
-10484
-10483
-10482
-10481
-10480
-10479
-10476
-10475
-10474
-10473
-10472
-10471
-10470
-10467
-10466
-10465
-10464
-10463
-10458
-10457
-10456
-10455
-10454
-10451
-10450
-10449
-10448
-10447
-10446
-10445
-10443
-10442
-10441
-10440
-10439
-10437
-10435
-10434
-10432
-10431
-10430
-10429
-10427
-10425
-10424
-10423
-10422
-10421
-10420
-10418
-10416
-10415
-10413
-10412
-10411
-10410
-10409
-10408
-10407
-10406
-10405
-10404
-10403
-10400
-10399
-10398
-10395
-10394
-10393
-10392
-10391
-10390
-10389
-10388
-10387
-10386
-10385
-10384
-10383
-10382
-10381
-10380
-10379
-10378
-10377
-10376
-10375
-10374
-10373
-10372
-10371
-10370
-10369
-10368
-10367
-10366
-10365
-10364
-10363
-10362
-10361
-10360
-10359
-10357
-10356
-10355
-10354
-10353
-10352
-10351
-10350
-10349
-10348
-10347
-10346
-10345
-10344
-10343
-10342
-10341
-10340
-10339
-10338
-10337
-10336
-10335
-10334
-10332
-10331
-10330
-10329
-10328
-10327
-10326
-10325
-10324
-10323
-10322
-10321
-10320
-10319
-10318
-10317
-10316
-10315
-10314
-10313
-10312
-10311
-10310
-10309
-10307
-10306
-10305
-10304
-10303
-10301
-10300
-10299
-10298
-10297
-10296
-10295
-10294
-10293
-10292
-10291
-10290
-10289
-10288
-10287
-10285
-10284
-10283
-10282
-10281
-10280
-10279
-10278
-10277
-10276
-10275
-10274
-10272
-10271
-10270
-10269
-10267
-10266
-10265
-10263
-10262
-10261
-10260
-10259
-10257
-10256
-10255
-10254
-10253
-10252
-10251
-10250
-10249
-10248
-10247
-10246
-10245
-10244
-10242
-10241
-10240
-10239
-10236
-10235
-10234
-10233
-10232
-10231
-10230
-10229
-10227
-10225
-10224
-10223
-10220
-10219
-10217
-10216
-10215
-10214
-10213
-10212
-10211
-10210
-10209
-10208
-10207
-10206
-10205
-10204
-10203
-10202
-10201
-10200
-10199
-10197
-10196
-10195
-10192
-10191
-10190
-10189
-10188
-10187
-10185
-10184
-10183
-10182
-10181
-10180
-10179
-10178
-10176
-10175
-10174
-10173
-10172
-10171
-10170
-10169
-10168
-10167
-10165
-10164
-10163
-10162
-10161
-10160
-10159
-10158
-10157
-10156
-10155
-10154
-10153
-10152
-10151
-10150
-10149
-10148
-10147
-10146
-10145
-10144
-10143
-10142
-10141
-10140
-10139
-10138
-10137
-10136
-10135
-10134
-10133
-10132
-10131
-10130
-10129
-10128
-10127
-10126
-10125
-10124
-10123
-10122
-10121
-10120
-10119
-10118
-10117
-10116
-10115
-10112
-10111
-10110
-10109
-10108
-10107
-10106
-10105
-10104
-10103
-10102
-10101
-10100
-10098
-10097
-10096
-10095
-10094
-10093
-10091
-10090
-10089
-10088
-10087
-10086
-10085
-10084
-10083
-10082
-10081
-10080
-10079
-10077
-10076
-10075
-10074
-10073
-10072
-10071
-10070
-10069
-10067
-10065
-10064
-10063
-10062
-10061
-10060
-10057
-10055
-10054
-10053
-10052
-10050
-10049
-10048
-10047
-10045
-10044
-10043
-10042
-10040
-10039
-10038
-10037
-10036
-10035
-10034
-10032
-10031
-10030
-10029
-10027
-10026
-10025
-10024
-10023
-10021
-10020
-10019
-10017
-10015
-10014
-10011
-10010
-10009
-10008
-10007
-10005
-10004
-10003
-10002
-10000
-9999
-9998
-9997
-9996
-9995
-9994
-9993
-9992
-9991
-9990
-9989
-9988
-9984
-9983
-9982
-9981
-9980
-9979
-9978
-9977
-9976
-9975
-9974
-9973
-9968
-9967
-9966
-9964
-9963
-9962
-9960
-9959
-9958
-9955
-9954
-9952
-9951
-9950
-9949
-9947
-9945
-9944
-9943
-9942
-9941
-9940
-9939
-9938
-9937
-9936
-9935
-9934
-9933
-9932
-9931
-9930
-9929
-9928
-9927
-9926
-9925
-9924
-9923
-9922
-9921
-9920
-9919
-9918
-9917
-9916
-9915
-9914
-9913
-9912
-9911
-9910
-9909
-9908
-9907
-9905
-9904
-9903
-9901
-9900
-9899
-9898
-9897
-9896
-9895
-9894
-9893
-9892
-9891
-9890
-9889
-9888
-9887
-9885
-9884
-9883
-9882
-9880
-9879
-9877
-9875
-9874
-9873
-9872
-9871
-9870
-9869
-9867
-9865
-9864
-9863
-9862
-9861
-9860
-9859
-9858
-9857
-9856
-9855
-9854
-9852
-9851
-9850
-9849
-9848
-9847
-9846
-9845
-9844
-9843
-9842
-9840
-9839
-9838
-9837
-9836
-9835
-9834
-9833
-9832
-9831
-9830
-9829
-9828
-9827
-9825
-9824
-9823
-9822
-9821
-9819
-9818
-9817
-9816
-9815
-9814
-9813
-9810
-9809
-9808
-9807
-9806
-9805
-9804
-9803
-9802
-9801
-9800
-9799
-9798
-9797
-9796
-9795
-9794
-9793
-9792
-9791
-9790
-9789
-9788
-9787
-9786
-9785
-9784
-9783
-9780
-9779
-9776
-9775
-9774
-9773
-9768
-9767
-9765
-9764
-9763
-9762
-9760
-9759
-9758
-9757
-9755
-9754
-9753
-9752
-9751
-9750
-9749
-9748
-9747
-9745
-9744
-9743
-9742
-9741
-9740
-9739
-9738
-9737
-9736
-9735
-9734
-9733
-9732
-9731
-9730
-9729
-9728
-9727
-9725
-9724
-9723
-9722
-9721
-9720
-9719
-9717
-9716
-9715
-9714
-9713
-9712
-9711
-9710
-9709
-9708
-9707
-9706
-9705
-9704
-9703
-9702
-9701
-9700
-9699
-9696
-9695
-9694
-9690
-9689
-9688
-9687
-9685
-9684
-9681
-9680
-9679
-9677
-9676
-9675
-9674
-9673
-9672
-9671
-9670
-9669
-9667
-9666
-9665
-9664
-9663
-9660
-9659
-9658
-9657
-9656
-9655
-9653
-9652
-9651
-9650
-9649
-9648
-9647
-9646
-9645
-9644
-9642
-9641
-9640
-9639
-9638
-9636
-9635
-9634
-9633
-9632
-9631
-9630
-9629
-9628
-9625
-9624
-9623
-9622
-9621
-9620
-9619
-9618
-9617
-9615
-9614
-9613
-9612
-9611
-9610
-9609
-9608
-9607
-9606
-9605
-9604
-9603
-9602
-9601
-9600
-9599
-9597
-9596
-9595
-9594
-9593
-9592
-9591
-9590
-9589
-9587
-9586
-9585
-9584
-9583
-9582
-9581
-9580
-9576
-9575
-9574
-9573
-9571
-9570
-9569
-9568
-9567
-9565
-9563
-9561
-9560
-9559
-9558
-9557
-9555
-9553
-9552
-9551
-9550
-9549
-9548
-9547
-9546
-9545
-9544
-9543
-9542
-9541
-9540
-9538
-9537
-9535
-9534
-9533
-9532
-9531
-9530
-9529
-9528
-9527
-9526
-9525
-9524
-9522
-9521
-9520
-9519
-9517
-9516
-9515
-9514
-9513
-9512
-9511
-9510
-9509
-9508
-9507
-9506
-9505
-9504
-9503
-9502
-9501
-9500
-9499
-9498
-9496
-9495
-9494
-9493
-9492
-9491
-9490
-9489
-9488
-9487
-9486
-9485
-9484
-9483
-9482
-9481
-9480
-9479
-9478
-9477
-9476
-9475
-9474
-9472
-9471
-9470
-9469
-9468
-9467
-9466
-9465
-9464
-9463
-9462
-9461
-9460
-9459
-9457
-9456
-9455
-9454
-9453
-9452
-9451
-9450
-9449
-9448
-9447
-9446
-9445
-9444
-9443
-9442
-9441
-9440
-9439
-9438
-9437
-9435
-9434
-9433
-9432
-9431
-9430
-9429
-9427
-9425
-9424
-9423
-9422
-9420
-9419
-9418
-9417
-9415
-9414
-9413
-9411
-9410
-9409
-9408
-9407
-9405
-9403
-9402
-9401
-9400
-9399
-9398
-9396
-9395
-9394
-9392
-9391
-9390
-9389
-9387
-9385
-9384
-9383
-9381
-9380
-9379
-9378
-9377
-9376
-9375
-9374
-9373
-9372
-9370
-9369
-9367
-9366
-9365
-9364
-9363
-9362
-9361
-9360
-9359
-9358
-9357
-9355
-9354
-9353
-9352
-9351
-9350
-9349
-9348
-9347
-9346
-9345
-9344
-9343
-9342
-9341
-9340
-9339
-9338
-9337
-9336
-9335
-9334
-9333
-9332
-9331
-9330
-9329
-9328
-9327
-9326
-9325
-9324
-9321
-9320
-9319
-9318
-9317
-9316
-9315
-9312
-9311
-9310
-9309
-9306
-9305
-9303
-9302
-9301
-9300
-9299
-9296
-9295
-9292
-9291
-9290
-9289
-9288
-9287
-9286
-9285
-9284
-9282
-9281
-9280
-9279
-9278
-9277
-9276
-9275
-9274
-9271
-9270
-9269
-9266
-9265
-9264
-9263
-9262
-9261
-9260
-9259
-9257
-9256
-9255
-9254
-9253
-9252
-9251
-9250
-9249
-9248
-9247
-9245
-9244
-9242
-9241
-9240
-9239
-9236
-9235
-9234
-9233
-9232
-9231
-9230
-9229
-9226
-9225
-9224
-9223
-9222
-9221
-9220
-9219
-9218
-9217
-9216
-9215
-9214
-9213
-9212
-9211
-9210
-9209
-9208
-9207
-9206
-9205
-9204
-9203
-9201
-9200
-9199
-9198
-9197
-9196
-9195
-9194
-9193
-9191
-9190
-9189
-9188
-9187
-9186
-9185
-9184
-9183
-9182
-9180
-9179
-9178
-9177
-9176
-9175
-9174
-9173
-9172
-9171
-9170
-9169
-9168
-9167
-9166
-9165
-9164
-9163
-9162
-9161
-9160
-9159
-9158
-9157
-9156
-9155
-9153
-9152
-9151
-9150
-9149
-9147
-9146
-9145
-9144
-9143
-9142
-9141
-9140
-9139
-9137
-9135
-9134
-9132
-9131
-9130
-9129
-9128
-9127
-9126
-9125
-9124
-9123
-9122
-9121
-9120
-9119
-9118
-9117
-9116
-9115
-9114
-9113
-9112
-9111
-9110
-9109
-9108
-9107
-9106
-9105
-9104
-9103
-9102
-9101
-9100
-9099
-9098
-9097
-9096
-9095
-9094
-9093
-9092
-9091
-9090
-9089
-9088
-9087
-9086
-9085
-9084
-9083
-9082
-9081
-9080
-9079
-9078
-9077
-9076
-9075
-9074
-9072
-9071
-9070
-9069
-9068
-9067
-9066
-9065
-9064
-9063
-9062
-9061
-9060
-9059
-9058
-9056
-9055
-9054
-9053
-9052
-9051
-9050
-9049
-9048
-9047
-9045
-9044
-9043
-9042
-9041
-9040
-9039
-9037
-9036
-9035
-9034
-9032
-9031
-9030
-9029
-9027
-9025
-9024
-9023
-9022
-9021
-9020
-9019
-9018
-9017
-9016
-9015
-9014
-9013
-9012
-9011
-9010
-9009
-9008
-9007
-9006
-9005
-9004
-9003
-9002
-9001
-9000
-8999
-8998
-8997
-8996
-8995
-8994
-8993
-8992
-8991
-8990
-8989
-8988
-8987
-8986
-8985
-8984
-8983
-8982
-8981
-8980
-8979
-8978
-8977
-8976
-8975
-8974
-8973
-8972
-8971
-8970
-8969
-8968
-8967
-8966
-8965
-8964
-8963
-8962
-8961
-8960
-8959
-8958
-8957
-8956
-8955
-8954
-8953
-8952
-8951
-8950
-8949
-8948
-8947
-8946
-8945
-8944
-8943
-8942
-8941
-8940
-8939
-8938
-8937
-8936
-8935
-8934
-8933
-8932
-8931
-8930
-8929
-8928
-8927
-8926
-8925
-8924
-8923
-8922
-8921
-8920
-8919
-8918
-8917
-8916
-8915
-8914
-8911
-8910
-8909
-8908
-8907
-8906
-8905
-8904
-8903
-8902
-8901
-8900
-8899
-8897
-8896
-8895
-8893
-8892
-8891
-8890
-8889
-8888
-8887
-8886
-8885
-8884
-8883
-8881
-8880
-8879
-8876
-8875
-8874
-8873
-8872
-8871
-8870
-8869
-8868
-8867
-8866
-8865
-8864
-8863
-8862
-8861
-8860
-8859
-8858
-8857
-8856
-8855
-8854
-8853
-8852
-8851
-8850
-8849
-8848
-8847
-8846
-8845
-8844
-8843
-8842
-8841
-8840
-8839
-8838
-8837
-8836
-8835
-8834
-8833
-8832
-8831
-8830
-8829
-8828
-8827
-8826
-8825
-8824
-8823
-8822
-8821
-8820
-8819
-8818
-8817
-8816
-8815
-8814
-8813
-8812
-8811
-8810
-8809
-8808
-8807
-8806
-8805
-8804
-8803
-8802
-8800
-8799
-8798
-8797
-8795
-8793
-8792
-8791
-8790
-8789
-8787
-8785
-8784
-8783
-8782
-8780
-8779
-8778
-8777
-8776
-8775
-8774
-8773
-8772
-8771
-8770
-8769
-8768
-8767
-8766
-8765
-8764
-8763
-8761
-8760
-8759
-8757
-8756
-8755
-8753
-8751
-8750
-8749
-8748
-8747
-8745
-8744
-8743
-8742
-8741
-8740
-8739
-8736
-8735
-8734
-8733
-8732
-8731
-8730
-8729
-8728
-8727
-8725
-8724
-8723
-8722
-8721
-8720
-8719
-8718
-8715
-8714
-8712
-8711
-8709
-8708
-8707
-8706
-8705
-8704
-8703
-8701
-8700
-8699
-8697
-8696
-8695
-8694
-8693
-8692
-8691
-8690
-8689
-8688
-8687
-8686
-8685
-8684
-8683
-8682
-8681
-8680
-8679
-8677
-8676
-8675
-8674
-8673
-8672
-8671
-8670
-8669
-8668
-8667
-8666
-8665
-8664
-8663
-8662
-8661
-8660
-8659
-8658
-8657
-8655
-8654
-8653
-8652
-8650
-8649
-8648
-8647
-8646
-8645
-8644
-8643
-8642
-8641
-8640
-8639
-8638
-8637
-8636
-8635
-8634
-8633
-8632
-8631
-8630
-8629
-8627
-8626
-8625
-8624
-8623
-8622
-8621
-8620
-8619
-8617
-8616
-8615
-8614
-8613
-8612
-8611
-8610
-8609
-8607
-8606
-8605
-8604
-8603
-8602
-8601
-8600
-8599
-8598
-8597
-8595
-8594
-8593
-8592
-8591
-8590
-8589
-8587
-8586
-8585
-8584
-8583
-8582
-8581
-8580
-8579
-8578
-8577
-8576
-8575
-8574
-8573
-8572
-8571
-8570
-8569
-8568
-8567
-8566
-8565
-8564
-8563
-8562
-8561
-8560
-8559
-8558
-8557
-8556
-8555
-8554
-8553
-8552
-8551
-8550
-8549
-8548
-8547
-8546
-8545
-8544
-8543
-8542
-8541
-8540
-8539
-8538
-8537
-8536
-8535
-8534
-8533
-8532
-8531
-8530
-8529
-8528
-8527
-8526
-8525
-8524
-8523
-8522
-8521
-8520
-8519
-8518
-8517
-8516
-8515
-8514
-8513
-8512
-8511
-8510
-8509
-8508
-8507
-8506
-8505
-8504
-8503
-8502
-8501
-8500
-8499
-8498
-8497
-8496
-8495
-8494
-8493
-8492
-8491
-8490
-8489
-8488
-8487
-8486
-8485
-8484
-8483
-8482
-8480
-8479
-8478
-8477
-8476
-8475
-8474
-8472
-8471
-8470
-8469
-8466
-8465
-8464
-8463
-8462
-8460
-8459
-8458
-8457
-8456
-8455
-8454
-8453
-8452
-8451
-8450
-8449
-8448
-8447
-8446
-8445
-8443
-8442
-8441
-8440
-8439
-8438
-8437
-8436
-8435
-8433
-8432
-8431
-8430
-8429
-8428
-8427
-8426
-8425
-8424
-8423
-8421
-8420
-8419
-8418
-8417
-8416
-8415
-8414
-8413
-8411
-8410
-8409
-8408
-8407
-8406
-8405
-8404
-8403
-8401
-8400
-8399
-8398
-8397
-8396
-8395
-8394
-8393
-8392
-8391
-8390
-8389
-8388
-8387
-8386
-8385
-8384
-8383
-8382
-8380
-8379
-8378
-8377
-8376
-8375
-8374
-8373
-8372
-8371
-8370
-8369
-8368
-8367
-8366
-8365
-8364
-8363
-8362
-8361
-8360
-8359
-8358
-8357
-8355
-8354
-8353
-8352
-8351
-8350
-8349
-8348
-8347
-8346
-8345
-8344
-8343
-8342
-8341
-8340
-8339
-8338
-8337
-8335
-8334
-8333
-8332
-8331
-8330
-8329
-8328
-8327
-8326
-8325
-8324
-8323
-8322
-8321
-8320
-8319
-8318
-8316
-8315
-8313
-8312
-8311
-8310
-8309
-8308
-8307
-8306
-8305
-8304
-8303
-8302
-8301
-8300
-8299
-8298
-8297
-8296
-8295
-8294
-8293
-8292
-8291
-8290
-8289
-8288
-8287
-8286
-8285
-8284
-8283
-8282
-8281
-8280
-8279
-8278
-8277
-8276
-8275
-8274
-8273
-8272
-8271
-8270
-8269
-8268
-8267
-8266
-8265
-8264
-8263
-8262
-8261
-8260
-8259
-8258
-8257
-8256
-8255
-8254
-8253
-8252
-8251
-8250
-8249
-8248
-8247
-8246
-8245
-8244
-8243
-8242
-8241
-8240
-8239
-8238
-8237
-8236
-8235
-8234
-8233
-8232
-8231
-8230
-8229
-8228
-8227
-8226
-8225
-8224
-8223
-8222
-8220
-8219
-8218
-8217
-8216
-8215
-8214
-8213
-8211
-8210
-8209
-8208
-8207
-8206
-8205
-8204
-8203
-8202
-8201
-8200
-8199
-8198
-8197
-8196
-8195
-8194
-8193
-8192
-8191
-8190
-8189
-8188
-8187
-8186
-8185
-8184
-8183
-8182
-8181
-8180
-8179
-8178
-8177
-8176
-8175
-8174
-8173
-8172
-8171
-8170
-8169
-8167
-8166
-8165
-8164
-8163
-8162
-8161
-8160
-8159
-8158
-8157
-8156
-8155
-8154
-8153
-8152
-8151
-8150
-8149
-8148
-8147
-8146
-8145
-8144
-8143
-8142
-8141
-8140
-8139
-8138
-8136
-8135
-8134
-8133
-8132
-8131
-8130
-8129
-8128
-8127
-8126
-8125
-8124
-8123
-8122
-8121
-8120
-8119
-8118
-8117
-8116
-8115
-8113
-8112
-8111
-8110
-8109
-8108
-8107
-8106
-8105
-8104
-8103
-8100
-8099
-8098
-8096
-8095
-8094
-8093
-8092
-8091
-8090
-8089
-8088
-8087
-8086
-8085
-8083
-8082
-8081
-8080
-8079
-8078
-8077
-8076
-8075
-8074
-8073
-8071
-8070
-8069
-8068
-8067
-8066
-8065
-8064
-8063
-8061
-8060
-8059
-8058
-8057
-8056
-8055
-8054
-8053
-8052
-8051
-8050
-8049
-8048
-8047
-8046
-8045
-8043
-8042
-8041
-8040
-8039
-8038
-8037
-8036
-8035
-8034
-8033
-8032
-8031
-8030
-8029
-8028
-8027
-8026
-8025
-8024
-8023
-8022
-8021
-8020
-8019
-8018
-8017
-8016
-8015
-8014
-8013
-8012
-8011
-8010
-8009
-8008
-8007
-8006
-8005
-8004
-8003
-8002
-8001
-8000
-7999
-7998
-7997
-7996
-7995
-7994
-7993
-7992
-7991
-7990
-7989
-7988
-7987
-7986
-7985
-7984
-7983
-7982
-7980
-7979
-7978
-7977
-7976
-7975
-7974
-7973
-7971
-7970
-7969
-7968
-7967
-7966
-7965
-7964
-7963
-7961
-7960
-7959
-7958
-7957
-7956
-7955
-7953
-7952
-7951
-7950
-7949
-7948
-7947
-7946
-7945
-7944
-7943
-7942
-7941
-7940
-7939
-7938
-7937
-7936
-7935
-7933
-7932
-7931
-7930
-7929
-7928
-7927
-7925
-7924
-7923
-7922
-7920
-7919
-7918
-7917
-7916
-7915
-7913
-7912
-7911
-7910
-7909
-7907
-7905
-7904
-7903
-7902
-7900
-7899
-7898
-7897
-7896
-7895
-7894
-7893
-7892
-7890
-7889
-7888
-7887
-7886
-7885
-7884
-7882
-7881
-7880
-7879
-7878
-7877
-7876
-7875
-7874
-7872
-7871
-7870
-7869
-7868
-7867
-7866
-7865
-7864
-7861
-7860
-7859
-7858
-7857
-7855
-7854
-7853
-7852
-7851
-7850
-7849
-7848
-7847
-7846
-7845
-7844
-7843
-7840
-7839
-7838
-7836
-7835
-7834
-7833
-7832
-7831
-7830
-7826
-7825
-7824
-7823
-7822
-7821
-7820
-7819
-7817
-7816
-7815
-7812
-7811
-7810
-7809
-7808
-7807
-7806
-7805
-7803
-7802
-7800
-7799
-7798
-7797
-7795
-7794
-7793
-7792
-7791
-7790
-7789
-7788
-7787
-7786
-7785
-7784
-7783
-7782
-7781
-7780
-7779
-7778
-7777
-7776
-7775
-7774
-7773
-7772
-7771
-7770
-7769
-7768
-7767
-7766
-7765
-7764
-7763
-7762
-7760
-7759
-7758
-7757
-7756
-7755
-7754
-7753
-7752
-7751
-7750
-7749
-7748
-7747
-7746
-7745
-7744
-7743
-7742
-7741
-7740
-7739
-7738
-7737
-7736
-7735
-7734
-7733
-7732
-7731
-7730
-7729
-7728
-7727
-7726
-7725
-7724
-7723
-7722
-7721
-7720
-7719
-7718
-7717
-7716
-7715
-7714
-7713
-7712
-7711
-7710
-7709
-7708
-7707
-7706
-7705
-7704
-7703
-7702
-7701
-7700
-7699
-7698
-7697
-7696
-7695
-7694
-7693
-7692
-7691
-7690
-7689
-7688
-7687
-7686
-7685
-7684
-7683
-7682
-7681
-7680
-7679
-7678
-7677
-7676
-7675
-7674
-7673
-7672
-7671
-7670
-7669
-7668
-7667
-7666
-7665
-7664
-7663
-7662
-7661
-7660
-7659
-7658
-7657
-7656
-7655
-7654
-7653
-7652
-7651
-7650
-7649
-7648
-7647
-7646
-7645
-7644
-7643
-7642
-7641
-7640
-7639
-7638
-7637
-7636
-7635
-7634
-7633
-7632
-7631
-7630
-7629
-7628
-7627
-7626
-7625
-7624
-7623
-7622
-7621
-7620
-7619
-7618
-7617
-7616
-7615
-7614
-7613
-7612
-7611
-7610
-7609
-7608
-7607
-7606
-7605
-7604
-7603
-7602
-7601
-7600
-7599
-7598
-7596
-7595
-7594
-7593
-7592
-7591
-7590
-7589
-7588
-7587
-7585
-7584
-7583
-7582
-7581
-7580
-7579
-7578
-7577
-7576
-7575
-7574
-7573
-7572
-7571
-7570
-7569
-7568
-7567
-7566
-7565
-7564
-7563
-7562
-7561
-7560
-7559
-7558
-7557
-7556
-7555
-7553
-7552
-7551
-7550
-7549
-7548
-7547
-7546
-7545
-7544
-7543
-7542
-7541
-7540
-7539
-7538
-7537
-7536
-7535
-7534
-7533
-7532
-7531
-7530
-7529
-7528
-7527
-7526
-7525
-7524
-7523
-7520
-7519
-7518
-7517
-7516
-7515
-7514
-7513
-7512
-7511
-7510
-7509
-7508
-7507
-7506
-7505
-7504
-7503
-7502
-7501
-7500
-7499
-7498
-7497
-7496
-7495
-7494
-7493
-7492
-7491
-7490
-7489
-7488
-7487
-7485
-7484
-7483
-7482
-7481
-7480
-7479
-7478
-7476
-7475
-7474
-7472
-7471
-7470
-7469
-7468
-7467
-7466
-7465
-7464
-7463
-7462
-7461
-7460
-7459
-7458
-7457
-7456
-7455
-7454
-7453
-7452
-7450
-7449
-7448
-7447
-7446
-7445
-7444
-7443
-7442
-7441
-7440
-7439
-7437
-7436
-7435
-7434
-7433
-7432
-7431
-7430
-7429
-7427
-7426
-7425
-7424
-7423
-7421
-7420
-7419
-7418
-7417
-7416
-7415
-7413
-7411
-7410
-7409
-7408
-7407
-7406
-7405
-7404
-7403
-7400
-7399
-7398
-7397
-7396
-7395
-7393
-7392
-7391
-7390
-7389
-7388
-7387
-7386
-7385
-7384
-7383
-7382
-7381
-7380
-7379
-7378
-7377
-7376
-7375
-7374
-7373
-7371
-7370
-7369
-7368
-7367
-7366
-7365
-7364
-7362
-7361
-7360
-7359
-7357
-7355
-7354
-7353
-7352
-7351
-7350
-7349
-7348
-7347
-7346
-7345
-7344
-7343
-7341
-7340
-7339
-7338
-7337
-7336
-7335
-7332
-7331
-7330
-7329
-7328
-7327
-7326
-7325
-7324
-7323
-7322
-7321
-7320
-7319
-7317
-7316
-7315
-7314
-7313
-7311
-7310
-7309
-7308
-7307
-7306
-7305
-7304
-7303
-7302
-7301
-7300
-7299
-7298
-7297
-7296
-7295
-7294
-7293
-7292
-7290
-7289
-7288
-7287
-7286
-7285
-7284
-7283
-7282
-7281
-7280
-7279
-7278
-7277
-7276
-7275
-7274
-7273
-7272
-7271
-7270
-7269
-7268
-7267
-7266
-7265
-7264
-7263
-7262
-7261
-7260
-7259
-7258
-7257
-7256
-7255
-7254
-7253
-7252
-7251
-7250
-7249
-7248
-7247
-7245
-7244
-7243
-7242
-7241
-7240
-7239
-7238
-7237
-7236
-7235
-7234
-7233
-7232
-7231
-7230
-7229
-7228
-7227
-7226
-7225
-7224
-7223
-7222
-7221
-7220
-7219
-7218
-7217
-7216
-7215
-7214
-7213
-7212
-7211
-7210
-7209
-7208
-7207
-7206
-7205
-7204
-7203
-7202
-7201
-7200
-7199
-7197
-7196
-7195
-7194
-7193
-7192
-7191
-7190
-7189
-7188
-7187
-7186
-7185
-7184
-7183
-7182
-7181
-7180
-7179
-7178
-7177
-7176
-7175
-7174
-7173
-7172
-7171
-7170
-7169
-7168
-7167
-7166
-7165
-7164
-7163
-7162
-7161
-7160
-7159
-7158
-7157
-7156
-7155
-7154
-7152
-7151
-7150
-7149
-7148
-7147
-7146
-7145
-7144
-7143
-7142
-7141
-7140
-7139
-7138
-7137
-7135
-7134
-7133
-7132
-7131
-7130
-7129
-7128
-7127
-7126
-7125
-7124
-7123
-7122
-7121
-7120
-7119
-7118
-7117
-7116
-7115
-7114
-7113
-7112
-7111
-7110
-7109
-7108
-7107
-7106
-7105
-7104
-7103
-7102
-7101
-7100
-7099
-7098
-7097
-7096
-7095
-7094
-7093
-7092
-7091
-7090
-7089
-7088
-7087
-7086
-7085
-7084
-7083
-7082
-7081
-7080
-7079
-7078
-7077
-7076
-7075
-7074
-7073
-7072
-7071
-7070
-7069
-7066
-7065
-7064
-7063
-7062
-7061
-7060
-7059
-7058
-7056
-7055
-7054
-7053
-7052
-7051
-7050
-7049
-7048
-7047
-7046
-7045
-7044
-7043
-7042
-7041
-7040
-7039
-7038
-7037
-7035
-7034
-7033
-7032
-7031
-7030
-7029
-7028
-7027
-7025
-7024
-7023
-7021
-7020
-7019
-7018
-7017
-7016
-7015
-7014
-7013
-7012
-7011
-7010
-7009
-7008
-7007
-7006
-7005
-7004
-7003
-7002
-7001
-7000
-6999
-6998
-6996
-6995
-6994
-6993
-6992
-6991
-6990
-6989
-6988
-6987
-6986
-6985
-6984
-6983
-6982
-6981
-6980
-6979
-6978
-6977
-6976
-6975
-6974
-6973
-6972
-6971
-6970
-6969
-6968
-6967
-6966
-6965
-6964
-6963
-6962
-6961
-6960
-6959
-6958
-6957
-6956
-6955
-6954
-6953
-6952
-6951
-6950
-6949
-6948
-6947
-6945
-6944
-6943
-6942
-6941
-6940
-6939
-6938
-6937
-6936
-6935
-6932
-6931
-6930
-6929
-6928
-6927
-6926
-6925
-6924
-6923
-6922
-6921
-6920
-6919
-6918
-6917
-6916
-6915
-6914
-6912
-6911
-6910
-6909
-6908
-6907
-6906
-6905
-6904
-6903
-6902
-6901
-6900
-6899
-6898
-6897
-6896
-6895
-6894
-6893
-6892
-6891
-6890
-6889
-6888
-6887
-6886
-6885
-6884
-6883
-6882
-6881
-6880
-6879
-6878
-6877
-6876
-6875
-6874
-6873
-6872
-6871
-6870
-6869
-6868
-6867
-6866
-6865
-6864
-6863
-6862
-6861
-6860
-6859
-6858
-6857
-6856
-6855
-6854
-6853
-6852
-6851
-6850
-6849
-6848
-6847
-6846
-6845
-6844
-6843
-6842
-6841
-6840
-6839
-6838
-6837
-6836
-6835
-6834
-6833
-6832
-6831
-6830
-6829
-6828
-6827
-6826
-6825
-6824
-6823
-6822
-6821
-6820
-6819
-6818
-6817
-6816
-6815
-6814
-6813
-6812
-6811
-6810
-6809
-6808
-6807
-6806
-6805
-6804
-6803
-6802
-6801
-6800
-6799
-6798
-6797
-6795
-6794
-6793
-6792
-6791
-6790
-6789
-6788
-6787
-6786
-6785
-6784
-6783
-6782
-6781
-6780
-6779
-6778
-6777
-6776
-6775
-6774
-6773
-6772
-6771
-6770
-6769
-6768
-6767
-6766
-6765
-6763
-6762
-6761
-6760
-6759
-6758
-6757
-6756
-6755
-6753
-6751
-6750
-6749
-6748
-6747
-6746
-6745
-6744
-6743
-6742
-6741
-6740
-6739
-6738
-6737
-6735
-6734
-6733
-6732
-6731
-6730
-6729
-6728
-6727
-6726
-6725
-6724
-6723
-6722
-6721
-6720
-6719
-6718
-6717
-6716
-6715
-6714
-6713
-6712
-6711
-6710
-6709
-6708
-6707
-6706
-6705
-6704
-6703
-6702
-6701
-6700
-6699
-6698
-6697
-6696
-6695
-6694
-6693
-6692
-6691
-6690
-6689
-6688
-6687
-6685
-6684
-6683
-6682
-6681
-6680
-6679
-6678
-6677
-6675
-6674
-6673
-6672
-6671
-6670
-6669
-6668
-6667
-6666
-6665
-6664
-6663
-6662
-6661
-6660
-6659
-6658
-6657
-6656
-6655
-6654
-6653
-6652
-6651
-6650
-6649
-6648
-6647
-6646
-6645
-6644
-6643
-6642
-6641
-6640
-6639
-6638
-6637
-6636
-6635
-6634
-6633
-6632
-6631
-6630
-6629
-6628
-6627
-6626
-6625
-6624
-6623
-6622
-6621
-6620
-6619
-6618
-6617
-6616
-6615
-6614
-6613
-6612
-6611
-6610
-6609
-6608
-6607
-6606
-6605
-6604
-6603
-6602
-6601
-6600
-6599
-6598
-6597
-6596
-6595
-6594
-6593
-6592
-6591
-6590
-6589
-6588
-6587
-6586
-6585
-6584
-6583
-6582
-6581
-6580
-6579
-6578
-6577
-6576
-6575
-6574
-6573
-6572
-6571
-6570
-6569
-6568
-6567
-6566
-6565
-6564
-6563
-6562
-6561
-6560
-6559
-6558
-6557
-6556
-6555
-6554
-6553
-6552
-6551
-6550
-6549
-6548
-6547
-6546
-6545
-6544
-6543
-6542
-6541
-6540
-6539
-6538
-6537
-6536
-6535
-6534
-6533
-6532
-6531
-6530
-6529
-6528
-6527
-6526
-6525
-6524
-6523
-6522
-6521
-6520
-6519
-6518
-6517
-6516
-6515
-6514
-6513
-6512
-6511
-6510
-6509
-6508
-6507
-6506
-6505
-6504
-6503
-6502
-6501
-6500
-6499
-6498
-6497
-6496
-6495
-6494
-6493
-6492
-6491
-6490
-6489
-6488
-6487
-6486
-6485
-6484
-6483
-6482
-6481
-6480
-6479
-6478
-6477
-6476
-6475
-6474
-6473
-6472
-6471
-6470
-6469
-6468
-6467
-6465
-6464
-6463
-6462
-6461
-6460
-6459
-6458
-6457
-6456
-6455
-6454
-6453
-6452
-6451
-6450
-6449
-6448
-6447
-6446
-6445
-6444
-6443
-6442
-6441
-6440
-6439
-6438
-6437
-6436
-6435
-6434
-6433
-6432
-6431
-6430
-6429
-6428
-6427
-6426
-6425
-6424
-6423
-6422
-6421
-6420
-6419
-6418
-6417
-6416
-6415
-6414
-6413
-6412
-6411
-6410
-6409
-6408
-6407
-6406
-6405
-6404
-6403
-6402
-6401
-6400
-6399
-6398
-6397
-6396
-6395
-6394
-6393
-6392
-6391
-6390
-6389
-6388
-6387
-6386
-6385
-6384
-6383
-6382
-6381
-6380
-6379
-6378
-6377
-6376
-6375
-6374
-6373
-6372
-6371
-6370
-6369
-6368
-6367
-6366
-6365
-6364
-6363
-6362
-6361
-6360
-6359
-6358
-6357
-6356
-6355
-6354
-6353
-6352
-6351
-6350
-6349
-6347
-6346
-6345
-6344
-6343
-6342
-6341
-6340
-6339
-6338
-6337
-6336
-6335
-6334
-6333
-6332
-6331
-6330
-6329
-6328
-6327
-6326
-6325
-6324
-6323
-6322
-6321
-6320
-6319
-6318
-6317
-6316
-6315
-6314
-6313
-6312
-6311
-6310
-6309
-6308
-6307
-6306
-6305
-6304
-6303
-6302
-6300
-6299
-6298
-6297
-6296
-6295
-6294
-6293
-6292
-6291
-6290
-6289
-6288
-6287
-6286
-6285
-6284
-6283
-6282
-6281
-6280
-6279
-6278
-6277
-6276
-6275
-6274
-6273
-6272
-6271
-6270
-6269
-6268
-6267
-6266
-6265
-6264
-6263
-6262
-6261
-6260
-6259
-6258
-6257
-6256
-6255
-6254
-6253
-6252
-6251
-6250
-6249
-6248
-6247
-6246
-6245
-6244
-6243
-6242
-6241
-6240
-6239
-6238
-6237
-6236
-6235
-6234
-6233
-6232
-6231
-6230
-6229
-6228
-6227
-6226
-6225
-6224
-6223
-6222
-6221
-6220
-6219
-6218
-6217
-6216
-6215
-6214
-6213
-6212
-6211
-6210
-6209
-6208
-6207
-6206
-6205
-6204
-6203
-6202
-6201
-6200
-6199
-6198
-6197
-6196
-6195
-6194
-6193
-6192
-6191
-6190
-6189
-6188
-6187
-6186
-6185
-6184
-6183
-6182
-6181
-6180
-6179
-6178
-6177
-6176
-6175
-6174
-6173
-6172
-6171
-6170
-6169
-6168
-6167
-6166
-6165
-6164
-6163
-6162
-6161
-6160
-6159
-6158
-6157
-6156
-6155
-6154
-6153
-6152
-6151
-6150
-6149
-6148
-6147
-6146
-6145
-6144
-6143
-6142
-6141
-6140
-6139
-6138
-6137
-6136
-6135
-6134
-6133
-6132
-6131
-6130
-6129
-6128
-6127
-6126
-6125
-6124
-6123
-6122
-6121
-6120
-6119
-6118
-6117
-6116
-6115
-6114
-6113
-6112
-6111
-6110
-6109
-6108
-6107
-6106
-6105
-6104
-6103
-6102
-6101
-6100
-6099
-6098
-6097
-6096
-6095
-6094
-6093
-6092
-6091
-6090
-6089
-6088
-6087
-6086
-6085
-6084
-6083
-6082
-6081
-6080
-6079
-6078
-6077
-6076
-6075
-6074
-6073
-6072
-6071
-6070
-6069
-6068
-6067
-6066
-6065
-6064
-6063
-6062
-6061
-6060
-6059
-6058
-6057
-6056
-6055
-6054
-6053
-6052
-6051
-6050
-6049
-6048
-6047
-6046
-6045
-6044
-6043
-6042
-6041
-6040
-6039
-6038
-6037
-6036
-6035
-6034
-6033
-6032
-6031
-6030
-6029
-6028
-6027
-6026
-6025
-6024
-6023
-6021
-6020
-6019
-6018
-6017
-6016
-6015
-6013
-6012
-6011
-6010
-6009
-6008
-6007
-6006
-6005
-6004
-6003
-6002
-6001
-6000
-5999
-5998
-5997
-5996
-5995
-5994
-5993
-5992
-5991
-5990
-5989
-5988
-5986
-5985
-5984
-5983
-5982
-5981
-5980
-5979
-5978
-5977
-5976
-5975
-5974
-5973
-5972
-5971
-5970
-5969
-5968
-5967
-5966
-5965
-5964
-5963
-5962
-5961
-5960
-5959
-5958
-5957
-5956
-5955
-5954
-5952
-5951
-5950
-5949
-5946
-5945
-5944
-5943
-5941
-5940
-5939
-5938
-5936
-5935
-5934
-5933
-5932
-5931
-5930
-5929
-5928
-5927
-5925
-5924
-5923
-5922
-5921
-5920
-5919
-5918
-5917
-5916
-5915
-5914
-5913
-5912
-5911
-5910
-5909
-5908
-5907
-5906
-5905
-5904
-5903
-5902
-5901
-5900
-5899
-5898
-5897
-5896
-5895
-5894
-5893
-5892
-5891
-5890
-5889
-5888
-5887
-5886
-5885
-5884
-5883
-5882
-5881
-5880
-5879
-5878
-5877
-5876
-5875
-5874
-5873
-5872
-5871
-5870
-5869
-5868
-5867
-5866
-5865
-5864
-5863
-5861
-5860
-5859
-5858
-5857
-5856
-5855
-5854
-5853
-5852
-5851
-5850
-5849
-5848
-5847
-5846
-5845
-5844
-5843
-5842
-5841
-5840
-5839
-5838
-5837
-5836
-5835
-5834
-5833
-5832
-5831
-5830
-5829
-5828
-5827
-5826
-5825
-5824
-5823
-5822
-5821
-5820
-5819
-5818
-5817
-5816
-5815
-5814
-5813
-5812
-5811
-5810
-5809
-5808
-5807
-5806
-5805
-5804
-5803
-5802
-5801
-5800
-5799
-5798
-5797
-5796
-5795
-5794
-5793
-5792
-5791
-5790
-5789
-5788
-5787
-5786
-5785
-5784
-5783
-5782
-5781
-5780
-5779
-5778
-5777
-5776
-5775
-5774
-5773
-5772
-5771
-5770
-5769
-5768
-5767
-5766
-5765
-5764
-5763
-5762
-5761
-5760
-5759
-5758
-5757
-5756
-5755
-5754
-5753
-5752
-5751
-5750
-5749
-5748
-5747
-5746
-5745
-5744
-5743
-5742
-5741
-5740
-5739
-5738
-5737
-5736
-5735
-5734
-5733
-5732
-5731
-5730
-5729
-5728
-5727
-5726
-5725
-5724
-5723
-5722
-5721
-5720
-5719
-5718
-5717
-5715
-5714
-5713
-5712
-5711
-5710
-5709
-5708
-5707
-5706
-5705
-5704
-5703
-5702
-5701
-5700
-5699
-5698
-5697
-5696
-5695
-5694
-5693
-5692
-5691
-5690
-5689
-5688
-5687
-5686
-5685
-5684
-5683
-5682
-5681
-5680
-5679
-5678
-5677
-5676
-5675
-5674
-5673
-5672
-5671
-5670
-5669
-5668
-5667
-5666
-5665
-5664
-5663
-5662
-5661
-5660
-5659
-5658
-5657
-5656
-5655
-5654
-5653
-5652
-5651
-5650
-5649
-5648
-5647
-5646
-5645
-5644
-5643
-5642
-5641
-5640
-5639
-5638
-5637
-5636
-5635
-5634
-5633
-5632
-5631
-5630
-5629
-5628
-5627
-5626
-5625
-5624
-5623
-5622
-5621
-5620
-5619
-5618
-5617
-5616
-5615
-5614
-5613
-5611
-5610
-5609
-5608
-5607
-5606
-5605
-5604
-5603
-5601
-5600
-5599
-5598
-5597
-5596
-5595
-5594
-5593
-5592
-5591
-5590
-5589
-5588
-5587
-5586
-5585
-5584
-5583
-5582
-5581
-5580
-5579
-5578
-5577
-5576
-5575
-5574
-5572
-5571
-5570
-5569
-5568
-5567
-5566
-5565
-5564
-5563
-5562
-5561
-5560
-5559
-5558
-5557
-5556
-5555
-5554
-5553
-5552
-5551
-5550
-5549
-5548
-5547
-5546
-5545
-5544
-5543
-5542
-5541
-5540
-5539
-5538
-5537
-5536
-5535
-5534
-5533
-5532
-5531
-5530
-5529
-5528
-5527
-5526
-5525
-5524
-5523
-5522
-5521
-5520
-5519
-5518
-5517
-5516
-5515
-5514
-5513
-5512
-5511
-5510
-5509
-5508
-5507
-5506
-5505
-5504
-5503
-5502
-5501
-5500
-5499
-5498
-5497
-5496
-5495
-5494
-5493
-5492
-5491
-5490
-5489
-5488
-5487
-5486
-5485
-5484
-5482
-5481
-5480
-5479
-5478
-5477
-5476
-5475
-5474
-5473
-5472
-5471
-5470
-5469
-5468
-5467
-5466
-5465
-5464
-5463
-5462
-5461
-5460
-5459
-5457
-5456
-5455
-5454
-5453
-5452
-5451
-5450
-5449
-5448
-5447
-5446
-5445
-5444
-5443
-5442
-5441
-5440
-5439
-5438
-5437
-5436
-5435
-5434
-5433
-5432
-5431
-5430
-5429
-5428
-5427
-5426
-5425
-5424
-5423
-5422
-5421
-5420
-5419
-5418
-5417
-5416
-5415
-5414
-5413
-5412
-5411
-5410
-5409
-5408
-5407
-5406
-5405
-5404
-5403
-5402
-5401
-5400
-5399
-5398
-5397
-5396
-5395
-5394
-5393
-5392
-5391
-5390
-5389
-5388
-5387
-5386
-5385
-5384
-5383
-5382
-5381
-5380
-5379
-5378
-5377
-5376
-5375
-5374
-5373
-5372
-5371
-5370
-5369
-5368
-5367
-5366
-5365
-5364
-5363
-5362
-5361
-5360
-5359
-5358
-5357
-5356
-5355
-5354
-5353
-5352
-5351
-5350
-5349
-5348
-5347
-5346
-5345
-5344
-5343
-5342
-5341
-5340
-5339
-5338
-5337
-5336
-5335
-5334
-5333
-5332
-5331
-5330
-5329
-5328
-5327
-5326
-5325
-5324
-5323
-5322
-5321
-5320
-5319
-5318
-5317
-5316
-5315
-5314
-5313
-5312
-5311
-5310
-5309
-5308
-5307
-5306
-5305
-5304
-5303
-5302
-5301
-5300
-5299
-5298
-5297
-5296
-5295
-5294
-5292
-5291
-5290
-5289
-5288
-5287
-5286
-5285
-5284
-5283
-5282
-5281
-5280
-5279
-5278
-5277
-5275
-5274
-5273
-5272
-5271
-5270
-5269
-5268
-5266
-5265
-5264
-5263
-5262
-5261
-5260
-5259
-5258
-5257
-5256
-5255
-5254
-5253
-5252
-5251
-5250
-5249
-5248
-5247
-5246
-5245
-5244
-5243
-5242
-5241
-5240
-5239
-5238
-5237
-5236
-5235
-5234
-5233
-5232
-5231
-5230
-5229
-5228
-5227
-5226
-5225
-5224
-5223
-5222
-5221
-5220
-5219
-5218
-5217
-5216
-5215
-5214
-5213
-5212
-5211
-5210
-5209
-5208
-5207
-5206
-5205
-5204
-5203
-5202
-5201
-5200
-5199
-5198
-5197
-5196
-5195
-5194
-5193
-5192
-5191
-5190
-5189
-5188
-5187
-5186
-5185
-5184
-5183
-5182
-5181
-5180
-5179
-5178
-5177
-5176
-5175
-5174
-5173
-5172
-5171
-5170
-5169
-5168
-5167
-5166
-5165
-5164
-5163
-5162
-5161
-5160
-5159
-5158
-5157
-5156
-5155
-5154
-5153
-5152
-5151
-5150
-5149
-5148
-5147
-5146
-5145
-5144
-5143
-5142
-5141
-5140
-5139
-5138
-5137
-5136
-5135
-5134
-5133
-5132
-5131
-5130
-5129
-5128
-5127
-5126
-5125
-5124
-5123
-5122
-5121
-5120
-5119
-5118
-5117
-5116
-5115
-5114
-5113
-5112
-5111
-5110
-5109
-5108
-5107
-5106
-5105
-5104
-5103
-5102
-5101
-5100
-5099
-5098
-5097
-5096
-5095
-5094
-5093
-5092
-5091
-5090
-5089
-5088
-5087
-5086
-5085
-5084
-5083
-5082
-5081
-5080
-5079
-5078
-5077
-5076
-5075
-5074
-5073
-5072
-5071
-5070
-5069
-5068
-5067
-5066
-5065
-5064
-5063
-5062
-5061
-5060
-5059
-5058
-5057
-5056
-5055
-5054
-5053
-5052
-5051
-5050
-5049
-5048
-5047
-5046
-5045
-5044
-5043
-5042
-5041
-5040
-5039
-5038
-5037
-5036
-5035
-5034
-5033
-5032
-5031
-5030
-5029
-5028
-5027
-5026
-5025
-5024
-5023
-5022
-5021
-5020
-5019
-5018
-5017
-5016
-5015
-5014
-5013
-5012
-5011
-5010
-5009
-5008
-5007
-5006
-5005
-5004
-5003
-5002
-5001
-5000
-4999
-4998
-4997
-4996
-4995
-4994
-4993
-4992
-4991
-4990
-4989
-4988
-4987
-4986
-4985
-4984
-4983
-4982
-4981
-4980
-4979
-4978
-4977
-4976
-4975
-4974
-4973
-4972
-4971
-4970
-4969
-4968
-4967
-4966
-4965
-4964
-4963
-4962
-4961
-4960
-4959
-4958
-4957
-4956
-4955
-4954
-4953
-4952
-4951
-4950
-4949
-4948
-4947
-4946
-4945
-4944
-4943
-4942
-4941
-4940
-4939
-4938
-4937
-4936
-4935
-4934
-4933
-4932
-4931
-4930
-4929
-4928
-4927
-4926
-4925
-4924
-4923
-4922
-4921
-4920
-4919
-4918
-4917
-4916
-4915
-4914
-4913
-4912
-4911
-4910
-4909
-4908
-4907
-4906
-4905
-4904
-4903
-4902
-4901
-4900
-4899
-4898
-4897
-4896
-4895
-4894
-4893
-4892
-4891
-4890
-4889
-4888
-4887
-4886
-4885
-4884
-4883
-4882
-4881
-4880
-4879
-4878
-4877
-4876
-4875
-4874
-4873
-4872
-4871
-4870
-4869
-4868
-4867
-4866
-4865
-4864
-4863
-4862
-4861
-4860
-4859
-4858
-4857
-4856
-4855
-4854
-4853
-4852
-4851
-4850
-4849
-4848
-4847
-4846
-4845
-4844
-4843
-4842
-4841
-4840
-4839
-4838
-4837
-4836
-4835
-4834
-4833
-4832
-4831
-4830
-4829
-4828
-4827
-4826
-4825
-4824
-4823
-4822
-4821
-4820
-4819
-4818
-4817
-4816
-4815
-4814
-4813
-4812
-4811
-4810
-4809
-4808
-4807
-4806
-4805
-4804
-4803
-4802
-4801
-4800
-4799
-4798
-4797
-4796
-4795
-4794
-4793
-4792
-4791
-4790
-4789
-4788
-4787
-4786
-4785
-4784
-4783
-4782
-4781
-4780
-4779
-4778
-4777
-4776
-4775
-4774
-4773
-4772
-4771
-4770
-4769
-4768
-4767
-4766
-4765
-4764
-4763
-4762
-4761
-4760
-4759
-4758
-4757
-4756
-4755
-4754
-4753
-4752
-4751
-4750
-4749
-4748
-4747
-4746
-4745
-4744
-4743
-4742
-4741
-4740
-4739
-4738
-4737
-4736
-4735
-4734
-4733
-4732
-4731
-4730
-4729
-4728
-4727
-4726
-4725
-4724
-4723
-4722
-4721
-4720
-4719
-4718
-4717
-4716
-4715
-4714
-4713
-4712
-4711
-4710
-4709
-4708
-4707
-4706
-4705
-4704
-4703
-4702
-4701
-4700
-4699
-4698
-4697
-4696
-4695
-4694
-4693
-4692
-4691
-4690
-4689
-4688
-4687
-4686
-4685
-4684
-4683
-4682
-4681
-4680
-4679
-4678
-4677
-4676
-4675
-4674
-4673
-4672
-4671
-4670
-4669
-4668
-4667
-4666
-4665
-4664
-4663
-4662
-4661
-4660
-4659
-4658
-4657
-4656
-4655
-4654
-4653
-4652
-4651
-4650
-4649
-4648
-4647
-4646
-4645
-4644
-4643
-4642
-4641
-4640
-4639
-4638
-4637
-4636
-4635
-4634
-4633
-4632
-4631
-4630
-4629
-4628
-4627
-4626
-4625
-4624
-4623
-4622
-4621
-4620
-4619
-4618
-4617
-4616
-4615
-4614
-4613
-4612
-4611
-4610
-4609
-4608
-4607
-4606
-4605
-4604
-4603
-4602
-4601
-4600
-4599
-4598
-4597
-4596
-4595
-4594
-4593
-4592
-4591
-4590
-4589
-4588
-4587
-4586
-4585
-4584
-4583
-4582
-4581
-4580
-4579
-4578
-4577
-4576
-4575
-4574
-4573
-4572
-4571
-4570
-4569
-4568
-4567
-4566
-4565
-4564
-4563
-4562
-4561
-4560
-4559
-4558
-4557
-4556
-4555
-4554
-4553
-4552
-4551
-4550
-4549
-4548
-4547
-4546
-4545
-4544
-4543
-4542
-4541
-4540
-4539
-4538
-4537
-4536
-4535
-4534
-4533
-4532
-4531
-4530
-4529
-4528
-4527
-4526
-4525
-4524
-4523
-4522
-4521
-4520
-4519
-4518
-4517
-4516
-4515
-4514
-4513
-4512
-4511
-4510
-4509
-4508
-4507
-4506
-4505
-4504
-4503
-4502
-4501
-4500
-4499
-4498
-4497
-4496
-4495
-4494
-4493
-4492
-4491
-4490
-4489
-4488
-4487
-4486
-4485
-4484
-4483
-4482
-4481
-4480
-4479
-4478
-4477
-4476
-4475
-4474
-4473
-4472
-4471
-4470
-4469
-4468
-4467
-4466
-4465
-4464
-4463
-4462
-4461
-4460
-4459
-4458
-4457
-4456
-4455
-4454
-4453
-4452
-4451
-4450
-4449
-4448
-4447
-4446
-4445
-4444
-4443
-4442
-4441
-4440
-4439
-4438
-4437
-4436
-4435
-4434
-4433
-4432
-4431
-4430
-4429
-4428
-4427
-4426
-4425
-4424
-4423
-4422
-4421
-4420
-4419
-4418
-4417
-4416
-4415
-4414
-4413
-4412
-4411
-4410
-4409
-4408
-4407
-4406
-4405
-4404
-4403
-4402
-4401
-4400
-4399
-4398
-4397
-4396
-4395
-4394
-4393
-4392
-4391
-4390
-4389
-4388
-4387
-4386
-4385
-4384
-4383
-4382
-4381
-4380
-4379
-4378
-4377
-4376
-4375
-4374
-4373
-4372
-4371
-4370
-4369
-4368
-4367
-4366
-4365
-4364
-4363
-4362
-4361
-4360
-4359
-4358
-4357
-4356
-4355
-4354
-4353
-4352
-4351
-4350
-4349
-4348
-4347
-4346
-4345
-4344
-4343
-4342
-4341
-4340
-4339
-4338
-4337
-4336
-4335
-4334
-4333
-4332
-4331
-4330
-4329
-4328
-4327
-4326
-4325
-4324
-4323
-4322
-4321
-4320
-4319
-4318
-4317
-4316
-4315
-4314
-4313
-4312
-4311
-4310
-4309
-4308
-4307
-4306
-4305
-4304
-4303
-4302
-4301
-4300
-4299
-4298
-4297
-4296
-4295
-4294
-4293
-4292
-4291
-4290
-4289
-4288
-4287
-4286
-4285
-4284
-4283
-4282
-4281
-4280
-4279
-4278
-4277
-4276
-4275
-4274
-4273
-4272
-4271
-4270
-4269
-4268
-4267
-4266
-4265
-4264
-4263
-4262
-4261
-4260
-4259
-4258
-4257
-4256
-4255
-4254
-4253
-4252
-4251
-4250
-4249
-4248
-4247
-4246
-4245
-4244
-4243
-4242
-4241
-4240
-4239
-4238
-4237
-4236
-4235
-4234
-4233
-4232
-4231
-4230
-4229
-4228
-4227
-4226
-4225
-4224
-4223
-4222
-4221
-4220
-4219
-4218
-4217
-4216
-4215
-4214
-4213
-4212
-4211
-4210
-4209
-4208
-4207
-4206
-4205
-4204
-4203
-4202
-4201
-4200
-4199
-4198
-4197
-4196
-4195
-4194
-4193
-4192
-4191
-4190
-4189
-4188
-4187
-4186
-4185
-4184
-4183
-4182
-4181
-4180
-4179
-4178
-4177
-4176
-4175
-4174
-4173
-4172
-4171
-4170
-4169
-4168
-4167
-4166
-4165
-4164
-4163
-4162
-4161
-4160
-4159
-4158
-4157
-4156
-4155
-4154
-4153
-4152
-4151
-4150
-4149
-4148
-4147
-4146
-4145
-4144
-4143
-4142
-4141
-4140
-4139
-4138
-4137
-4136
-4135
-4134
-4133
-4132
-4131
-4130
-4129
-4128
-4127
-4126
-4125
-4124
-4123
-4122
-4121
-4120
-4119
-4118
-4117
-4116
-4115
-4114
-4113
-4112
-4111
-4110
-4109
-4108
-4107
-4106
-4105
-4104
-4103
-4102
-4101
-4100
-4099
-4098
-4097
-4096
-4095
-4094
-4093
-4092
-4091
-4090
-4089
-4088
-4087
-4086
-4085
-4084
-4083
-4082
-4081
-4080
-4079
-4078
-4077
-4076
-4075
-4074
-4073
-4072
-4071
-4070
-4069
-4068
-4067
-4066
-4065
-4064
-4063
-4062
-4061
-4060
-4059
-4058
-4057
-4056
-4055
-4054
-4053
-4052
-4051
-4050
-4049
-4048
-4047
-4046
-4045
-4044
-4043
-4042
-4041
-4040
-4039
-4038
-4037
-4036
-4035
-4034
-4033
-4032
-4031
-4030
-4029
-4028
-4027
-4026
-4025
-4024
-4023
-4022
-4021
-4020
-4019
-4018
-4017
-4016
-4015
-4014
-4013
-4012
-4011
-4010
-4009
-4008
-4007
-4006
-4005
-4004
-4003
-4002
-4001
-4000
-3999
-3998
-3997
-3996
-3995
-3994
-3993
-3992
-3991
-3990
-3989
-3988
-3987
-3986
-3985
-3984
-3983
-3982
-3981
-3980
-3979
-3978
-3977
-3976
-3975
-3974
-3973
-3972
-3971
-3970
-3969
-3968
-3967
-3966
-3965
-3964
-3963
-3962
-3961
-3960
-3959
-3958
-3957
-3956
-3955
-3954
-3953
-3952
-3951
-3950
-3949
-3948
-3947
-3946
-3945
-3944
-3943
-3942
-3941
-3940
-3939
-3938
-3937
-3936
-3935
-3934
-3933
-3932
-3931
-3930
-3929
-3928
-3927
-3926
-3925
-3924
-3923
-3922
-3921
-3920
-3919
-3918
-3917
-3916
-3915
-3914
-3913
-3912
-3911
-3910
-3909
-3908
-3907
-3906
-3905
-3904
-3903
-3902
-3901
-3900
-3899
-3898
-3897
-3896
-3895
-3894
-3893
-3892
-3891
-3890
-3889
-3888
-3887
-3886
-3885
-3884
-3883
-3882
-3881
-3880
-3879
-3878
-3877
-3876
-3875
-3874
-3873
-3872
-3871
-3870
-3869
-3868
-3867
-3866
-3865
-3864
-3863
-3862
-3861
-3860
-3859
-3858
-3857
-3856
-3855
-3854
-3853
-3852
-3851
-3850
-3849
-3848
-3847
-3846
-3845
-3844
-3843
-3842
-3841
-3840
-3839
-3838
-3837
-3836
-3835
-3834
-3833
-3832
-3831
-3830
-3829
-3828
-3827
-3826
-3825
-3824
-3823
-3822
-3821
-3820
-3819
-3818
-3817
-3816
-3815
-3814
-3813
-3812
-3811
-3810
-3809
-3808
-3807
-3806
-3805
-3804
-3803
-3802
-3801
-3800
-3799
-3798
-3797
-3796
-3795
-3794
-3793
-3792
-3791
-3790
-3789
-3788
-3787
-3786
-3785
-3784
-3783
-3782
-3781
-3780
-3779
-3778
-3777
-3776
-3775
-3774
-3773
-3772
-3771
-3770
-3769
-3768
-3767
-3766
-3765
-3764
-3763
-3762
-3761
-3760
-3759
-3758
-3757
-3756
-3755
-3754
-3753
-3752
-3751
-3750
-3749
-3748
-3747
-3746
-3745
-3744
-3743
-3742
-3741
-3740
-3739
-3738
-3737
-3736
-3735
-3734
-3733
-3732
-3731
-3730
-3729
-3728
-3727
-3726
-3725
-3724
-3723
-3722
-3721
-3720
-3719
-3718
-3717
-3716
-3715
-3714
-3713
-3712
-3711
-3710
-3709
-3708
-3707
-3706
-3705
-3704
-3703
-3702
-3701
-3700
-3699
-3698
-3697
-3696
-3695
-3694
-3693
-3692
-3691
-3690
-3689
-3688
-3687
-3686
-3685
-3684
-3683
-3682
-3681
-3680
-3679
-3678
-3677
-3676
-3675
-3674
-3673
-3672
-3671
-3670
-3669
-3668
-3667
-3666
-3665
-3664
-3663
-3662
-3661
-3660
-3659
-3658
-3657
-3656
-3655
-3654
-3653
-3652
-3651
-3650
-3649
-3648
-3647
-3646
-3645
-3644
-3643
-3642
-3641
-3640
-3639
-3638
-3637
-3636
-3635
-3634
-3633
-3632
-3631
-3630
-3629
-3628
-3627
-3626
-3625
-3624
-3623
-3622
-3621
-3620
-3619
-3618
-3617
-3616
-3615
-3614
-3613
-3612
-3611
-3610
-3609
-3608
-3607
-3606
-3605
-3604
-3603
-3602
-3601
-3600
-3599
-3598
-3597
-3596
-3595
-3594
-3593
-3592
-3591
-3590
-3589
-3588
-3587
-3586
-3585
-3584
-3583
-3582
-3581
-3580
-3579
-3578
-3577
-3576
-3575
-3574
-3573
-3572
-3571
-3570
-3569
-3568
-3567
-3566
-3565
-3564
-3563
-3562
-3561
-3560
-3559
-3558
-3557
-3556
-3555
-3554
-3553
-3552
-3551
-3550
-3549
-3548
-3547
-3546
-3545
-3544
-3543
-3542
-3541
-3540
-3539
-3538
-3537
-3536
-3535
-3534
-3533
-3532
-3531
-3530
-3529
-3528
-3527
-3526
-3525
-3524
-3523
-3522
-3521
-3520
-3519
-3518
-3517
-3516
-3515
-3514
-3513
-3512
-3511
-3510
-3509
-3508
-3507
-3506
-3505
-3504
-3503
-3502
-3501
-3500
-3499
-3498
-3497
-3496
-3495
-3494
-3493
-3492
-3491
-3490
-3489
-3488
-3487
-3486
-3485
-3484
-3483
-3482
-3481
-3480
-3479
-3478
-3477
-3476
-3475
-3474
-3473
-3472
-3471
-3470
-3469
-3468
-3467
-3466
-3465
-3464
-3463
-3462
-3461
-3460
-3459
-3458
-3457
-3456
-3455
-3454
-3453
-3452
-3451
-3450
-3449
-3448
-3447
-3446
-3445
-3444
-3443
-3442
-3441
-3440
-3439
-3438
-3437
-3436
-3435
-3434
-3433
-3432
-3431
-3430
-3429
-3428
-3427
-3426
-3425
-3424
-3423
-3422
-3421
-3420
-3419
-3418
-3417
-3416
-3415
-3414
-3413
-3412
-3411
-3410
-3409
-3408
-3407
-3406
-3405
-3404
-3403
-3402
-3401
-3400
-3399
-3398
-3397
-3396
-3395
-3394
-3393
-3392
-3391
-3390
-3389
-3388
-3387
-3386
-3385
-3384
-3383
-3382
-3381
-3380
-3379
-3378
-3377
-3376
-3375
-3374
-3373
-3372
-3371
-3370
-3369
-3368
-3367
-3366
-3365
-3364
-3363
-3362
-3361
-3360
-3359
-3358
-3357
-3356
-3355
-3354
-3353
-3352
-3351
-3350
-3349
-3348
-3347
-3346
-3345
-3344
-3343
-3342
-3341
-3340
-3339
-3338
-3337
-3336
-3335
-3334
-3333
-3332
-3331
-3330
-3329
-3328
-3327
-3326
-3325
-3324
-3323
-3322
-3321
-3320
-3319
-3318
-3317
-3316
-3315
-3314
-3313
-3312
-3311
-3310
-3309
-3308
-3307
-3306
-3305
-3304
-3303
-3302
-3301
-3300
-3299
-3298
-3297
-3296
-3295
-3294
-3293
-3292
-3291
-3290
-3289
-3288
-3287
-3286
-3285
-3284
-3283
-3282
-3281
-3280
-3279
-3278
-3277
-3276
-3275
-3274
-3273
-3272
-3271
-3270
-3269
-3268
-3267
-3266
-3265
-3264
-3263
-3262
-3261
-3260
-3259
-3258
-3257
-3256
-3255
-3254
-3253
-3252
-3251
-3250
-3249
-3248
-3247
-3246
-3245
-3244
-3243
-3242
-3241
-3240
-3239
-3238
-3237
-3236
-3235
-3234
-3233
-3232
-3231
-3230
-3229
-3228
-3227
-3226
-3225
-3224
-3223
-3222
-3221
-3220
-3219
-3218
-3217
-3216
-3215
-3214
-3213
-3212
-3211
-3210
-3209
-3208
-3207
-3206
-3205
-3204
-3203
-3202
-3201
-3200
-3199
-3198
-3197
-3196
-3195
-3194
-3193
-3192
-3191
-3190
-3189
-3188
-3187
-3186
-3185
-3184
-3183
-3182
-3181
-3180
-3179
-3178
-3177
-3176
-3175
-3174
-3173
-3172
-3171
-3170
-3169
-3168
-3167
-3166
-3165
-3164
-3163
-3162
-3161
-3160
-3159
-3158
-3157
-3156
-3155
-3154
-3153
-3152
-3151
-3150
-3149
-3148
-3147
-3146
-3145
-3144
-3143
-3142
-3141
-3140
-3139
-3138
-3137
-3136
-3135
-3134
-3133
-3132
-3131
-3130
-3129
-3128
-3127
-3126
-3125
-3124
-3123
-3122
-3121
-3120
-3119
-3118
-3117
-3116
-3115
-3114
-3113
-3112
-3111
-3110
-3109
-3108
-3107
-3106
-3105
-3104
-3103
-3102
-3101
-3100
-3099
-3098
-3097
-3096
-3095
-3094
-3093
-3092
-3091
-3090
-3089
-3088
-3087
-3086
-3085
-3084
-3083
-3082
-3081
-3080
-3079
-3078
-3077
-3076
-3075
-3074
-3073
-3072
-3071
-3070
-3069
-3068
-3067
-3066
-3065
-3064
-3063
-3062
-3061
-3060
-3059
-3058
-3057
-3056
-3055
-3054
-3053
-3052
-3051
-3050
-3049
-3048
-3047
-3046
-3045
-3044
-3043
-3042
-3041
-3040
-3039
-3038
-3037
-3036
-3035
-3034
-3033
-3032
-3031
-3030
-3029
-3028
-3027
-3026
-3025
-3024
-3023
-3022
-3021
-3020
-3019
-3018
-3017
-3016
-3015
-3014
-3013
-3012
-3011
-3010
-3009
-3008
-3007
-3006
-3005
-3004
-3003
-3002
-3001
-3000
-2999
-2998
-2997
-2996
-2995
-2994
-2993
-2992
-2991
-2990
-2989
-2988
-2987
-2986
-2985
-2984
-2983
-2982
-2981
-2980
-2979
-2978
-2977
-2976
-2975
-2974
-2973
-2972
-2971
-2970
-2969
-2968
-2967
-2966
-2965
-2964
-2963
-2962
-2961
-2960
-2959
-2958
-2957
-2956
-2955
-2954
-2953
-2952
-2951
-2950
-2949
-2948
-2947
-2946
-2945
-2944
-2943
-2942
-2941
-2940
-2939
-2938
-2937
-2936
-2935
-2934
-2933
-2932
-2931
-2930
-2929
-2928
-2927
-2926
-2925
-2924
-2923
-2922
-2921
-2920
-2919
-2918
-2917
-2916
-2915
-2914
-2913
-2912
-2911
-2910
-2909
-2908
-2907
-2906
-2905
-2904
-2903
-2902
-2901
-2900
-2899
-2898
-2897
-2896
-2895
-2894
-2893
-2892
-2891
-2890
-2889
-2888
-2887
-2886
-2885
-2884
-2883
-2882
-2881
-2880
-2879
-2878
-2877
-2876
-2875
-2874
-2873
-2872
-2871
-2870
-2869
-2868
-2867
-2866
-2865
-2864
-2863
-2862
-2861
-2860
-2859
-2858
-2857
-2856
-2855
-2854
-2853
-2852
-2851
-2850
-2849
-2848
-2847
-2846
-2845
-2844
-2843
-2842
-2841
-2840
-2839
-2838
-2837
-2836
-2835
-2834
-2833
-2832
-2831
-2830
-2829
-2828
-2827
-2826
-2825
-2824
-2823
-2822
-2821
-2820
-2819
-2818
-2817
-2816
-2815
-2814
-2813
-2812
-2811
-2810
-2809
-2808
-2807
-2806
-2805
-2804
-2803
-2802
-2801
-2800
-2799
-2798
-2797
-2796
-2795
-2794
-2793
-2792
-2791
-2790
-2789
-2788
-2787
-2786
-2785
-2784
-2783
-2782
-2781
-2780
-2779
-2778
-2777
-2776
-2775
-2774
-2773
-2772
-2771
-2770
-2769
-2768
-2767
-2766
-2765
-2764
-2763
-2762
-2761
-2760
-2759
-2758
-2757
-2756
-2755
-2754
-2753
-2752
-2751
-2750
-2749
-2748
-2747
-2746
-2745
-2744
-2743
-2742
-2741
-2740
-2739
-2738
-2737
-2736
-2735
-2734
-2733
-2732
-2731
-2730
-2729
-2728
-2727
-2726
-2725
-2724
-2723
-2722
-2721
-2720
-2719
-2718
-2717
-2716
-2715
-2714
-2713
-2712
-2711
-2710
-2709
-2708
-2707
-2706
-2705
-2704
-2703
-2702
-2701
-2700
-2699
-2698
-2697
-2696
-2695
-2694
-2693
-2692
-2691
-2690
-2689
-2688
-2687
-2686
-2685
-2684
-2683
-2682
-2681
-2680
-2679
-2678
-2677
-2676
-2675
-2674
-2673
-2672
-2671
-2670
-2669
-2668
-2667
-2666
-2665
-2664
-2663
-2662
-2661
-2660
-2659
-2658
-2657
-2656
-2655
-2654
-2653
-2652
-2651
-2650
-2649
-2648
-2647
-2646
-2645
-2644
-2643
-2642
-2641
-2640
-2639
-2638
-2637
-2636
-2635
-2634
-2633
-2632
-2631
-2630
-2629
-2628
-2627
-2626
-2625
-2624
-2623
-2622
-2621
-2620
-2619
-2618
-2617
-2616
-2615
-2614
-2613
-2612
-2611
-2610
-2609
-2608
-2607
-2606
-2605
-2604
-2603
-2602
-2601
-2600
-2599
-2598
-2597
-2596
-2595
-2594
-2593
-2592
-2591
-2590
-2589
-2588
-2587
-2586
-2585
-2584
-2583
-2582
-2581
-2580
-2579
-2578
-2577
-2576
-2575
-2574
-2573
-2572
-2571
-2570
-2569
-2568
-2567
-2566
-2565
-2564
-2563
-2562
-2561
-2560
-2559
-2558
-2557
-2556
-2555
-2554
-2553
-2552
-2551
-2550
-2549
-2548
-2547
-2546
-2545
-2544
-2543
-2542
-2541
-2540
-2539
-2538
-2537
-2536
-2535
-2534
-2533
-2532
-2531
-2530
-2529
-2528
-2527
-2526
-2525
-2524
-2523
-2522
-2521
-2520
-2519
-2518
-2517
-2516
-2515
-2514
-2513
-2512
-2511
-2510
-2509
-2508
-2507
-2506
-2505
-2504
-2503
-2502
-2501
-2500
-2499
-2498
-2497
-2496
-2495
-2494
-2493
-2492
-2491
-2490
-2489
-2488
-2487
-2486
-2485
-2484
-2483
-2482
-2481
-2480
-2479
-2478
-2477
-2476
-2475
-2474
-2473
-2472
-2471
-2470
-2469
-2468
-2467
-2466
-2465
-2464
-2463
-2462
-2461
-2460
-2459
-2458
-2457
-2456
-2455
-2454
-2453
-2452
-2451
-2450
-2449
-2448
-2447
-2446
-2445
-2444
-2443
-2442
-2441
-2440
-2439
-2438
-2437
-2436
-2435
-2434
-2433
-2432
-2431
-2430
-2429
-2428
-2427
-2426
-2425
-2424
-2423
-2422
-2421
-2420
-2419
-2418
-2417
-2416
-2415
-2414
-2413
-2412
-2411
-2410
-2409
-2408
-2407
-2406
-2405
-2404
-2403
-2402
-2401
-2400
-2399
-2398
-2397
-2396
-2395
-2394
-2393
-2392
-2391
-2390
-2389
-2388
-2387
-2386
-2385
-2384
-2383
-2382
-2381
-2380
-2379
-2378
-2377
-2376
-2375
-2374
-2373
-2372
-2371
-2370
-2369
-2368
-2367
-2366
-2365
-2364
-2363
-2362
-2361
-2360
-2359
-2358
-2357
-2356
-2355
-2354
-2353
-2352
-2351
-2350
-2349
-2348
-2347
-2346
-2345
-2344
-2343
-2342
-2341
-2340
-2339
-2338
-2337
-2336
-2335
-2334
-2333
-2332
-2331
-2330
-2329
-2328
-2327
-2326
-2325
-2324
-2323
-2322
-2321
-2320
-2319
-2318
-2317
-2316
-2315
-2314
-2313
-2312
-2311
-2310
-2309
-2308
-2307
-2306
-2305
-2304
-2303
-2302
-2301
-2300
-2299
-2298
-2297
-2296
-2295
-2294
-2293
-2292
-2291
-2290
-2289
-2288
-2287
-2286
-2285
-2284
-2283
-2282
-2281
-2280
-2279
-2278
-2277
-2276
-2275
-2274
-2273
-2272
-2271
-2270
-2269
-2268
-2267
-2266
-2265
-2264
-2263
-2262
-2261
-2260
-2259
-2258
-2257
-2256
-2255
-2254
-2253
-2252
-2251
-2250
-2249
-2248
-2247
-2246
-2245
-2244
-2243
-2242
-2241
-2240
-2239
-2238
-2237
-2236
-2235
-2234
-2233
-2232
-2231
-2230
-2229
-2228
-2227
-2226
-2225
-2224
-2223
-2222
-2221
-2220
-2219
-2218
-2217
-2216
-2215
-2214
-2213
-2212
-2211
-2210
-2209
-2208
-2207
-2206
-2205
-2204
-2203
-2202
-2201
-2200
-2199
-2198
-2197
-2196
-2195
-2194
-2193
-2192
-2191
-2190
-2189
-2188
-2187
-2186
-2185
-2184
-2183
-2182
-2181
-2180
-2179
-2178
-2177
-2176
-2175
-2174
-2173
-2172
-2171
-2170
-2169
-2168
-2167
-2166
-2165
-2164
-2163
-2162
-2161
-2160
-2159
-2158
-2157
-2156
-2155
-2154
-2153
-2152
-2151
-2150
-2149
-2148
-2147
-2146
-2145
-2144
-2143
-2142
-2141
-2140
-2139
-2138
-2137
-2136
-2135
-2134
-2133
-2132
-2131
-2130
-2129
-2128
-2127
-2126
-2125
-2124
-2123
-2122
-2121
-2120
-2119
-2118
-2117
-2116
-2115
-2114
-2113
-2112
-2111
-2110
-2109
-2108
-2107
-2106
-2105
-2104
-2103
-2102
-2101
-2100
-2099
-2098
-2097
-2096
-2095
-2094
-2093
-2092
-2091
-2090
-2089
-2088
-2087
-2086
-2085
-2084
-2083
-2082
-2081
-2080
-2079
-2078
-2077
-2076
-2075
-2074
-2073
-2072
-2071
-2070
-2069
-2068
-2067
-2066
-2065
-2064
-2063
-2062
-2061
-2060
-2059
-2058
-2057
-2056
-2055
-2054
-2053
-2052
-2051
-2050
-2049
-2048
-2047
-2046
-2045
-2044
-2043
-2042
-2041
-2040
-2039
-2038
-2037
-2036
-2035
-2034
-2033
-2032
-2031
-2030
-2029
-2028
-2027
-2026
-2025
-2024
-2023
-2022
-2021
-2020
-2019
-2018
-2017
-2016
-2015
-2014
-2013
-2012
-2011
-2010
-2009
-2008
-2007
-2006
-2005
-2004
-2003
-2002
-2001
-2000
-1999
-1998
-1997
-1996
-1995
-1994
-1993
-1992
-1991
-1990
-1989
-1988
-1987
-1986
-1985
-1984
-1983
-1982
-1981
-1980
-1979
-1978
-1977
-1976
-1975
-1974
-1973
-1972
-1971
-1970
-1969
-1968
-1967
-1966
-1965
-1964
-1963
-1962
-1961
-1960
-1959
-1958
-1957
-1956
-1955
-1954
-1953
-1952
-1951
-1950
-1949
-1948
-1947
-1946
-1945
-1944
-1943
-1942
-1941
-1940
-1939
-1938
-1937
-1936
-1935
-1934
-1933
-1932
-1931
-1930
-1929
-1928
-1927
-1926
-1925
-1924
-1923
-1922
-1921
-1920
-1919
-1918
-1917
-1916
-1915
-1914
-1913
-1912
-1911
-1910
-1909
-1908
-1907
-1906
-1905
-1904
-1903
-1902
-1901
-1900
-1899
-1898
-1897
-1896
-1895
-1894
-1893
-1892
-1891
-1890
-1889
-1888
-1887
-1886
-1885
-1884
-1883
-1882
-1881
-1880
-1879
-1878
-1877
-1876
-1875
-1874
-1873
-1872
-1871
-1870
-1869
-1868
-1867
-1866
-1865
-1864
-1863
-1862
-1861
-1860
-1859
-1858
-1857
-1856
-1855
-1854
-1853
-1852
-1851
-1850
-1849
-1848
-1847
-1846
-1845
-1844
-1843
-1842
-1841
-1840
-1839
-1838
-1837
-1836
-1835
-1834
-1833
-1832
-1831
-1830
-1829
-1828
-1827
-1826
-1825
-1824
-1823
-1822
-1821
-1820
-1819
-1818
-1817
-1816
-1815
-1814
-1813
-1812
-1811
-1810
-1809
-1808
-1807
-1806
-1805
-1804
-1803
-1802
-1801
-1800
-1799
-1798
-1797
-1796
-1795
-1794
-1793
-1792
-1791
-1790
-1789
-1788
-1787
-1786
-1785
-1784
-1783
-1782
-1781
-1780
-1779
-1778
-1777
-1776
-1775
-1774
-1773
-1772
-1771
-1770
-1769
-1768
-1767
-1766
-1765
-1764
-1763
-1762
-1761
-1760
-1759
-1758
-1757
-1756
-1755
-1754
-1753
-1752
-1751
-1750
-1749
-1748
-1747
-1746
-1745
-1744
-1743
-1742
-1741
-1740
-1739
-1738
-1737
-1736
-1735
-1734
-1733
-1732
-1731
-1730
-1729
-1728
-1727
-1726
-1725
-1724
-1723
-1722
-1721
-1720
-1719
-1718
-1717
-1716
-1715
-1714
-1713
-1712
-1711
-1710
-1709
-1708
-1707
-1706
-1705
-1704
-1703
-1702
-1701
-1700
-1699
-1698
-1697
-1696
-1695
-1694
-1693
-1692
-1691
-1690
-1689
-1688
-1687
-1686
-1685
-1684
-1683
-1682
-1681
-1680
-1679
-1678
-1677
-1676
-1675
-1674
-1673
-1672
-1671
-1670
-1669
-1668
-1667
-1666
-1665
-1664
-1663
-1662
-1661
-1660
-1659
-1658
-1657
-1656
-1655
-1654
-1653
-1652
-1651
-1650
-1649
-1648
-1647
-1646
-1645
-1644
-1643
-1642
-1641
-1640
-1639
-1638
-1637
-1636
-1635
-1634
-1633
-1632
-1631
-1630
-1629
-1628
-1627
-1626
-1625
-1624
-1623
-1622
-1621
-1620
-1619
-1618
-1617
-1616
-1615
-1614
-1613
-1612
-1611
-1610
-1609
-1608
-1607
-1606
-1605
-1604
-1603
-1602
-1601
-1600
-1599
-1598
-1597
-1596
-1595
-1594
-1593
-1592
-1591
-1590
-1589
-1588
-1587
-1586
-1585
-1584
-1583
-1582
-1581
-1580
-1579
-1578
-1577
-1576
-1575
-1574
-1573
-1572
-1571
-1570
-1569
-1568
-1567
-1566
-1565
-1564
-1563
-1562
-1561
-1560
-1559
-1558
-1557
-1556
-1555
-1554
-1553
-1552
-1551
-1550
-1549
-1548
-1547
-1546
-1545
-1544
-1543
-1542
-1541
-1540
-1539
-1538
-1537
-1536
-1535
-1534
-1533
-1532
-1531
-1530
-1529
-1528
-1527
-1526
-1525
-1524
-1523
-1522
-1521
-1520
-1519
-1518
-1517
-1516
-1515
-1514
-1513
-1512
-1511
-1510
-1509
-1508
-1507
-1506
-1505
-1504
-1503
-1502
-1501
-1500
-1499
-1498
-1497
-1496
-1495
-1494
-1493
-1492
-1491
-1490
-1489
-1488
-1487
-1486
-1485
-1484
-1483
-1482
-1481
-1480
-1479
-1478
-1477
-1476
-1475
-1474
-1473
-1472
-1471
-1470
-1469
-1468
-1467
-1466
-1465
-1464
-1463
-1462
-1461
-1460
-1459
-1458
-1457
-1456
-1455
-1454
-1453
-1452
-1451
-1450
-1449
-1448
-1447
-1446
-1445
-1444
-1443
-1442
-1441
-1440
-1439
-1438
-1437
-1436
-1435
-1434
-1433
-1432
-1431
-1430
-1429
-1428
-1427
-1426
-1425
-1424
-1423
-1422
-1421
-1420
-1419
-1418
-1417
-1416
-1415
-1414
-1413
-1412
-1411
-1410
-1409
-1408
-1407
-1406
-1405
-1404
-1403
-1402
-1401
-1400
-1399
-1398
-1397
-1396
-1395
-1394
-1393
-1392
-1391
-1390
-1389
-1388
-1387
-1386
-1385
-1384
-1383
-1382
-1381
-1380
-1379
-1378
-1377
-1376
-1375
-1374
-1373
-1372
-1371
-1370
-1369
-1368
-1367
-1366
-1365
-1364
-1363
-1362
-1361
-1360
-1359
-1358
-1357
-1356
-1355
-1354
-1353
-1352
-1351
-1350
-1349
-1348
-1347
-1346
-1345
-1344
-1343
-1342
-1341
-1340
-1339
-1338
-1337
-1336
-1335
-1334
-1333
-1332
-1331
-1330
-1329
-1328
-1327
-1326
-1325
-1324
-1323
-1322
-1321
-1320
-1319
-1318
-1317
-1316
-1315
-1314
-1313
-1312
-1311
-1310
-1309
-1308
-1307
-1306
-1305
-1304
-1303
-1302
-1301
-1300
-1299
-1298
-1297
-1296
-1295
-1294
-1293
-1292
-1291
-1290
-1289
-1288
-1287
-1286
-1285
-1284
-1283
-1282
-1281
-1280
-1279
-1278
-1277
-1276
-1275
-1274
-1273
-1272
-1271
-1270
-1269
-1268
-1267
-1266
-1265
-1264
-1263
-1262
-1261
-1260
-1259
-1258
-1257
-1256
-1255
-1254
-1253
-1252
-1251
-1250
-1249
-1248
-1247
-1246
-1245
-1244
-1243
-1242
-1241
-1240
-1239
-1238
-1237
-1236
-1235
-1234
-1233
-1232
-1231
-1230
-1229
-1228
-1227
-1226
-1225
-1224
-1223
-1222
-1221
-1220
-1219
-1218
-1217
-1216
-1215
-1214
-1213
-1212
-1211
-1210
-1209
-1208
-1207
-1206
-1205
-1204
-1203
-1202
-1201
-1200
-1199
-1198
-1197
-1196
-1195
-1194
-1193
-1192
-1191
-1190
-1189
-1188
-1187
-1186
-1185
-1184
-1183
-1182
-1181
-1180
-1179
-1178
-1177
-1176
-1175
-1174
-1173
-1172
-1171
-1170
-1169
-1168
-1167
-1166
-1165
-1164
-1163
-1162
-1161
-1160
-1159
-1158
-1157
-1156
-1155
-1154
-1153
-1152
-1151
-1150
-1149
-1148
-1147
-1146
-1145
-1144
-1143
-1142
-1141
-1140
-1139
-1138
-1137
-1136
-1135
-1134
-1133
-1132
-1131
-1130
-1129
-1128
-1127
-1126
-1125
-1124
-1123
-1122
-1121
-1120
-1119
-1118
-1117
-1116
-1115
-1114
-1113
-1112
-1111
-1110
-1109
-1108
-1107
-1106
-1105
-1104
-1103
-1102
-1101
-1100
-1099
-1098
-1097
-1096
-1095
-1094
-1093
-1092
-1091
-1090
-1089
-1088
-1087
-1086
-1085
-1084
-1083
-1082
-1081
-1080
-1079
-1078
-1077
-1076
-1075
-1074
-1073
-1072
-1071
-1070
-1069
-1068
-1067
-1066
-1065
-1064
-1063
-1062
-1061
-1060
-1059
-1058
-1057
-1056
-1055
-1054
-1053
-1052
-1051
-1050
-1049
-1048
-1047
-1046
-1045
-1044
-1043
-1042
-1041
-1040
-1039
-1038
-1037
-1036
-1035
-1034
-1033
-1032
-1031
-1030
-1029
-1028
-1027
-1026
-1025
-1024
-1023
-1022
-1021
-1020
-1019
-1018
-1017
-1016
-1015
-1014
-1013
-1012
-1011
-1010
-1009
-1008
-1007
-1006
-1005
-1004
-1003
-1002
-1001
-1000
-999
-998
-997
-996
-995
-994
-993
-992
-991
-990
-989
-988
-987
-986
-985
-984
-983
-982
-981
-980
-979
-978
-977
-976
-975
-974
-973
-972
-971
-970
-969
-968
-967
-966
-965
-964
-963
-962
-961
-960
-959
-958
-957
-956
-955
-954
-953
-952
-951
-950
-949
-948
-947
-946
-945
-944
-943
-942
-941
-940
-939
-938
-937
-936
-935
-934
-933
-932
-931
-930
-929
-928
-927
-926
-925
-924
-923
-922
-921
-920
-919
-918
-917
-916
-915
-914
-913
-912
-911
-910
-909
-908
-907
-906
-905
-904
-903
-902
-901
-900
-899
-898
-897
-896
-895
-894
-893
-892
-891
-890
-889
-888
-887
-886
-885
-884
-883
-882
-881
-880
-879
-878
-877
-876
-875
-874
-873
-872
-871
-870
-869
-868
-867
-866
-865
-864
-863
-862
-861
-860
-859
-858
-857
-856
-855
-854
-853
-852
-851
-850
-849
-848
-847
-846
-845
-844
-843
-842
-841
-840
-839
-838
-837
-836
-835
-834
-833
-832
-831
-830
-829
-828
-827
-826
-825
-824
-823
-822
-821
-820
-819
-818
-817
-816
-815
-814
-813
-812
-811
-810
-809
-808
-807
-806
-805
-804
-803
-802
-801
-800
-799
-798
-797
-796
-795
-794
-793
-792
-791
-790
-789
-788
-787
-786
-785
-784
-783
-782
-781
-780
-779
-778
-777
-776
-775
-774
-773
-772
-771
-770
-769
-768
-767
-766
-765
-764
-763
-762
-761
-760
-759
-758
-757
-756
-755
-754
-753
-752
-751
-750
-749
-748
-747
-746
-745
-744
-743
-742
-741
-740
-739
-738
-737
-736
-735
-734
-733
-732
-731
-730
-729
-728
-727
-726
-725
-724
-723
-722
-721
-720
-719
-718
-717
-716
-715
-714
-713
-712
-711
-710
-709
-708
-707
-706
-705
-704
-703
-702
-701
-700
-699
-698
-697
-696
-695
-694
-693
-692
-691
-690
-689
-688
-687
-686
-685
-684
-683
-682
-681
-680
-679
-678
-677
-676
-675
-674
-673
-672
-671
-670
-669
-668
-667
-666
-665
-664
-663
-662
-661
-660
-659
-658
-657
-656
-655
-654
-653
-652
-651
-650
-649
-648
-647
-646
-645
-644
-643
-642
-641
-640
-639
-638
-637
-636
-635
-634
-633
-632
-631
-630
-629
-628
-627
-626
-625
-624
-623
-622
-621
-620
-619
-618
-617
-616
-615
-614
-613
-612
-611
-610
-609
-608
-607
-606
-605
-604
-603
-602
-601
-600
-599
-598
-597
-596
-595
-594
-593
-592
-591
-590
-589
-588
-587
-586
-585
-584
-583
-582
-581
-580
-579
-578
-577
-576
-575
-574
-573
-572
-571
-570
-569
-568
-567
-566
-565
-564
-563
-562
-561
-560
-559
-558
-557
-556
-555
-554
-553
-552
-551
-550
-549
-548
-547
-546
-545
-544
-543
-542
-541
-540
-539
-538
-537
-536
-535
-534
-533
-532
-531
-530
-529
-528
-527
-526
-525
-524
-523
-522
-521
-520
-519
-518
-517
-516
-515
-514
-513
-512
-511
-510
-509
-508
-507
-506
-505
-504
-503
-502
-501
-500
-499
-498
-497
-496
-495
-494
-493
-492
-491
-490
-489
-488
-487
-486
-485
-484
-483
-482
-481
-480
-479
-478
-477
-476
-475
-474
-473
-472
-471
-470
-469
-468
-467
-466
-465
-464
-463
-462
-461
-460
-459
-458
-457
-456
-455
-454
-453
-452
-451
-450
-449
-448
-447
-446
-445
-444
-443
-442
-441
-440
-439
-438
-437
-436
-435
-434
-433
-432
-431
-430
-429
-428
-427
-426
-425
-424
-423
-422
-421
-420
-419
-418
-417
-416
-415
-414
-413
-412
-411
-410
-409
-408
-407
-406
-405
-404
-403
-402
-401
-400
-399
-398
-397
-396
-395
-394
-393
-392
-391
-390
-389
-388
-387
-386
-385
-384
-383
-382
-381
-380
-379
-378
-377
-376
-375
-374
-373
-372
-371
-370
-369
-368
-367
-366
-365
-364
-363
-362
-361
-360
-359
-358
-357
-356
-355
-354
-353
-352
-351
-350
-349
-348
-347
-346
-345
-344
-343
-342
-341
-340
-339
-338
-337
-336
-335
-334
-333
-332
-331
-330
-329
-328
-327
-326
-325
-324
-323
-322
-321
-320
-319
-318
-317
-316
-315
-314
-313
-312
-311
-310
-309
-308
-307
-306
-305
-304
-303
-302
-301
-300
-299
-298
-297
-296
-295
-294
-293
-292
-291
-290
-289
-288
-287
-286
-285
-284
-283
-282
-281
-280
-279
-278
-277
-276
-275
-274
-273
-272
-271
-270
-269
-268
-267
-266
-265
-264
-263
-262
-261
-260
-259
-258
-257
-256
-255
-254
-253
-252
-251
-250
-249
-248
-247
-246
-245
-244
-243
-242
-241
-240
-239
-238
-237
-236
-235
-234
-233
-232
-231
-230
-229
-228
-227
-226
-225
-224
-223
-222
-221
-220
-219
-218
-217
-216
-215
-214
-213
-212
-211
-210
-209
-208
-207
-206
-205
-204
-203
-202
-201
-200
-199
-198
-197
-196
-195
-194
-193
-192
-191
-190
-189
-188
-187
-186
-185
-184
-183
-182
-181
-180
-179
-178
-177
-176
-175
-174
-173
-172
-171
-170
-169
-168
-167
-166
-165
-164
-163
-162
-161
-160
-159
-158
-157
-156
-155
-154
-153
-152
-151
-150
-149
-148
-147
-146
-145
-144
-143
-142
-141
-140
-139
-138
-137
-136
-135
-134
-133
-132
-131
-130
-129
-128
-127
-126
-125
-124
-123
-122
-121
-120
-119
-118
-117
-116
-115
-114
-113
-112
-111
-110
-109
-108
-107
-106
-105
-104
-103
-102
-101
-100
-99
-98
-97
-96
-95
-94
-93
-92
-91
-90
-89
-88
-87
-86
-85
-84
-83
-82
-81
-80
-79
-78
-77
-76
-75
-74
-73
-72
-71
-70
-69
-68
-67
-66
-65
-64
-63
-62
-61
-60
-59
-58
-57
-56
-55
-54
-53
-52
-51
-50
-49
-48
-47
-46
-45
-44
-43
-42
-41
-40
-39
-38
-37
-36
-35
-34
-33
-32
-31
-30
-29
-28
-27
-26
-25
-24
-23
-22
-21
-20
-19
-18
-17
-16
-15
-14
-13
-12
-11
-10
-9
-8
-7
-6
-5
-4
-3
-2
-1
0
