1
2
3
4
5
6
7
8
9
10
11
12
13
14
15
16
17
18
19
20
21
22
23
24
25
26
27
28
29
30
31
32
33
34
35
36
37
38
39
40
41
42
43
44
45
46
47
48
49
50
51
52
53
54
55
56
57
58
59
60
61
62
63
64
65
66
67
68
69
70
71
72
73
74
75
76
77
78
79
80
81
82
83
84
85
86
87
88
89
90
91
92
93
94
95
96
97
98
99
100
101
102
103
104
105
106
107
108
109
110
111
112
113
114
115
116
117
118
119
120
121
122
123
124
125
126
127
128
129
130
131
132
133
134
135
136
137
138
139
140
141
142
143
144
145
146
147
148
149
150
151
152
153
154
155
156
157
158
159
160
161
162
163
164
165
166
167
168
169
170
171
172
173
174
175
176
177
178
179
180
181
182
183
184
185
186
187
188
189
190
191
192
193
194
195
196
197
198
199
200
201
202
203
204
205
206
207
208
209
210
211
212
213
214
215
216
217
218
219
220
221
222
223
224
225
226
227
228
229
230
231
232
233
234
235
236
237
238
239
240
241
242
243
244
245
246
247
248
249
250
251
252
253
254
255
256
257
258
259
260
261
262
263
264
265
266
267
268
269
270
271
272
273
274
275
276
277
278
279
280
281
282
283
284
285
286
287
288
289
290
291
292
293
294
295
296
297
298
299
300
301
302
303
304
305
306
307
308
309
310
311
312
313
314
315
316
317
318
319
320
321
322
323
324
325
326
327
328
329
330
331
332
333
334
335
336
337
338
339
340
341
342
343
344
345
346
347
348
349
350
351
352
353
354
355
356
357
358
359
360
361
362
363
364
365
366
367
368
369
370
371
372
373
374
375
376
377
378
379
380
381
382
383
384
385
386
387
388
389
390
391
392
393
394
395
396
397
398
399
400
401
402
403
404
405
406
407
408
409
410
411
412
413
414
415
416
417
418
419
420
421
422
423
424
425
426
427
428
429
430
431
432
433
434
435
436
437
438
439
440
441
442
443
444
445
446
447
448
449
450
451
452
453
454
455
456
457
458
459
460
461
462
463
464
465
466
467
468
469
470
471
472
473
474
475
476
477
478
479
480
481
482
483
484
485
486
487
488
489
490
491
492
493
494
495
496
497
498
499
500
501
502
503
504
505
506
507
508
509
510
511
512
513
514
515
516
517
518
519
520
521
522
523
524
525
526
527
528
529
530
531
532
533
534
535
536
537
538
539
540
541
542
543
544
545
546
547
548
549
550
551
552
553
554
555
556
557
558
559
560
561
562
563
564
565
566
567
568
569
570
571
572
573
574
575
576
577
578
579
580
581
582
583
584
585
586
587
588
589
590
591
592
593
594
595
596
597
598
599
600
601
602
603
604
605
606
607
608
609
610
611
612
613
614
615
616
617
618
619
620
621
622
623
624
625
626
627
628
629
630
631
632
633
634
635
636
637
638
639
640
641
642
643
644
645
646
647
648
649
650
651
652
653
654
655
656
657
658
659
660
661
662
663
664
665
666
667
668
669
670
671
672
673
674
675
676
677
678
679
680
681
682
683
684
685
686
687
688
689
690
691
692
693
694
695
696
697
698
699
700
701
702
703
704
705
706
707
708
709
710
711
712
713
714
715
716
717
718
719
720
721
722
723
724
725
726
727
728
729
730
731
732
733
734
735
736
737
738
739
740
741
742
743
744
745
746
747
748
749
750
751
752
753
754
755
756
757
758
759
760
761
762
763
764
765
766
767
768
769
770
771
772
773
774
775
776
777
778
779
780
781
782
783
784
785
786
787
788
789
790
791
792
793
794
795
796
797
798
799
800
801
802
803
804
805
806
807
808
809
810
811
812
813
814
815
816
817
818
819
820
821
822
823
824
825
826
827
828
829
830
831
832
833
834
835
836
837
838
839
840
841
842
843
844
845
846
847
848
849
850
851
852
853
854
855
856
857
858
859
860
861
862
863
864
865
866
867
868
869
870
871
872
873
874
875
876
877
878
879
880
881
882
883
884
885
886
887
888
889
890
891
892
893
894
895
896
897
898
899
900
901
902
903
904
905
906
907
908
909
910
911
912
913
914
915
916
917
918
919
920
921
922
923
924
925
926
927
928
929
930
931
932
933
934
935
936
937
938
939
940
941
942
943
944
945
946
947
948
949
950
951
952
953
954
955
956
957
958
959
960
961
962
963
964
965
966
967
968
969
970
971
972
973
974
975
976
977
978
979
980
981
982
983
984
985
986
987
988
989
990
991
992
993
994
995
996
997
998
999
1000
1001
1002
1003
1004
1005
1006
1007
1008
1009
1010
1011
1012
1013
1014
1015
1016
1017
1018
1019
1020
1021
1022
1023
1024
1025
1026
1027
1028
1029
1030
1031
1032
1033
1034
1035
1036
1037
1038
1039
1040
1041
1042
1043
1044
1045
1046
1047
1048
1049
1050
1051
1052
1053
1054
1055
1056
1057
1058
1059
1060
1061
1062
1063
1064
1065
1066
1067
1068
1069
1070
1071
1072
1073
1074
1075
1076
1077
1078
1079
1080
1081
1082
1083
1084
1085
1086
1087
1088
1089
1090
1091
1092
1093
1094
1095
1096
1097
1098
1099
1100
1101
1102
1103
1104
1105
1106
1107
1108
1109
1110
1111
1112
1113
1114
1115
1116
1117
1118
1119
1120
1121
1122
1123
1124
1125
1126
1127
1128
1129
1130
1131
1132
1133
1134
1135
1136
1137
1138
1139
1140
1141
1142
1143
1144
1145
1146
1147
1148
1149
1150
1151
1152
1153
1154
1155
1156
1157
1158
1159
1160
1161
1162
1163
1164
1165
1166
1167
1168
1169
1170
1171
1172
1173
1174
1175
1176
1177
1178
1179
1180
1181
1182
1183
1184
1185
1186
1187
1188
1189
1190
1191
1192
1193
1194
1195
1196
1197
1198
1199
1200
1201
1202
1203
1204
1205
1206
1207
1208
1209
1210
1211
1212
1213
1214
1215
1216
1217
1218
1219
1220
1221
1222
1223
1224
1225
1226
1227
1228
1229
1230
1231
1232
1233
1234
1235
1236
1237
1238
1239
1240
1241
1242
1243
1244
1245
1246
1247
1248
1249
1250
1251
1252
1253
1254
1255
1256
1257
1258
1259
1260
1261
1262
1263
1264
1265
1266
1267
1268
1269
1270
1271
1272
1273
1274
1275
1276
1277
1278
1279
1280
1281
1282
1283
1284
1285
1286
1287
1288
1289
1290
1291
1292
1293
1294
1295
1296
1297
1298
1299
1300
1301
1302
1303
1304
1305
1306
1307
1308
1309
1310
1311
1312
1313
1314
1315
1316
1317
1318
1319
1320
1321
1322
1323
1324
1325
1326
1327
1328
1329
1330
1331
1332
1333
1334
1335
1336
1337
1338
1339
1340
1341
1342
1343
1344
1345
1346
1347
1348
1349
1350
1351
1352
1353
1354
1355
1356
1357
1358
1359
1360
1361
1362
1363
1364
1365
1366
1367
1368
1369
1370
1371
1372
1373
1374
1375
1376
1377
1378
1379
1380
1381
1382
1383
1384
1385
1386
1387
1388
1389
1390
1391
1392
1393
1394
1395
1396
1397
1398
1399
1400
1401
1402
1403
1404
1405
1406
1407
1408
1409
1410
1411
1412
1413
1414
1415
1416
1417
1418
1419
1420
1421
1422
1423
1424
1425
1426
1427
1428
1429
1430
1431
1432
1433
1434
1435
1436
1437
1438
1439
1440
1441
1442
1443
1444
1445
1446
1447
1448
1449
1450
1451
1452
1453
1454
1455
1456
1457
1458
1459
1460
1461
1462
1463
1464
1465
1466
1467
1468
1469
1470
1471
1472
1473
1474
1475
1476
1477
1478
1479
1480
1481
1482
1483
1484
1485
1486
1487
1488
1489
1490
1491
1492
1493
1494
1495
1496
1497
1498
1499
1500
1501
1502
1503
1504
1505
1506
1507
1508
1509
1510
1511
1512
1513
1514
1515
1516
1517
1518
1519
1520
1521
1522
1523
1524
1525
1526
1527
1528
1529
1530
1531
1532
1533
1534
1535
1536
1537
1538
1539
1540
1541
1542
1543
1544
1545
1546
1547
1548
1549
1550
1551
1552
1553
1554
1555
1556
1557
1558
1559
1560
1561
1562
1563
1564
1565
1566
1567
1568
1569
1570
1571
1572
1573
1574
1575
1576
1577
1578
1579
1580
1581
1582
1583
1584
1585
1586
1587
1588
1589
1590
1591
1592
1593
1594
1595
1596
1597
1598
1599
1600
1601
1602
1603
1604
1605
1606
1607
1608
1609
1610
1611
1612
1613
1614
1615
1616
1617
1618
1619
1620
1621
1622
1623
1624
1625
1626
1627
1628
1629
1630
1631
1632
1633
1634
1635
1636
1637
1638
1639
1640
1641
1642
1643
1644
1645
1646
1647
1648
1649
1650
1651
1652
1653
1654
1655
1656
1657
1658
1659
1660
1661
1662
1663
1664
1665
1666
1667
1668
1669
1670
1671
1672
1673
1674
1675
1676
1677
1678
1679
1680
1681
1682
1683
1684
1685
1686
1687
1688
1689
1690
1691
1692
1693
1694
1695
1696
1697
1698
1699
1700
1701
1702
1703
1704
1705
1706
1707
1708
1709
1710
1711
1712
1713
1714
1715
1716
1717
1718
1719
1720
1721
1722
1723
1724
1725
1726
1727
1728
1729
1730
1731
1732
1733
1734
1735
1736
1737
1738
1739
1740
1741
1742
1743
1744
1745
1746
1747
1748
1749
1750
1751
1752
1753
1754
1755
1756
1757
1758
1759
1760
1761
1762
1763
1764
1765
1766
1767
1768
1769
1770
1771
1772
1773
1774
1775
1776
1777
1778
1779
1780
1781
1782
1783
1784
1785
1786
1787
1788
1789
1790
1791
1792
1793
1794
1795
1796
1797
1798
1799
1800
1801
1802
1803
1804
1805
1806
1807
1808
1809
1810
1811
1812
1813
1814
1815
1816
1817
1818
1819
1820
1821
1822
1823
1824
1825
1826
1827
1828
1829
1830
1831
1832
1833
1834
1835
1836
1837
1838
1839
1840
1841
1842
1843
1844
1845
1846
1847
1848
1849
1850
1851
1852
1853
1854
1855
1856
1857
1858
1859
1860
1861
1862
1863
1864
1865
1866
1867
1868
1869
1870
1871
1872
1873
1874
1875
1876
1877
1878
1879
1880
1881
1882
1883
1884
1885
1886
1887
1888
1889
1890
1891
1892
1893
1894
1895
1896
1897
1898
1899
1900
1901
1902
1903
1904
1905
1906
1907
1908
1909
1910
1911
1912
1913
1914
1915
1916
1917
1918
1919
1920
1921
1922
1923
1924
1925
1926
1927
1928
1929
1930
1931
1932
1933
1934
1935
1936
1937
1938
1939
1940
1941
1942
1943
1944
1945
1946
1947
1948
1949
1950
1951
1952
1953
1954
1955
1956
1957
1958
1959
1960
1961
1962
1963
1964
1965
1966
1967
1968
1969
1970
1971
1972
1973
1974
1975
1976
1977
1978
1979
1980
1981
1982
1983
1984
1985
1986
1987
1988
1989
1990
1991
1992
1993
1994
1995
1996
1997
1998
1999
2000
2001
2002
2003
2004
2005
2006
2007
2008
2009
2010
2011
2012
2013
2014
2015
2016
2017
2018
2019
2020
2021
2022
2023
2024
2025
2026
2027
2028
2029
2030
2031
2032
2033
2034
2035
2036
2037
2038
2039
2040
2041
2042
2043
2044
2045
2046
2047
2048
2049
2050
2051
2052
2053
2054
2055
2056
2057
2058
2059
2060
2061
2062
2063
2064
2065
2066
2067
2068
2069
2070
2071
2072
2073
2074
2075
2076
2077
2078
2079
2080
2081
2082
2083
2084
2085
2086
2087
2088
2089
2090
2091
2092
2093
2094
2095
2096
2097
2098
2099
2100
2101
2102
2103
2104
2105
2106
2107
2108
2109
2110
2111
2112
2113
2114
2115
2116
2117
2118
2119
2120
2121
2122
2123
2124
2125
2126
2127
2128
2129
2130
2131
2132
2133
2134
2135
2136
2137
2138
2139
2140
2141
2142
2143
2144
2145
2146
2147
2148
2149
2150
2151
2152
2153
2154
2155
2156
2157
2158
2159
2160
2161
2162
2163
2164
2165
2166
2167
2168
2169
2170
2171
2172
2173
2174
2175
2176
2177
2178
2179
2180
2181
2182
2183
2184
2185
2186
2187
2188
2189
2190
2191
2192
2193
2194
2195
2196
2197
2198
2199
2200
2201
2202
2203
2204
2205
2206
2207
2208
2209
2210
2211
2212
2213
2214
2215
2216
2217
2218
2219
2220
2221
2222
2223
2224
2225
2226
2227
2228
2229
2230
2231
2232
2233
2234
2235
2236
2237
2238
2239
2240
2241
2242
2243
2244
2245
2246
2247
2248
2249
2250
2251
2252
2253
2254
2255
2256
2257
2258
2259
2260
2261
2262
2263
2264
2265
2266
2267
2268
2269
2270
2271
2272
2273
2274
2275
2276
2277
2278
2279
2280
2281
2282
2283
2284
2285
2286
2287
2288
2289
2290
2291
2292
2293
2294
2295
2296
2297
2298
2299
2300
2301
2302
2303
2304
2305
2306
2307
2308
2309
2310
2311
2312
2313
2314
2315
2316
2317
2318
2319
2320
2321
2322
2323
2324
2325
2326
2327
2328
2329
2330
2331
2332
2333
2334
2335
2336
2337
2338
2339
2340
2341
2342
2343
2344
2345
2346
2347
2348
2349
2350
2351
2352
2353
2354
2355
2356
2357
2358
2359
2360
2361
2362
2363
2364
2365
2366
2367
2368
2369
2370
2371
2372
2373
2374
2375
2376
2377
2378
2379
2380
2381
2382
2383
2384
2385
2386
2387
2388
2389
2390
2391
2392
2393
2394
2395
2396
2397
2398
2399
2400
2401
2402
2403
2404
2405
2406
2407
2408
2409
2410
2411
2412
2413
2414
2415
2416
2417
2418
2419
2420
2421
2422
2423
2424
2425
2426
2427
2428
2429
2430
2431
2432
2433
2434
2435
2436
2437
2438
2439
2440
2441
2442
2443
2444
2445
2446
2447
2448
2449
2450
2451
2452
2453
2454
2455
2456
2457
2458
2459
2460
2461
2462
2463
2464
2465
2466
2467
2468
2469
2470
2471
2472
2473
2474
2475
2476
2477
2478
2479
2480
2481
2482
2483
2484
2485
2486
2487
2488
2489
2490
2491
2492
2493
2494
2495
2496
2497
2498
2499
2500
2501
2502
2503
2504
2505
2506
2507
2508
2509
2510
2511
2512
2513
2514
2515
2516
2517
2518
2519
2520
2521
2522
2523
2524
2525
2526
2527
2528
2529
2530
2531
2532
2533
2534
2535
2536
2537
2538
2539
2540
2541
2542
2543
2544
2545
2546
2547
2548
2549
2550
2551
2552
2553
2554
2555
2556
2557
2558
2559
2560
2561
2562
2563
2564
2565
2566
2567
2568
2569
2570
2571
2572
2573
2574
2575
2576
2577
2578
2579
2580
2581
2582
2583
2584
2585
2586
2587
2588
2589
2590
2591
2592
2593
2594
2595
2596
2597
2598
2599
2600
2601
2602
2603
2604
2605
2606
2607
2608
2609
2610
2611
2612
2613
2614
2615
2616
2617
2618
2619
2620
2621
2622
2623
2624
2625
2626
2627
2628
2629
2630
2631
2632
2633
2634
2635
2636
2637
2638
2639
2640
2641
2642
2643
2644
2645
2646
2647
2648
2649
2650
2651
2652
2653
2654
2655
2656
2657
2658
2659
2660
2661
2662
2663
2664
2665
2666
2667
2668
2669
2670
2671
2672
2673
2674
2675
2676
2677
2678
2679
2680
2681
2682
2683
2684
2685
2686
2687
2688
2689
2690
2691
2692
2693
2694
2695
2696
2697
2698
2699
2700
2701
2702
2703
2704
2705
2706
2707
2708
2709
2710
2711
2712
2713
2714
2715
2716
2717
2718
2719
2720
2721
2722
2723
2724
2725
2726
2727
2728
2729
2730
2731
2732
2733
2734
2735
2736
2737
2738
2739
2740
2741
2742
2743
2744
2745
2746
2747
2748
2749
2750
2751
2752
2753
2754
2755
2756
2757
2758
2759
2760
2761
2762
2763
2764
2765
2766
2767
2768
2769
2770
2771
2772
2773
2774
2775
2776
2777
2778
2779
2780
2781
2782
2783
2784
2785
2786
2787
2788
2789
2790
2791
2792
2793
2794
2795
2796
2797
2798
2799
2800
2801
2802
2803
2804
2805
2806
2807
2808
2809
2810
2811
2812
2813
2814
2815
2816
2817
2818
2819
2820
2821
2822
2823
2824
2825
2826
2827
2828
2829
2830
2831
2832
2833
2834
2835
2836
2837
2838
2839
2840
2841
2842
2843
2844
2845
2846
2847
2848
2849
2850
2851
2852
2853
2854
2855
2856
2857
2858
2859
2860
2861
2862
2863
2864
2865
2866
2867
2868
2869
2870
2871
2872
2873
2874
2875
2876
2877
2878
2879
2880
2881
2882
2883
2884
2885
2886
2887
2888
2889
2890
2891
2892
2893
2894
2895
2896
2897
2898
2899
2900
2901
2902
2903
2904
2905
2906
2907
2908
2909
2910
2911
2912
2913
2914
2915
2916
2917
2918
2919
2920
2921
2922
2923
2924
2925
2926
2927
2928
2929
2930
2931
2932
2933
2934
2935
2936
2937
2938
2939
2940
2941
2942
2943
2944
2945
2946
2947
2948
2949
2950
2951
2952
2953
2954
2955
2956
2957
2958
2959
2960
2961
2962
2963
2964
2965
2966
2967
2968
2969
2970
2971
2972
2973
2974
2975
2976
2977
2978
2979
2980
2981
2982
2983
2984
2985
2986
2987
2988
2989
2990
2991
2992
2993
2994
2995
2996
2997
2998
2999
3000
3001
3002
3003
3004
3005
3006
3007
3008
3009
3010
3011
3012
3013
3014
3015
3016
3017
3018
3019
3020
3021
3022
3023
3024
3025
3026
3027
3028
3029
3030
3031
3032
3033
3034
3035
3036
3037
3038
3039
3040
3041
3042
3043
3044
3045
3046
3047
3048
3049
3050
3051
3052
3053
3054
3055
3056
3057
3058
3059
3060
3061
3062
3063
3064
3065
3066
3067
3068
3069
3070
3071
3072
3073
3074
3075
3076
3077
3078
3079
3080
3081
3082
3083
3084
3085
3086
3087
3088
3089
3090
3091
3092
3093
3094
3095
3096
3097
3098
3099
3100
3101
3102
3103
3104
3105
3106
3107
3108
3109
3110
3111
3112
3113
3114
3115
3116
3117
3118
3119
3120
3121
3122
3123
3124
3125
3126
3127
3128
3129
3130
3131
3132
3133
3134
3135
3136
3137
3138
3139
3140
3141
3142
3143
3144
3145
3146
3147
3148
3149
3150
3151
3152
3153
3154
3155
3156
3157
3158
3159
3160
3161
3162
3163
3164
3165
3166
3167
3168
3169
3170
3171
3172
3173
3174
3175
3176
3177
3178
3179
3180
3181
3182
3183
3184
3185
3186
3187
3188
3189
3190
3191
3192
3193
3194
3195
3196
3197
3198
3199
3200
3201
3202
3203
3204
3205
3206
3207
3208
3209
3210
3211
3212
3213
3214
3215
3216
3217
3218
3219
3220
3221
3222
3223
3224
3225
3226
3227
3228
3229
3230
3231
3232
3233
3234
3235
3236
3237
3238
3239
3240
3241
3242
3243
3244
3245
3246
3247
3248
3249
3250
3251
3252
3253
3254
3255
3256
3257
3258
3259
3260
3261
3262
3263
3264
3265
3266
3267
3268
3269
3270
3271
3272
3273
3274
3275
3276
3277
3278
3279
3280
3281
3282
3283
3284
3285
3286
3287
3288
3289
3290
3291
3292
3293
3294
3295
3296
3297
3298
3299
3300
3301
3302
3303
3304
3305
3306
3307
3308
3309
3310
3311
3312
3313
3314
3315
3316
3317
3318
3319
3320
3321
3322
3323
3324
3325
3326
3327
3328
3329
3330
3331
3332
3333
3334
3335
3336
3337
3338
3339
3340
3341
3342
3343
3344
3345
3346
3347
3348
3349
3350
3351
3352
3353
3354
3355
3356
3357
3358
3359
3360
3361
3362
3363
3364
3365
3366
3367
3368
3369
3370
3371
3372
3373
3374
3375
3376
3377
3378
3379
3380
3381
3382
3383
3384
3385
3386
3387
3388
3389
3390
3391
3392
3393
3394
3395
3396
3397
3398
3399
3400
3401
3402
3403
3404
3405
3406
3407
3408
3409
3410
3411
3412
3413
3414
3415
3416
3417
3418
3419
3420
3421
3422
3423
3424
3425
3426
3427
3428
3429
3430
3431
3432
3433
3434
3435
3436
3437
3438
3439
3440
3441
3442
3443
3444
3445
3446
3447
3448
3449
3450
3451
3452
3453
3454
3455
3456
3457
3458
3459
3460
3461
3462
3463
3464
3465
3466
3467
3468
3469
3470
3471
3472
3473
3474
3475
3476
3477
3478
3479
3480
3481
3482
3483
3484
3485
3486
3487
3488
3489
3490
3491
3492
3493
3494
3495
3496
3497
3498
3499
3500
3501
3502
3503
3504
3505
3506
3507
3508
3509
3510
3511
3512
3513
3514
3515
3516
3517
3518
3519
3520
3521
3522
3523
3524
3525
3526
3527
3528
3529
3530
3531
3532
3533
3534
3535
3536
3537
3538
3539
3540
3541
3542
3543
3544
3545
3546
3547
3548
3549
3550
3551
3552
3553
3554
3555
3556
3557
3558
3559
3560
3561
3562
3563
3564
3565
3566
3567
3568
3569
3570
3571
3572
3573
3574
3575
3576
3577
3578
3579
3580
3581
3582
3583
3584
3585
3586
3587
3588
3589
3590
3591
3592
3593
3594
3595
3596
3597
3598
3599
3600
3601
3602
3603
3604
3605
3606
3607
3608
3609
3610
3611
3612
3613
3614
3615
3616
3617
3618
3619
3620
3621
3622
3623
3624
3625
3626
3627
3628
3629
3630
3631
3632
3633
3634
3635
3636
3637
3638
3639
3640
3641
3642
3643
3644
3645
3646
3647
3648
3649
3650
3651
3652
3653
3654
3655
3656
3657
3658
3659
3660
3661
3662
3663
3664
3665
3666
3667
3668
3669
3670
3671
3672
3673
3674
3675
3676
3677
3678
3679
3680
3681
3682
3683
3684
3685
3686
3687
3688
3689
3690
3691
3692
3693
3694
3695
3696
3697
3698
3699
3700
3701
3702
3703
3704
3705
3706
3707
3708
3709
3710
3711
3712
3713
3714
3715
3716
3717
3718
3719
3720
3721
3722
3723
3724
3725
3726
3727
3728
3729
3730
3731
3732
3733
3734
3735
3736
3737
3738
3739
3740
3741
3742
3743
3744
3745
3746
3747
3748
3749
3750
3751
3752
3753
3754
3755
3756
3757
3758
3759
3760
3761
3762
3763
3764
3765
3766
3767
3768
3769
3770
3771
3772
3773
3774
3775
3776
3777
3778
3779
3780
3781
3782
3783
3784
3785
3786
3787
3788
3789
3790
3791
3792
3793
3794
3795
3796
3797
3798
3799
3800
3801
3802
3803
3804
3805
3806
3807
3808
3809
3810
3811
3812
3813
3814
3815
3816
3817
3818
3819
3820
3821
3822
3823
3824
3825
3826
3827
3828
3829
3830
3831
3832
3833
3834
3835
3836
3837
3838
3839
3840
3841
3842
3843
3844
3845
3846
3847
3848
3849
3850
3851
3852
3853
3854
3855
3856
3857
3858
3859
3860
3861
3862
3863
3864
3865
3866
3867
3868
3869
3870
3871
3872
3873
3874
3875
3876
3877
3878
3879
3880
3881
3882
3883
3884
3885
3886
3887
3888
3889
3890
3891
3892
3893
3894
3895
3896
3897
3898
3899
3900
3901
3902
3903
3904
3905
3906
3907
3908
3909
3910
3911
3912
3913
3914
3915
3916
3917
3918
3919
3920
3921
3922
3923
3924
3925
3926
3927
3928
3929
3930
3931
3932
3933
3934
3935
3936
3937
3938
3939
3940
3941
3942
3943
3944
3945
3946
3947
3948
3949
3950
3951
3952
3953
3954
3955
3956
3957
3958
3959
3960
3961
3962
3963
3964
3965
3966
3967
3968
3969
3970
3971
3972
3973
3974
3975
3976
3977
3978
3979
3980
3981
3982
3983
3984
3985
3986
3987
3988
3989
3990
3991
3992
3993
3994
3995
3996
3997
3998
3999
4000
4001
4002
4003
4004
4005
4006
4007
4008
4009
4010
4011
4012
4013
4014
4015
4016
4017
4018
4019
4020
4021
4022
4023
4024
4025
4026
4027
4028
4029
4030
4031
4032
4033
4034
4035
4036
4037
4038
4039
4040
4041
4042
4043
4044
4045
4046
4047
4048
4049
4050
4051
4052
4053
4054
4055
4056
4057
4058
4059
4060
4061
4062
4063
4064
4065
4066
4067
4068
4069
4070
4071
4072
4073
4074
4075
4076
4077
4078
4079
4080
4081
4082
4083
4084
4085
4086
4087
4088
4089
4090
4091
4092
4093
4094
4095
4096
4097
4098
4099
4100
4101
4102
4103
4104
4105
4106
4107
4108
4109
4110
4111
4112
4113
4114
4115
4116
4117
4118
4119
4120
4121
4122
4123
4124
4125
4126
4127
4128
4129
4130
4131
4132
4133
4134
4135
4136
4137
4138
4139
4140
4141
4142
4143
4144
4145
4146
4147
4148
4149
4150
4151
4152
4153
4154
4155
4156
4157
4158
4159
4160
4161
4162
4163
4164
4165
4166
4167
4168
4169
4170
4171
4172
4173
4174
4175
4176
4177
4178
4179
4180
4181
4182
4183
4184
4185
4186
4187
4188
4189
4190
4191
4192
4193
4194
4195
4196
4197
4198
4199
4200
4201
4202
4203
4204
4205
4206
4207
4208
4209
4210
4211
4212
4213
4214
4215
4216
4217
4218
4219
4220
4221
4222
4223
4224
4225
4226
4227
4228
4229
4230
4231
4232
4233
4234
4235
4236
4237
4238
4239
4240
4241
4242
4243
4244
4245
4246
4247
4248
4249
4250
4251
4252
4253
4254
4255
4256
4257
4258
4259
4260
4261
4262
4263
4264
4265
4266
4267
4268
4269
4270
4271
4272
4273
4274
4275
4276
4277
4278
4279
4280
4281
4282
4283
4284
4285
4286
4287
4288
4289
4290
4291
4292
4293
4294
4295
4296
4297
4298
4299
4300
4301
4302
4303
4304
4305
4306
4307
4308
4309
4310
4311
4312
4313
4314
4315
4316
4317
4318
4319
4320
4321
4322
4323
4324
4325
4326
4327
4328
4329
4330
4331
4332
4333
4334
4335
4336
4337
4338
4339
4340
4341
4342
4343
4344
4345
4346
4347
4348
4349
4350
4351
4352
4353
4354
4355
4356
4357
4358
4359
4360
4361
4362
4363
4364
4365
4366
4367
4368
4369
4370
4371
4372
4373
4374
4375
4376
4377
4378
4379
4380
4381
4382
4383
4384
4385
4386
4387
4388
4389
4390
4391
4392
4393
4394
4395
4396
4397
4398
4399
4400
4401
4402
4403
4404
4405
4406
4407
4408
4409
4410
4411
4412
4413
4414
4415
4416
4417
4418
4419
4420
4421
4422
4423
4424
4425
4426
4427
4428
4429
4430
4431
4432
4433
4434
4435
4436
4437
4438
4439
4440
4441
4442
4443
4444
4445
4446
4447
4448
4449
4450
4451
4452
4453
4454
4455
4456
4457
4458
4459
4460
4461
4462
4463
4464
4465
4466
4467
4468
4469
4470
4471
4472
4473
4474
4475
4476
4477
4478
4479
4480
4481
4482
4483
4484
4485
4486
4487
4488
4489
4490
4491
4492
4493
4494
4495
4496
4497
4498
4499
4500
4501
4502
4503
4504
4505
4506
4507
4508
4509
4510
4511
4512
4513
4514
4515
4516
4517
4518
4519
4520
4521
4522
4523
4524
4525
4526
4527
4528
4529
4530
4531
4532
4533
4534
4535
4536
4537
4538
4539
4540
4541
4542
4543
4544
4545
4546
4547
4548
4549
4550
4551
4552
4553
4554
4555
4556
4557
4558
4559
4560
4561
4562
4563
4564
4565
4566
4567
4568
4569
4570
4571
4572
4573
4574
4575
4576
4577
4578
4579
4580
4581
4582
4583
4584
4585
4586
4587
4588
4589
4590
4591
4592
4593
4594
4595
4596
4597
4598
4599
4600
4601
4602
4603
4604
4605
4606
4607
4608
4609
4610
4611
4612
4613
4614
4615
4616
4617
4618
4619
4620
4621
4622
4623
4624
4625
4626
4627
4628
4629
4630
4631
4632
4633
4634
4635
4636
4637
4638
4639
4640
4641
4642
4643
4644
4645
4646
4647
4648
4649
4650
4651
4652
4653
4654
4655
4656
4657
4658
4659
4660
4661
4662
4663
4664
4665
4666
4667
4668
4669
4670
4671
4672
4673
4674
4675
4676
4677
4678
4679
4680
4681
4682
4683
4684
4685
4686
4687
4688
4689
4690
4691
4692
4693
4694
4695
4696
4697
4698
4699
4700
4701
4702
4703
4704
4705
4706
4707
4708
4709
4710
4711
4712
4713
4714
4715
4716
4717
4718
4719
4720
4721
4722
4723
4724
4725
4726
4727
4728
4729
4730
4731
4732
4733
4734
4735
4736
4737
4738
4739
4740
4741
4742
4743
4744
4745
4746
4747
4748
4749
4750
4751
4752
4753
4754
4755
4756
4757
4758
4759
4760
4761
4762
4763
4764
4765
4766
4767
4768
4769
4770
4771
4773
4774
4775
4776
4777
4778
4779
4780
4781
4782
4783
4784
4785
4786
4787
4788
4789
4790
4791
4792
4793
4794
4795
4796
4797
4798
4799
4800
4801
4802
4803
4804
4805
4806
4807
4808
4809
4810
4811
4812
4813
4814
4815
4816
4817
4818
4819
4820
4821
4822
4823
4824
4825
4826
4827
4828
4829
4830
4831
4832
4833
4834
4835
4836
4837
4838
4839
4840
4841
4842
4843
4844
4845
4846
4847
4848
4849
4850
4851
4852
4853
4854
4855
4856
4857
4858
4859
4860
4861
4862
4863
4864
4865
4866
4867
4868
4869
4870
4871
4872
4873
4874
4875
4876
4877
4878
4879
4880
4881
4882
4883
4884
4885
4886
4887
4888
4889
4890
4891
4892
4893
4894
4895
4896
4897
4898
4899
4900
4901
4902
4903
4904
4905
4906
4907
4908
4909
4910
4911
4912
4913
4914
4915
4916
4917
4918
4919
4920
4921
4922
4923
4924
4925
4926
4927
4928
4929
4930
4931
4932
4933
4934
4935
4936
4937
4938
4939
4940
4941
4942
4943
4944
4945
4946
4947
4948
4949
4950
4951
4952
4953
4954
4955
4956
4957
4958
4959
4960
4961
4962
4963
4964
4965
4966
4967
4968
4969
4970
4971
4972
4973
4974
4975
4976
4977
4978
4979
4980
4981
4982
4983
4984
4985
4986
4987
4988
4989
4990
4991
4992
4993
4994
4995
4996
4997
4998
4999
5000
5001
5002
5003
5004
5005
5006
5007
5008
5009
5010
5011
5012
5013
5014
5015
5016
5017
5018
5019
5020
5021
5022
5023
5024
5025
5026
5027
5028
5029
5030
5031
5032
5033
5034
5035
5036
5037
5038
5039
5040
5041
5042
5043
5044
5045
5046
5047
5048
5049
5050
5051
5052
5053
5054
5055
5056
5057
5058
5059
5060
5061
5062
5063
5064
5065
5066
5067
5068
5069
5070
5071
5072
5073
5074
5075
5076
5077
5078
5079
5080
5081
5082
5083
5084
5085
5086
5087
5088
5089
5090
5091
5092
5093
5094
5095
5096
5097
5098
5099
5100
5101
5102
5103
5104
5105
5106
5107
5108
5109
5110
5111
5112
5113
5114
5115
5116
5117
5118
5119
5120
5121
5122
5123
5124
5125
5126
5127
5128
5129
5130
5131
5132
5133
5134
5135
5136
5137
5139
5140
5141
5142
5143
5144
5145
5146
5147
5148
5149
5150
5151
5152
5153
5154
5155
5156
5157
5158
5159
5160
5161
5162
5163
5164
5165
5166
5167
5168
5169
5170
5171
5172
5173
5174
5175
5176
5177
5178
5179
5180
5181
5182
5183
5184
5185
5186
5187
5188
5189
5190
5191
5192
5193
5194
5195
5196
5197
5198
5199
5200
5201
5202
5203
5204
5205
5206
5207
5208
5209
5210
5211
5212
5213
5214
5215
5216
5217
5218
5219
5220
5221
5222
5223
5224
5225
5226
5227
5228
5229
5230
5231
5232
5233
5234
5235
5236
5237
5238
5239
5240
5241
5242
5243
5244
5245
5246
5247
5248
5249
5250
5251
5252
5253
5254
5255
5256
5257
5258
5259
5260
5261
5262
5263
5264
5265
5266
5267
5268
5269
5270
5271
5272
5273
5274
5275
5276
5277
5278
5279
5280
5281
5282
5283
5284
5285
5286
5287
5288
5289
5290
5291
5292
5293
5294
5295
5296
5297
5298
5299
5300
5301
5302
5303
5304
5305
5306
5307
5308
5309
5310
5311
5312
5313
5314
5315
5316
5317
5318
5319
5320
5321
5322
5323
5324
5325
5326
5327
5328
5329
5330
5331
5332
5333
5334
5335
5336
5337
5338
5339
5340
5341
5342
5343
5344
5345
5346
5347
5348
5349
5350
5351
5352
5353
5354
5355
5356
5357
5358
5359
5360
5361
5362
5363
5364
5365
5366
5367
5368
5369
5370
5371
5372
5373
5374
5375
5376
5377
5378
5379
5380
5381
5382
5383
5384
5385
5387
5388
5389
5390
5391
5392
5393
5394
5395
5396
5397
5398
5399
5400
5401
5402
5403
5404
5405
5406
5407
5408
5409
5410
5411
5412
5413
5414
5415
5416
5417
5418
5419
5420
5421
5422
5423
5424
5425
5426
5427
5428
5429
5430
5431
5432
5433
5434
5435
5436
5437
5438
5439
5440
5441
5442
5443
5444
5445
5446
5447
5448
5449
5450
5451
5452
5453
5454
5455
5456
5457
5458
5459
5460
5461
5462
5463
5464
5465
5466
5467
5468
5469
5470
5471
5472
5473
5474
5475
5476
5477
5478
5479
5480
5481
5482
5483
5484
5485
5486
5487
5488
5489
5490
5491
5492
5493
5494
5495
5496
5497
5498
5499
5500
5501
5502
5503
5504
5505
5506
5507
5508
5509
5510
5511
5512
5513
5514
5515
5516
5517
5518
5519
5520
5521
5522
5523
5524
5525
5526
5527
5528
5529
5530
5531
5532
5533
5534
5535
5536
5537
5538
5539
5540
5541
5542
5543
5544
5545
5546
5547
5548
5549
5550
5551
5552
5553
5554
5555
5556
5557
5558
5559
5560
5561
5562
5563
5564
5565
5566
5567
5568
5569
5570
5571
5572
5573
5574
5575
5576
5577
5579
5580
5581
5582
5583
5584
5585
5586
5587
5588
5589
5590
5591
5592
5593
5594
5595
5596
5597
5598
5599
5600
5601
5602
5603
5604
5605
5606
5607
5608
5609
5610
5611
5612
5613
5614
5615
5616
5617
5618
5619
5620
5621
5622
5623
5624
5625
5626
5627
5628
5629
5630
5631
5632
5633
5634
5635
5636
5637
5638
5639
5640
5641
5642
5643
5644
5645
5646
5647
5648
5649
5650
5651
5652
5653
5654
5655
5656
5657
5658
5659
5660
5661
5662
5663
5664
5665
5666
5667
5668
5669
5670
5671
5672
5673
5674
5675
5676
5677
5678
5679
5680
5681
5682
5683
5684
5685
5686
5687
5688
5689
5690
5691
5692
5693
5694
5695
5696
5697
5698
5699
5700
5701
5702
5703
5704
5705
5706
5707
5708
5709
5710
5711
5712
5713
5714
5715
5716
5717
5718
5719
5720
5721
5722
5723
5724
5725
5726
5727
5728
5729
5730
5731
5732
5733
5734
5735
5736
5737
5738
5739
5740
5741
5742
5743
5744
5745
5746
5747
5748
5749
5750
5751
5752
5753
5754
5755
5756
5757
5758
5759
5760
5761
5762
5763
5764
5765
5766
5767
5768
5769
5770
5771
5772
5773
5774
5775
5776
5777
5778
5779
5780
5781
5782
5783
5784
5785
5786
5787
5788
5789
5790
5791
5792
5793
5794
5795
5796
5797
5798
5799
5800
5801
5802
5803
5804
5805
5806
5807
5808
5809
5810
5811
5812
5813
5814
5815
5816
5817
5818
5819
5820
5821
5822
5823
5824
5825
5826
5827
5828
5829
5830
5831
5832
5833
5834
5835
5836
5837
5838
5839
5840
5841
5842
5843
5844
5845
5846
5847
5848
5849
5850
5851
5852
5853
5854
5855
5856
5857
5858
5859
5860
5861
5862
5863
5864
5865
5866
5867
5868
5869
5870
5871
5872
5873
5874
5875
5876
5877
5878
5879
5880
5881
5882
5883
5884
5885
5886
5887
5888
5889
5890
5891
5892
5893
5894
5895
5896
5897
5898
5899
5900
5901
5902
5903
5904
5905
5906
5907
5908
5909
5910
5911
5912
5913
5914
5915
5916
5917
5918
5919
5920
5921
5922
5923
5924
5925
5926
5927
5928
5929
5930
5931
5932
5933
5934
5935
5936
5937
5938
5939
5940
5941
5942
5943
5945
5946
5947
5948
5949
5950
5951
5952
5953
5954
5955
5956
5957
5958
5959
5960
5961
5962
5963
5964
5965
5966
5967
5968
5969
5970
5971
5972
5973
5974
5975
5976
5977
5978
5979
5980
5981
5982
5983
5984
5985
5986
5987
5988
5989
5990
5991
5992
5993
5994
5995
5996
5997
5999
6000
6001
6002
6003
6004
6005
6006
6007
6008
6009
6010
6011
6012
6013
6014
6015
6016
6017
6018
6019
6020
6021
6022
6023
6024
6025
6026
6027
6028
6029
6030
6031
6032
6033
6034
6035
6036
6037
6038
6039
6040
6041
6042
6043
6044
6045
6046
6048
6049
6050
6051
6052
6053
6054
6055
6056
6057
6058
6059
6060
6061
6062
6063
6064
6065
6066
6067
6068
6069
6070
6071
6072
6073
6074
6075
6076
6077
6078
6079
6080
6081
6082
6083
6084
6085
6086
6087
6088
6089
6090
6091
6092
6093
6094
6095
6096
6097
6098
6099
6100
6101
6102
6103
6104
6105
6106
6107
6108
6109
6110
6111
6112
6113
6114
6115
6116
6117
6118
6119
6120
6121
6122
6123
6124
6125
6126
6127
6128
6129
6130
6131
6132
6133
6134
6135
6136
6137
6138
6139
6140
6141
6142
6143
6144
6145
6146
6147
6148
6149
6150
6151
6152
6153
6154
6155
6156
6157
6158
6159
6160
6161
6162
6163
6164
6165
6166
6167
6168
6169
6170
6171
6172
6173
6174
6175
6176
6177
6178
6179
6180
6181
6182
6183
6184
6185
6186
6187
6188
6189
6190
6191
6192
6193
6194
6195
6196
6197
6198
6199
6200
6201
6202
6203
6204
6205
6206
6207
6208
6209
6210
6211
6212
6213
6214
6215
6216
6217
6218
6219
6220
6221
6222
6223
6224
6225
6226
6227
6228
6229
6230
6231
6232
6233
6234
6235
6236
6237
6238
6239
6240
6241
6242
6243
6244
6245
6246
6247
6248
6249
6250
6251
6252
6253
6254
6255
6256
6257
6258
6259
6260
6261
6262
6263
6264
6265
6266
6267
6268
6269
6270
6271
6272
6273
6274
6275
6276
6277
6278
6279
6280
6281
6282
6283
6284
6285
6286
6287
6288
6289
6290
6291
6292
6293
6294
6295
6296
6297
6298
6299
6300
6301
6302
6303
6304
6305
6306
6307
6308
6309
6310
6311
6312
6313
6314
6315
6316
6317
6318
6319
6320
6321
6322
6323
6324
6325
6326
6327
6328
6329
6330
6331
6332
6333
6334
6335
6336
6337
6338
6339
6340
6341
6342
6343
6344
6345
6346
6347
6348
6349
6350
6351
6352
6353
6354
6355
6356
6357
6358
6359
6360
6361
6362
6363
6364
6365
6366
6367
6368
6369
6370
6371
6372
6373
6374
6375
6376
6377
6378
6379
6380
6381
6382
6383
6384
6385
6386
6387
6388
6389
6390
6391
6392
6393
6394
6395
6396
6397
6398
6399
6400
6401
6402
6403
6404
6405
6406
6407
6408
6409
6410
6411
6412
6413
6414
6415
6416
6417
6418
6419
6420
6421
6422
6423
6424
6425
6426
6427
6428
6429
6430
6431
6432
6433
6434
6435
6436
6437
6438
6439
6440
6441
6442
6443
6444
6445
6446
6447
6448
6449
6450
6451
6452
6453
6454
6455
6456
6457
6458
6459
6460
6461
6462
6463
6464
6465
6466
6467
6468
6469
6470
6471
6472
6473
6474
6475
6476
6477
6478
6479
6480
6481
6482
6483
6484
6485
6486
6487
6488
6489
6490
6491
6492
6493
6494
6495
6496
6497
6498
6499
6500
6501
6502
6503
6504
6505
6506
6507
6508
6509
6510
6511
6512
6513
6515
6516
6517
6518
6519
6520
6521
6522
6523
6524
6525
6526
6527
6528
6529
6530
6531
6532
6533
6534
6535
6536
6537
6538
6539
6540
6541
6542
6543
6544
6545
6546
6547
6548
6549
6550
6551
6552
6553
6554
6555
6556
6557
6558
6559
6560
6561
6562
6563
6564
6565
6566
6567
6568
6569
6570
6571
6572
6573
6574
6575
6576
6577
6578
6579
6580
6581
6582
6583
6584
6585
6586
6587
6588
6589
6590
6591
6592
6593
6594
6595
6596
6597
6598
6599
6600
6601
6602
6603
6604
6605
6606
6607
6608
6609
6610
6611
6612
6613
6614
6615
6616
6617
6618
6619
6620
6621
6622
6623
6624
6625
6626
6627
6628
6629
6630
6631
6632
6633
6634
6635
6636
6637
6638
6639
6640
6641
6642
6643
6644
6645
6646
6647
6648
6649
6650
6651
6652
6653
6654
6655
6656
6657
6658
6659
6660
6661
6662
6663
6664
6665
6666
6667
6668
6669
6670
6671
6672
6673
6674
6675
6676
6677
6678
6679
6680
6681
6682
6683
6684
6685
6686
6687
6688
6689
6690
6691
6693
6694
6695
6696
6697
6698
6699
6700
6701
6703
6704
6705
6706
6707
6708
6709
6710
6711
6713
6714
6715
6716
6717
6718
6719
6720
6721
6723
6724
6725
6726
6727
6728
6729
6730
6731
6732
6733
6734
6735
6736
6737
6738
6739
6740
6741
6742
6743
6744
6745
6747
6748
6750
6751
6752
6753
6755
6756
6758
6759
6760
6761
6762
6763
6764
6765
6768
6769
6770
6771
6773
6774
6775
6776
6777
6779
6780
6781
6782
6783
6784
6785
6786
6787
6789
6790
6791
6792
6793
6794
6795
6796
6797
6798
6799
6800
6801
6802
6803
6804
6805
6806
6807
6808
6809
6810
6811
6812
6813
6814
6815
6816
6817
6818
6820
6821
6822
6823
6824
6825
6826
6827
6828
6830
6831
6832
6833
6834
6835
6836
6837
6838
6839
6840
6841
6842
6843
6844
6845
6846
6847
6848
6849
6850
6851
6853
6854
6855
6856
6857
6858
6859
6860
6861
6862
6863
6864
6865
6866
6867
6868
6869
6870
6871
6872
6873
6874
6875
6876
6877
6878
6879
6880
6881
6882
6883
6884
6885
6886
6887
6888
6889
6890
6891
6892
6893
6894
6895
6896
6897
6898
6899
6900
6901
6902
6903
6904
6905
6906
6907
6908
6909
6910
6911
6912
6913
6914
6915
6916
6917
6918
6919
6920
6921
6922
6923
6924
6925
6926
6927
6928
6929
6930
6931
6932
6933
6934
6935
6936
6937
6939
6940
6941
6942
6943
6944
6945
6946
6948
6949
6950
6951
6952
6953
6954
6955
6956
6957
6958
6959
6960
6961
6963
6964
6965
6966
6967
6968
6969
6970
6971
6972
6973
6974
6975
6976
6977
6978
6979
6980
6981
6982
6983
6984
6985
6986
6987
6988
6989
6990
6991
6992
6993
6994
6995
6996
6997
6998
6999
7000
7001
7002
7003
7004
7005
7006
7007
7008
7009
7010
7011
7013
7014
7015
7016
7017
7018
7019
7020
7021
7022
7023
7024
7025
7026
7027
7028
7029
7030
7031
7032
7033
7034
7035
7036
7038
7039
7040
7041
7042
7043
7044
7045
7046
7047
7048
7049
7050
7051
7052
7053
7054
7055
7056
7057
7058
7059
7060
7061
7062
7063
7064
7065
7066
7067
7068
7070
7071
7072
7073
7074
7075
7076
7077
7078
7080
7081
7082
7083
7084
7085
7087
7088
7089
7090
7091
7092
7093
7094
7095
7096
7097
7098
7099
7100
7101
7102
7103
7104
7105
7106
7107
7108
7109
7110
7111
7112
7113
7114
7115
7116
7117
7118
7119
7120
7121
7122
7123
7124
7125
7126
7127
7128
7129
7130
7131
7132
7133
7134
7135
7136
7137
7138
7139
7140
7141
7142
7143
7144
7145
7146
7147
7148
7149
7150
7151
7152
7153
7154
7155
7156
7157
7158
7159
7160
7161
7162
7163
7164
7165
7166
7167
7168
7169
7170
7171
7172
7173
7174
7175
7176
7177
7178
7179
7180
7181
7182
7183
7184
7185
7186
7187
7188
7189
7190
7191
7192
7193
7194
7195
7196
7197
7198
7199
7200
7201
7202
7203
7204
7205
7206
7207
7208
7209
7210
7211
7212
7213
7214
7215
7216
7217
7218
7219
7220
7221
7222
7223
7224
7225
7226
7227
7228
7229
7230
7231
7232
7233
7234
7235
7236
7237
7238
7239
7240
7241
7242
7243
7244
7245
7246
7247
7248
7249
7250
7251
7252
7253
7254
7255
7256
7257
7258
7259
7260
7261
7262
7263
7264
7265
7266
7267
7268
7269
7270
7271
7272
7273
7274
7275
7276
7277
7278
7279
7280
7281
7282
7283
7284
7285
7286
7287
7288
7289
7290
7291
7292
7293
7294
7295
7296
7297
7298
7299
7300
7301
7302
7303
7304
7305
7306
7307
7308
7309
7310
7311
7312
7313
7314
7315
7316
7317
7318
7319
7320
7321
7322
7323
7324
7325
7326
7327
7328
7329
7330
7331
7332
7333
7334
7335
7336
7337
7338
7339
7340
7341
7342
7343
7344
7345
7346
7347
7348
7349
7350
7351
7352
7353
7354
7355
7356
7357
7358
7359
7360
7361
7362
7363
7365
7366
7367
7368
7369
7370
7371
7373
7375
7376
7377
7378
7379
7380
7381
7383
7384
7385
7386
7387
7388
7389
7390
7391
7392
7393
7395
7396
7397
7398
7399
7400
7401
7402
7403
7404
7405
7406
7407
7408
7409
7410
7411
7412
7413
7414
7415
7416
7417
7418
7419
7420
7421
7422
7424
7425
7426
7427
7428
7429
7430
7431
7432
7433
7434
7435
7436
7437
7438
7439
7440
7441
7442
7443
7444
7445
7446
7447
7448
7449
7450
7451
7452
7453
7454
7455
7456
7457
7458
7459
7460
7461
7462
7463
7464
7465
7466
7467
7468
7469
7470
7471
7472
7473
7474
7475
7476
7477
7478
7479
7480
7481
7482
7483
7484
7485
7486
7487
7488
7489
7490
7491
7492
7493
7494
7495
7496
7497
7498
7499
7500
7501
7502
7503
7504
7505
7506
7507
7508
7509
7510
7511
7512
7513
7514
7515
7516
7517
7518
7519
7520
7521
7522
7523
7524
7525
7526
7527
7528
7529
7530
7531
7532
7533
7534
7535
7536
7537
7538
7539
7540
7541
7542
7543
7544
7545
7546
7547
7548
7549
7550
7551
7552
7553
7554
7555
7556
7557
7558
7559
7560
7561
7563
7564
7565
7566
7567
7568
7569
7570
7571
7572
7573
7574
7575
7576
7577
7578
7579
7580
7581
7582
7583
7584
7585
7586
7587
7588
7589
7590
7591
7592
7593
7594
7595
7596
7597
7598
7599
7600
7601
7602
7603
7604
7605
7606
7607
7608
7609
7610
7611
7612
7613
7614
7615
7616
7617
7618
7619
7620
7621
7622
7623
7624
7625
7626
7627
7628
7629
7630
7631
7632
7633
7634
7635
7636
7637
7638
7639
7640
7641
7642
7643
7644
7645
7646
7647
7648
7649
7650
7651
7652
7653
7654
7655
7656
7657
7658
7659
7660
7661
7662
7663
7664
7665
7666
7667
7668
7669
7670
7671
7672
7673
7674
7675
7676
7677
7678
7679
7680
7681
7682
7683
7684
7685
7686
7687
7688
7689
7690
7691
7692
7693
7694
7695
7696
7697
7698
7699
7700
7701
7702
7703
7704
7705
7706
7707
7708
7709
7710
7711
7712
7713
7714
7715
7716
7717
7718
7719
7720
7721
7722
7723
7724
7725
7726
7727
7728
7729
7730
7731
7732
7733
7734
7735
7736
7737
7738
7739
7740
7741
7742
7743
7744
7745
7746
7747
7748
7749
7750
7751
7752
7753
7755
7756
7757
7758
7759
7760
7761
7762
7763
7764
7765
7766
7767
7768
7769
7770
7771
7772
7773
7774
7775
7776
7777
7778
7779
7780
7781
7782
7783
7784
7785
7786
7787
7788
7789
7790
7791
7792
7793
7794
7795
7796
7797
7798
7799
7800
7801
7802
7803
7804
7805
7806
7807
7808
7809
7810
7811
7812
7813
7814
7815
7816
7817
7818
7819
7820
7821
7822
7823
7824
7825
7826
7827
7828
7830
7831
7832
7833
7834
7836
7837
7838
7839
7840
7841
7843
7845
7846
7847
7848
7849
7850
7851
7853
7854
7855
7856
7857
7859
7860
7861
7862
7864
7865
7866
7867
7868
7869
7870
7871
7872
7873
7874
7875
7876
7877
7878
7879
7880
7881
7882
7883
7884
7885
7887
7888
7889
7890
7891
7893
7895
7896
7897
7898
7899
7900
7901
7902
7903
7904
7905
7907
7910
7911
7912
7913
7914
7915
7917
7918
7919
7920
7921
7922
7923
7924
7925
7926
7928
7929
7930
7931
7933
7934
7935
7936
7937
7938
7939
7940
7941
7942
7943
7944
7945
7946
7947
7948
7949
7950
7951
7952
7953
7954
7955
7956
7959
7960
7961
7962
7963
7964
7965
7966
7967
7968
7969
7970
7971
7973
7974
7975
7976
7977
7978
7979
7980
7981
7982
7983
7984
7985
7986
7987
7988
7989
7990
7991
7992
7993
7994
7995
7996
7997
7998
7999
8000
8001
8002
8003
8004
8005
8007
8008
8009
8010
8011
8012
8013
8014
8015
8016
8017
8018
8019
8020
8021
8022
8023
8024
8025
8026
8027
8028
8029
8030
8031
8032
8033
8034
8035
8036
8037
8038
8039
8040
8041
8042
8043
8044
8045
8046
8047
8048
8049
8050
8051
8052
8053
8054
8055
8056
8057
8058
8059
8060
8061
8062
8063
8064
8065
8066
8067
8068
8069
8070
8071
8072
8073
8074
8075
8076
8077
8078
8079
8080
8081
8082
8083
8085
8086
8087
8088
8089
8090
8091
8092
8093
8094
8095
8096
8097
8098
8099
8100
8101
8102
8103
8104
8105
8106
8107
8108
8109
8110
8111
8112
8113
8115
8116
8117
8118
8119
8120
8121
8122
8123
8124
8125
8126
8127
8128
8129
8130
8131
8132
8133
8134
8135
8136
8137
8138
8139
8140
8141
8143
8144
8145
8146
8147
8148
8149
8150
8151
8152
8153
8154
8155
8156
8157
8158
8159
8160
8161
8162
8163
8164
8165
8166
8167
8168
8169
8170
8171
8172
8173
8174
8175
8176
8177
8178
8179
8180
8181
8183
8184
8185
8186
8187
8188
8189
8190
8191
8192
8193
8194
8195
8196
8197
8198
8199
8200
8201
8202
8203
8204
8205
8206
8207
8208
8209
8210
8211
8212
8213
8214
8215
8216
8217
8218
8219
8220
8221
8222
8223
8224
8225
8226
8227
8228
8229
8230
8231
8232
8233
8234
8235
8236
8237
8238
8239
8240
8241
8242
8243
8244
8245
8246
8247
8248
8249
8250
8251
8252
8253
8254
8255
8256
8257
8258
8259
8260
8261
8262
8263
8264
8265
8266
8267
8268
8269
8270
8271
8272
8273
8274
8275
8276
8277
8278
8279
8280
8281
8282
8283
8284
8285
8286
8287
8288
8289
8290
8291
8292
8293
8294
8295
8296
8297
8298
8299
8300
8301
8302
8303
8304
8305
8306
8307
8308
8309
8310
8311
8312
8313
8314
8315
8316
8317
8319
8320
8321
8322
8323
8324
8325
8326
8327
8328
8329
8330
8331
8332
8333
8334
8335
8336
8337
8338
8339
8340
8341
8342
8343
8344
8345
8346
8347
8348
8349
8350
8351
8352
8353
8354
8355
8356
8357
8358
8359
8360
8361
8362
8363
8364
8365
8366
8367
8368
8369
8370
8371
8372
8373
8374
8375
8376
8377
8378
8379
8380
8381
8382
8383
8384
8385
8386
8387
8388
8389
8390
8391
8393
8394
8395
8396
8397
8398
8399
8400
8401
8402
8403
8404
8405
8406
8407
8408
8409
8410
8411
8412
8413
8414
8415
8416
8417
8418
8419
8420
8421
8422
8424
8425
8426
8427
8428
8429
8430
8431
8432
8433
8434
8435
8436
8437
8440
8441
8442
8443
8444
8445
8446
8447
8448
8449
8450
8451
8452
8453
8454
8455
8456
8457
8458
8459
8460
8461
8463
8464
8465
8466
8467
8468
8469
8470
8471
8472
8473
8474
8475
8476
8477
8478
8480
8481
8483
8484
8485
8486
8487
8488
8489
8490
8491
8492
8493
8495
8496
8497
8498
8500
8501
8502
8503
8504
8505
8506
8507
8508
8509
8510
8511
8512
8513
8514
8515
8516
8517
8518
8519
8520
8521
8522
8523
8524
8525
8526
8527
8528
8529
8530
8531
8532
8533
8534
8535
8536
8537
8538
8539
8540
8541
8543
8544
8545
8546
8547
8548
8549
8550
8551
8552
8553
8554
8555
8556
8557
8558
8559
8560
8561
8562
8563
8564
8565
8566
8567
8568
8569
8570
8571
8572
8573
8574
8575
8576
8577
8579
8580
8581
8582
8583
8584
8585
8586
8588
8589
8590
8591
8592
8593
8594
8595
8596
8597
8598
8599
8600
8601
8602
8603
8604
8605
8606
8607
8608
8609
8610
8611
8613
8614
8615
8616
8617
8618
8619
8620
8621
8622
8623
8624
8625
8626
8627
8628
8629
8630
8631
8632
8633
8634
8635
8636
8637
8638
8639
8640
8641
8642
8643
8644
8645
8646
8647
8648
8649
8650
8651
8652
8653
8654
8655
8656
8657
8658
8659
8660
8661
8663
8664
8665
8666
8667
8668
8669
8670
8671
8672
8673
8675
8676
8678
8679
8680
8681
8682
8683
8684
8685
8686
8687
8688
8689
8690
8691
8692
8693
8694
8695
8696
8697
8698
8699
8700
8701
8702
8703
8704
8705
8707
8708
8709
8710
8711
8712
8713
8715
8716
8717
8718
8720
8721
8722
8723
8725
8726
8728
8729
8730
8731
8732
8733
8735
8736
8737
8738
8739
8740
8741
8742
8743
8744
8745
8746
8748
8749
8750
8751
8752
8753
8754
8755
8756
8757
8758
8759
8760
8761
8762
8763
8765
8766
8767
8768
8769
8770
8771
8772
8773
8774
8775
8776
8777
8778
8779
8780
8781
8782
8783
8784
8785
8786
8788
8789
8790
8791
8792
8793
8794
8795
8798
8799
8800
8801
8802
8803
8804
8805
8806
8807
8808
8809
8810
8811
8812
8813
8814
8815
8816
8817
8818
8819
8820
8821
8822
8823
8824
8825
8826
8827
8828
8829
8830
8831
8832
8833
8834
8835
8836
8837
8838
8839
8840
8841
8842
8843
8844
8845
8846
8847
8848
8849
8850
8851
8852
8853
8854
8855
8856
8857
8858
8859
8860
8861
8862
8863
8864
8865
8866
8867
8869
8870
8871
8872
8873
8874
8875
8876
8877
8879
8880
8881
8882
8883
8884
8885
8886
8887
8888
8889
8890
8891
8892
8893
8894
8895
8896
8897
8898
8899
8900
8901
8902
8903
8904
8905
8906
8908
8909
8910
8911
8912
8913
8915
8916
8917
8918
8919
8920
8921
8923
8924
8925
8926
8927
8928
8929
8930
8931
8932
8933
8934
8935
8936
8937
8938
8939
8940
8941
8942
8943
8944
8945
8946
8947
8948
8949
8950
8951
8952
8953
8954
8955
8956
8957
8958
8959
8960
8961
8962
8963
8964
8965
8966
8967
8968
8969
8970
8971
8972
8973
8974
8975
8976
8977
8978
8979
8980
8981
8982
8983
8984
8985
8986
8987
8988
8989
8990
8991
8992
8993
8994
8995
8996
8997
8998
8999
9000
9001
9002
9003
9004
9005
9006
9007
9008
9009
9010
9011
9012
9013
9014
9015
9016
9017
9018
9019
9020
9021
9022
9023
9024
9025
9026
9027
9028
9029
9030
9031
9032
9033
9034
9035
9036
9037
9038
9039
9040
9041
9042
9043
9044
9045
9046
9047
9048
9049
9050
9051
9052
9053
9054
9055
9056
9057
9058
9060
9061
9062
9063
9064
9065
9066
9067
9068
9069
9070
9071
9072
9073
9074
9075
9076
9077
9078
9079
9080
9081
9082
9083
9084
9085
9086
9087
9088
9089
9090
9091
9092
9093
9094
9095
9096
9097
9098
9099
9100
9101
9102
9103
9104
9105
9106
9107
9108
9109
9110
9111
9112
9113
9114
9115
9116
9117
9118
9119
9120
9121
9122
9123
9124
9125
9126
9127
9128
9129
9130
9131
9132
9133
9134
9135
9136
9137
9138
9139
9140
9141
9142
9143
9144
9145
9146
9147
9148
9149
9150
9151
9152
9153
9154
9155
9157
9158
9159
9160
9161
9162
9163
9164
9165
9166
9167
9168
9169
9170
9171
9172
9173
9174
9175
9176
9177
9178
9179
9180
9181
9182
9183
9184
9185
9186
9187
9189
9190
9191
9192
9193
9194
9195
9196
9197
9198
9199
9200
9201
9202
9203
9204
9205
9206
9207
9208
9209
9210
9211
9212
9213
9214
9215
9216
9217
9218
9219
9220
9221
9222
9223
9224
9225
9226
9227
9228
9229
9230
9231
9232
9234
9235
9236
9237
9238
9239
9240
9241
9243
9245
9246
9247
9248
9249
9250
9251
9252
9254
9255
9256
9257
9258
9259
9260
9261
9262
9265
9266
9267
9268
9270
9271
9272
9273
9274
9275
9276
9277
9278
9279
9280
9281
9282
9283
9284
9285
9286
9287
9288
9289
9290
9291
9292
9293
9294
9295
9296
9297
9299
9300
9301
9302
9303
9304
9305
9306
9307
9309
9310
9311
9312
9313
9315
9317
9318
9319
9320
9321
9324
9325
9326
9327
9328
9329
9330
9331
9332
9333
9334
9335
9337
9339
9340
9341
9342
9343
9344
9345
9346
9347
9348
9349
9350
9351
9352
9353
9354
9355
9356
9357
9358
9359
9360
9361
9362
9363
9364
9365
9366
9367
9368
9369
9370
9371
9372
9373
9375
9376
9377
9378
9379
9380
9381
9384
9385
9386
9387
9389
9390
9391
9392
9393
9394
9395
9396
9397
9399
9400
9401
9402
9403
9404
9405
9408
9409
9410
9411
9413
9414
9415
9416
9417
9418
9419
9420
9421
9422
9424
9425
9426
9427
9429
9430
9431
9432
9433
9434
9435
9436
9438
9439
9440
9441
9443
9444
9445
9446
9447
9448
9449
9450
9451
9452
9453
9454
9455
9456
9457
9458
9459
9460
9461
9462
9464
9465
9466
9467
9468
9469
9470
9471
9472
9473
9474
9475
9476
9477
9478
9479
9480
9481
9482
9483
9485
9486
9488
9489
9490
9491
9492
9493
9495
9496
9497
9498
9499
9500
9501
9503
9504
9505
9506
9507
9508
9509
9510
9511
9512
9513
9514
9515
9516
9517
9518
9519
9520
9521
9522
9524
9525
9526
9527
9528
9530
9531
9534
9535
9536
9537
9539
9540
9541
9542
9543
9545
9546
9547
9548
9549
9550
9551
9552
9553
9554
9555
9557
9558
9559
9560
9561
9562
9563
9564
9565
9567
9568
9569
9570
9571
9575
9576
9577
9580
9581
9582
9583
9584
9585
9586
9587
9588
9589
9590
9591
9592
9593
9594
9595
9596
9597
9598
9599
9600
9601
9602
9603
9604
9605
9606
9607
9608
9609
9610
9611
9612
9614
9615
9616
9617
9618
9619
9620
9621
9623
9624
9625
9626
9627
9628
9630
9631
9632
9633
9634
9635
9636
9637
9639
9640
9641
9642
9643
9644
9645
9646
9647
9648
9649
9650
9651
9652
9653
9655
9656
9657
9660
9661
9665
9666
9668
9669
9670
9671
9672
9673
9675
9676
9677
9678
9679
9680
9681
9682
9683
9684
9685
9686
9688
9689
9690
9691
9692
9693
9695
9696
9697
9699
9700
9701
9702
9703
9704
9705
9706
9707
9708
9709
9710
9711
9712
9713
9714
9715
9716
9717
9718
9719
9720
9721
9722
9723
9724
9725
9726
9727
9728
9729
9730
9731
9732
9733
9734
9735
9736
9737
9738
9739
9740
9741
9742
9743
9744
9745
9746
9747
9749
9750
9751
9752
9753
9754
9755
9756
9757
9758
9759
9760
9761
9763
9764
9765
9766
9767
9768
9769
9770
9772
9774
9775
9776
9777
9779
9780
9783
9784
9785
9786
9787
9789
9790
9791
9792
9793
9795
9796
9797
9798
9799
9800
9801
9802
9803
9804
9805
9806
9807
9808
9809
9810
9811
9812
9814
9815
9816
9817
9818
9819
9820
9821
9822
9823
9824
9825
9826
9827
9828
9829
9830
9831
9832
9833
9834
9835
9836
9837
9838
9839
9840
9841
9842
9843
9844
9845
9846
9847
9848
9849
9850
9851
9852
9853
9855
9856
9857
9858
9859
9860
9861
9862
9863
9864
9865
9866
9867
9868
9869
9870
9871
9872
9873
9874
9875
9876
9877
9878
9880
9881
9882
9883
9884
9885
9886
9887
9888
9889
9890
9891
9893
9894
9895
9896
9897
9898
9900
9901
9902
9904
9905
9906
9907
9908
9909
9910
9911
9912
9913
9914
9915
9916
9917
9918
9919
9920
9921
9922
9923
9924
9925
9926
9927
9928
9929
9930
9931
9932
9933
9934
9935
9936
9937
9938
9939
9940
9941
9942
9943
9944
9945
9946
9947
9948
9949
9950
9951
9952
9953
9954
9955
9956
9958
9959
9960
9961
9962
9963
9964
9965
9967
9968
9969
9970
9972
9975
9976
9977
9978
9979
9980
9981
9982
9984
9985
9986
9987
9988
9989
9990
9991
9992
9993
9994
9995
9996
9997
9999
10000
10001
10002
10003
10004
10005
10006
10007
10008
10009
10010
10011
10012
10013
10015
10016
10017
10018
10020
10021
10023
10024
10025
10026
10027
10028
10029
10030
10031
10032
10033
10035
10036
10037
10038
10039
10040
10041
10043
10044
10045
10046
10047
10049
10050
10051
10054
10055
10056
10057
10061
10062
10063
10064
10065
10066
10067
10070
10071
10072
10073
10074
10075
10076
10077
10078
10079
10080
10081
10082
10083
10085
10086
10087
10088
10089
10090
10091
10092
10093
10094
10095
10096
10097
10098
10099
10100
10103
10105
10107
10108
10109
10110
10111
10112
10113
10115
10116
10118
10119
10120
10121
10123
10124
10125
10126
10127
10128
10129
10130
10131
10132
10133
10134
10135
10136
10137
10138
10139
10140
10141
10142
10143
10144
10145
10146
10147
10148
10149
10150
10151
10152
10153
10155
10156
10157
10158
10159
10160
10161
10162
10163
10164
10165
10166
10167
10168
10169
10170
10171
10172
10173
10174
10175
10176
10177
10178
10180
10181
10182
10183
10184
10185
10186
10187
10188
10189
10190
10191
10192
10193
10194
10195
10196
10197
10199
10200
10201
10202
10203
10205
10206
10207
10208
10209
10210
10211
10212
10213
10215
10216
10217
10218
10219
10220
10221
10222
10224
10225
10226
10227
10229
10230
10231
10232
10233
10234
10235
10236
10237
10240
10241
10242
10243
10244
10245
10246
10247
10248
10249
10250
10251
10253
10254
10255
10256
10257
10258
10259
10260
10261
10262
10263
10265
10266
10267
10268
10269
10270
10272
10273
10275
10276
10277
10278
10279
10280
10281
10283
10285
10287
10288
10289
10290
10291
10292
10295
10296
10297
10298
10299
10300
10301
10302
10304
10305
10306
10307
10308
10309
10310
10311
10312
10313
10314
10315
10316
10317
10318
10319
10320
10321
10322
10323
10324
10325
10326
10327
10328
10329
10330
10331
10332
10333
10334
10335
10336
10337
10338
10339
10340
10341
10342
10343
10344
10345
10347
10348
10349
10350
10351
10352
10353
10354
10355
10357
10358
10359
10360
10361
10362
10363
10364
10365
10366
10367
10368
10369
10370
10371
10372
10373
10374
10375
10376
10377
10378
10379
10380
10381
10383
10384
10385
10386
10387
10389
10390
10391
10392
10393
10394
10395
10396
10397
10398
10399
10400
10401
10402
10404
10405
10406
10407
10408
10409
10410
10411
10412
10413
10414
10415
10416
10417
10419
10420
10421
10422
10423
10424
10425
10426
10427
10428
10429
10430
10431
10432
10433
10434
10437
10440
10441
10443
10445
10446
10447
10448
10449
10450
10451
10452
10453
10455
10456
10457
10458
10459
10460
10461
10462
10463
10465
10466
10467
10468
10470
10472
10473
10475
10476
10477
10478
10480
10481
10482
10483
10485
10486
10487
10488
10489
10490
10491
10492
10493
10494
10495
10496
10497
10499
10500
10501
10502
10505
10506
10507
10508
10509
10510
10511
10512
10513
10515
10517
10518
10520
10521
10523
10524
10525
10526
10527
10528
10529
10530
10531
10533
10534
10535
10536
10537
10538
10539
10540
10541
10544
10545
10546
10548
10549
10550
10551
10552
10553
10555
10556
10557
10560
10561
10563
10565
10566
10568
10569
10570
10571
10572
10573
10575
10576
10577
10578
10579
10580
10581
10582
10583
10584
10585
10588
10589
10590
10591
10592
10593
10595
10600
10601
10602
10603
10604
10605
10608
10609
10610
10611
10612
10613
10615
10616
10617
10619
10620
10621
10624
10625
10626
10627
10628
10629
10630
10631
10632
10633
10634
10635
10637
10638
10640
10641
10642
10645
10647
10648
10649
10650
10651
10652
10653
10654
10655
10656
10657
10659
10660
10661
10662
10663
10665
10666
10667
10668
10669
10670
10671
10672
10673
10674
10675
10676
10677
10678
10680
10681
10682
10683
10684
10685
10686
10687
10688
10689
10690
10691
10692
10693
10694
10695
10696
10697
10698
10699
10700
10701
10702
10703
10704
10705
10707
10708
10709
10710
10711
10712
10713
10714
10715
10716
10717
10718
10719
10720
10721
10722
10723
10724
10725
10726
10727
10728
10729
10730
10731
10732
10733
10735
10736
10737
10738
10739
10740
10741
10742
10743
10744
10745
10746
10747
10748
10750
10751
10752
10753
10755
10756
10757
10758
10759
10760
10761
10762
10763
10764
10765
10766
10767
10768
10769
10770
10771
10772
10773
10774
10775
10776
10777
10778
10779
10780
10782
10783
10785
10786
10787
10788
10789
10790
10791
10792
10793
10794
10795
10796
10797
10798
10799
10800
10801
10803
10804
10805
10806
10807
10808
10809
10810
10811
10812
10813
10814
10815
10816
10817
10818
10819
10820
10821
10822
10824
10825
10826
10827
10828
10829
10830
10831
10832
10833
10834
10835
10836
10837
10839
10840
10841
10842
10843
10844
10845
10846
10847
10848
10849
10850
10851
10853
10854
10855
10858
10859
10860
10861
10862
10863
10865
10866
10867
10868
10869
10870
10871
10872
10873
10874
10875
10876
10877
10878
10879
10880
10881
10882
10883
10884
10885
10886
10887
10888
10890
10891
10894
10895
10896
10897
10898
10899
10900
10901
10902
10903
10904
10905
10906
10907
10908
10909
10910
10911
10912
10913
10914
10915
10916
10917
10918
10919
10920
10921
10922
10923
10924
10925
10926
10927
10928
10929
10930
10931
10932
10933
10934
10935
10936
10937
10938
10939
10940
10941
10942
10943
10944
10945
10946
10947
10948
10949
10950
10951
10952
10953
10954
10955
10956
10957
10958
10959
10960
10961
10962
10963
10964
10965
10966
10967
10968
10969
10970
10971
10972
10973
10974
10975
10976
10977
10978
10979
10980
10981
10982
10983
10984
10985
10986
10987
10988
10989
10990
10991
10992
10993
10994
10995
10996
10997
10998
10999
11000
11001
11002
11003
11004
11005
11006
11007
11008
11009
11010
11011
11012
11013
11014
11015
11016
11017
11018
11019
11020
11021
11022
11023
11024
11025
11026
11028
11029
11030
11031
11032
11033
11034
11035
11036
11037
11038
11039
11040
11041
11042
11043
11044
11045
11046
11047
11048
11049
11050
11051
11052
11053
11054
11055
11056
11057
11058
11059
11060
11061
11062
11063
11064
11065
11066
11067
11068
11069
11070
11071
11072
11073
11074
11075
11076
11077
11078
11079
11080
11081
11082
11083
11084
11085
11087
11088
11089
11090
11091
11092
11093
11094
11095
11096
11097
11098
11099
11100
11101
11102
11105
11106
11107
11108
11110
11111
11112
11115
11116
11118
11119
11120
11121
11122
11124
11125
11126
11128
11129
11130
11131
11132
11133
11134
11135
11136
11137
11140
11141
11142
11143
11144
11145
11147
11150
11151
11152
11153
11154
11155
11157
11158
11159
11160
11161
11165
11166
11168
11169
11170
11171
11172
11173
11174
11175
11176
11177
11178
11179
11180
11181
11182
11183
11184
11185
11186
11187
11188
11189
11190
11191
11192
11193
11194
11195
11196
11197
11198
11200
11201
11202
11203
11204
11205
11206
11207
11208
11209
11210
11211
11214
11215
11216
11217
11218
11219
11220
11221
11223
11224
11225
11226
11227
11228
11229
11230
11231
11232
11233
11234
11235
11236
11237
11238
11239
11240
11241
11242
11243
11245
11249
11250
11251
11255
11256
11257
11258
11259
11260
11261
11263
11264
11265
11267
11268
11270
11271
11272
11273
11274
11275
11276
11277
11279
11280
11281
11282
11283
11284
11285
11286
11287
11288
11289
11290
11291
11293
11294
11295
11296
11299
11300
11301
11302
11303
11304
11305
11306
11307
11308
11309
11310
11311
11312
11313
11314
11315
11316
11317
11318
11319
11320
11321
11322
11323
11324
11325
11326
11327
11328
11329
11330
11331
11332
11333
11334
11335
11336
11337
11339
11340
11341
11343
11344
11345
11346
11347
11348
11349
11350
11351
11352
11353
11355
11356
11357
11358
11359
11360
11361
11362
11363
11365
11366
11367
11368
11369
11370
11371
11372
11373
11374
11375
11376
11377
11378
11379
11380
11381
11382
11383
11384
11385
11386
11387
11388
11389
11390
11391
11392
11393
11394
11395
11396
11397
11398
11399
11400
11401
11403
11405
11407
11408
11409
11410
11411
11412
11413
11414
11415
11416
11417
11418
11419
11420
11421
11423
11424
11425
11426
11428
11429
11430
11431
11432
11433
11434
11435
11438
11439
11440
11441
11443
11444
11445
11446
11447
11448
11449
11450
11451
11452
11453
11454
11455
11456
11457
11458
11459
11460
11461
11462
11463
11465
11466
11467
11468
11469
11470
11471
11472
11473
11474
11475
11476
11477
11478
11479
11480
11481
11482
11483
11484
11485
11486
11487
11488
11489
11490
11491
11492
11493
11494
11495
11496
11497
11498
11499
11500
11501
11502
11503
11505
11506
11507
11508
11509
11510
11511
11513
11515
11516
11517
11518
11519
11520
11521
11522
11523
11524
11525
11526
11527
11528
11529
11530
11531
11532
11533
11534
11535
11536
11537
11538
11539
11540
11541
11542
11543
11544
11545
11547
11548
11549
11550
11551
11552
11555
11556
11557
11559
11560
11561
11562
11563
11564
11565
11566
11567
11568
11569
11570
11571
11572
11573
11574
11575
11576
11577
11578
11579
11580
11581
11583
11584
11585
11586
11587
11588
11589
11590
11591
11592
11593
11594
11595
11596
11597
11599
11600
11601
11603
11604
11605
11606
11610
11611
11613
11614
11615
11616
11617
11618
11619
11620
11621
11622
11623
11624
11625
11626
11627
11628
11629
11630
11631
11632
11633
11634
11635
11636
11637
11638
11639
11640
11641
11642
11643
11644
11645
11646
11647
11648
11649
11650
11651
11652
11653
11654
11655
11656
11657
11658
11659
11660
11661
11662
11663
11664
11665
11666
11667
11668
11669
11670
11671
11672
11673
11674
11675
11676
11677
11678
11679
11680
11681
11682
11683
11684
11685
11686
11687
11688
11689
11690
11691
11692
11693
11695
11696
11697
11700
11701
11703
11704
11705
11707
11708
11709
11710
11711
11712
11713
11715
11717
11718
11720
11721
11722
11723
11724
11725
11726
11727
11728
11729
11730
11731
11735
11736
11737
11739
11741
11744
11745
11746
11749
11750
11751
11752
11753
11754
11755
11757
11759
11760
11761
11765
11766
11767
11768
11769
11770
11771
11772
11774
11775
11776
11777
11778
11779
11780
11781
11783
11784
11785
11786
11787
11788
11789
11790
11791
11793
11795
11797
11799
11800
11801
11802
11803
11804
11805
11806
11807
11808
11809
11810
11811
11812
11813
11814
11815
11816
11817
11819
11820
11821
11823
11824
11825
11826
11827
11830
11831
11832
11833
11834
11835
11836
11837
11838
11839
11840
11841
11844
11845
11846
11847
11849
11850
11851
11852
11853
11854
11855
11856
11857
11858
11859
11860
11861
11862
11865
11866
11868
11869
11870
11871
11872
11873
11875
11876
11877
11879
11880
11881
11882
11885
11886
11887
11888
11889
11890
11891
11893
11895
11897
11898
11900
11901
11902
11904
11905
11907
11908
11909
11910
11911
11912
11913
11914
11915
11916
11917
11920
11921
11925
11928
11929
11930
11932
11934
11935
11937
11940
11941
11943
11944
11945
11946
11947
11949
11950
11951
11952
11953
11954
11955
11956
11957
11958
11959
11960
11961
11963
11964
11965
11967
11968
11969
11970
11971
11972
11973
11975
11976
11977
11978
11979
11980
11983
11984
11985
11986
11987
11988
11990
11991
11992
11993
11997
11999
12000
12001
12002
12005
12006
12007
12008
12009
12010
12011
12012
12013
12014
12015
12016
12017
12019
12020
12021
12024
12025
12026
12027
12028
12029
12030
12031
12032
12033
12034
12035
12036
12037
12038
12039
12040
12041
12042
12043
12044
12045
12046
12047
12048
12049
12050
12051
12054
12055
12056
12057
12058
12059
12060
12061
12063
12064
12065
12066
12067
12069
12070
12071
12072
12073
12074
12075
12076
12077
12078
12079
12080
12081
12082
12085
12086
12087
12088
12089
12090
12091
12092
12093
12094
12095
12096
12097
12098
12099
12100
12101
12102
12103
12104
12105
12106
12107
12109
12110
12111
12112
12113
12114
12115
12116
12117
12118
12119
12120
12121
12122
12123
12124
12125
12126
12127
12128
12129
12130
12131
12132
12133
12134
12135
12136
12137
12138
12139
12140
12141
12143
12144
12145
12146
12147
12149
12150
12151
12152
12153
12154
12155
12156
12157
12158
12159
12160
12161
12162
12163
12164
12165
12166
12167
12168
12169
12170
12171
12172
12173
12174
12175
12176
12177
12178
12180
12181
12182
12183
12184
12185
12186
12187
12188
12189
12190
12191
12192
12193
12194
12195
12196
12197
12198
12199
12200
12201
12202
12203
12204
12205
12206
12207
12208
12209
12210
12211
12212
12213
12214
12215
12216
12217
12218
12219
12220
12221
12222
12223
12224
12225
12226
12227
12228
12229
12230
12231
12232
12233
12234
12235
12236
12237
12238
12239
12240
12241
12242
12243
12244
12245
12246
12247
12248
12249
12250
12251
12252
12253
12254
12255
12256
12257
12258
12259
12260
12261
12262
12263
12264
12265
12266
12267
12268
12269
12270
12271
12272
12273
12275
12276
12277
12278
12279
12280
12281
12282
12283
12284
12285
12286
12288
12289
12290
12291
12292
12293
12294
12295
12296
12297
12298
12299
12300
12301
12303
12304
12305
12306
12307
12308
12309
12310
12311
12312
12313
12314
12315
12316
12317
12318
12319
12320
12321
12322
12323
12324
12325
12326
12327
12328
12329
12330
12331
12332
12333
12334
12335
12336
12337
12338
12339
12340
12341
12342
12343
12344
12345
12346
12348
12349
12350
12351
12352
12353
12354
12355
12356
12357
12358
12359
12360
12361
12362
12363
12364
12365
12366
12367
12368
12369
12370
12371
12373
12374
12375
12376
12377
12378
12379
12380
12381
12382
12383
12384
12385
12386
12387
12388
12389
12390
12391
12392
12393
12394
12395
12396
12397
12398
12400
12401
12402
12403
12405
12406
12407
12408
12409
12410
12411
12412
12413
12414
12415
12416
12417
12420
12421
12422
12423
12424
12425
12426
12427
12429
12430
12431
12432
12433
12435
12436
12437
12438
12439
12440
12441
12443
12444
12445
12446
12447
12448
12449
12450
12451
12452
12453
12454
12455
12456
12457
12459
12460
12461
12462
12463
12464
12465
12466
12467
12468
12469
12470
12471
12472
12473
12474
12475
12476
12477
12478
12479
12480
12481
12482
12483
12485
12486
12487
12488
12489
12490
12491
12492
12495
12496
12497
12499
12500
12501
12503
12504
12505
12506
12507
12510
12511
12512
12513
12514
12515
12518
12519
12520
12521
12522
12523
12524
12525
12528
12529
12530
12531
12532
12533
12535
12536
12537
12539
12540
12541
12542
12543
12544
12545
12546
12547
12548
12549
12550
12551
12552
12553
12555
12556
12557
12558
12560
12561
12563
12565
12568
12569
12570
12571
12573
12575
12576
12577
12579
12580
12582
12583
12584
12585
12586
12590
12591
12593
12594
12595
12599
12600
12601
12603
12605
12606
12607
12608
12609
12610
12611
12612
12613
12614
12615
12616
12617
12618
12619
12620
12621
12623
12624
12625
12627
12628
12629
12630
12631
12632
12633
12634
12635
12636
12637
12639
12640
12641
12642
12643
12645
12646
12647
12648
12650
12651
12653
12654
12655
12656
12657
12658
12659
12660
12661
12663
12665
12667
12668
12670
12671
12672
12673
12675
12676
12677
12678
12679
12680
12681
12683
12684
12685
12686
12687
12688
12689
12690
12691
12693
12695
12696
12698
12699
12700
12701
12702
12703
12704
12705
12706
12708
12710
12711
12712
12713
12714
12715
12716
12717
12719
12720
12721
12723
12725
12726
12727
12729
12730
12731
12732
12733
12734
12735
12736
12737
12738
12739
12740
12741
12742
12743
12744
12745
12746
12747
12748
12749
12750
12751
12752
12753
12754
12755
12756
12757
12758
12759
12760
12761
12762
12764
12765
12766
12767
12768
12769
12770
12771
12773
12775
12776
12777
12779
12780
12782
12783
12784
12785
12786
12787
12788
12789
12790
12791
12792
12793
12794
12795
12796
12797
12798
12799
12800
12801
12803
12804
12805
12806
12807
12808
12809
12810
12811
12813
12814
12815
12816
12817
12818
12819
12820
12821
12823
12824
12825
12826
12827
12828
12829
12830
12831
12833
12834
12835
12836
12837
12838
12840
12841
12842
12843
12845
12846
12847
12850
12851
12852
12853
12855
12856
12857
12859
12860
12861
12862
12863
12864
12865
12866
12869
12870
12871
12872
12873
12874
12875
12879
12880
12881
12882
12883
12885
12886
12887
12888
12889
12890
12891
12895
12896
12897
12898
12899
12900
12901
12903
12905
12906
12907
12908
12910
12911
12912
12913
12914
12915
12916
12917
12918
12919
12920
12921
12922
12924
12925
12926
12927
12928
12929
12930
12931
12932
12933
12934
12935
12936
12937
12939
12940
12941
12942
12943
12945
12946
12947
12948
12949
12950
12951
12952
12953
12954
12955
12956
12957
12959
12960
12961
12962
12963
12964
12965
12966
12967
12968
12969
12970
12971
12972
12973
12974
12975
12976
12977
12978
12979
12980
12981
12982
12983
12984
12985
12986
12987
12988
12989
12990
12991
12992
12993
12994
12995
12996
12997
12998
12999
13000
13001
13002
13003
13004
13005
13006
13008
13009
13010
13011
13012
13013
13014
13015
13016
13017
13018
13020
13021
13022
13024
13025
13026
13027
13030
13031
13032
13033
13034
13035
13038
13039
13040
13041
13043
13044
13045
13047
13048
13049
13050
13051
13052
13056
13057
13060
13061
13062
13063
13065
13068
13070
13071
13072
13073
13075
13076
13077
13078
13079
13080
13081
13083
13084
13085
13086
13087
13089
13090
13091
13093
13094
13095
13096
13097
13098
13099
13100
13101
13102
13104
13105
13106
13107
13108
13109
13110
13111
13112
13113
13114
13115
13116
13117
13118
13119
13120
13121
13122
13123
13124
13125
13126
13127
13128
13129
13130
13131
13132
13135
13136
13137
13140
13141
13142
13145
13146
13147
13148
13149
13150
13151
13152
13154
13155
13156
13157
13158
13159
13160
13161
13164
13165
13167
13168
13169
13170
13171
13172
13175
13176
13177
13178
13179
13180
13181
13182
13184
13185
13186
13187
13188
13190
13192
13193
13194
13195
13196
13197
13198
13199
13200
13201
13202
13203
13205
13206
13207
13208
13209
13210
13212
13213
13215
13216
13217
13218
13220
13221
13222
13223
13224
13225
13226
13227
13228
13229
13230
13231
13232
13233
13235
13236
13237
13238
13239
13240
13241
13242
13243
13244
13245
13246
13248
13249
13250
13251
13252
13253
13254
13255
13256
13257
13259
13260
13261
13262
13264
13265
13266
13268
13270
13271
13272
13273
13274
13275
13276
13277
13279
13280
13281
13282
13283
13284
13285
13286
13287
13288
13289
13290
13291
13293
13294
13295
13296
13297
13298
13300
13301
13302
13305
13306
13307
13310
13311
13312
13313
13314
13315
13316
13320
13321
13323
13324
13325
13326
13328
13329
13330
13331
13332
13333
13334
13335
13336
13338
13339
13340
13341
13342
13343
13344
13345
13346
13347
13349
13350
13351
13352
13353
13355
13356
13357
13358
13360
13361
13362
13363
13364
13365
13366
13367
13368
13369
13370
13371
13372
13373
13375
13376
13377
13380
13381
13383
13384
13385
13387
13388
13390
13391
13392
13393
13395
13396
13397
13398
13399
13400
13401
13403
13404
13405
13407
13408
13409
13410
13411
13412
13413
13414
13415
13416
13419
13420
13421
13422
13423
13424
13425
13426
13427
13428
13430
13431
13432
13433
13434
13435
13436
13437
13438
13439
13440
13441
13442
13443
13444
13445
13446
13447
13448
13449
13450
13451
13452
13454
13455
13456
13457
13458
13459
13460
13461
13462
13463
13464
13465
13467
13468
13469
13470
13471
13472
13473
13475
13476
13477
13478
13479
13480
13481
13482
13485
13488
13489
13490
13491
13492
13495
13496
13497
13500
13501
13503
13504
13505
13506
13507
13509
13510
13511
13512
13515
13518
13520
13521
13523
13524
13525
13526
13527
13528
13529
13530
13531
13532
13534
13535
13536
13537
13538
13539
13540
13541
13543
13544
13545
13546
13548
13550
13552
13553
13554
13555
13560
13561
13563
13565
13566
13567
13568
13569
13570
13571
13572
13575
13576
13577
13578
13581
13583
13584
13585
13587
13588
13590
13591
13592
13593
13594
13595
13597
13598
13599
13600
13601
13602
13603
13604
13605
13606
13607
13608
13609
13610
13611
13612
13613
13614
13615
13616
13617
13618
13619
13620
13621
13624
13625
13626
13627
13628
13629
13630
13632
13633
13634
13635
13637
13638
13639
13640
13641
13643
13644
13645
13646
13647
13648
13649
13650
13651
13652
13653
13654
13655
13656
13660
13661
13662
13663
13664
13665
13666
13668
13669
13670
13671
13672
13673
13674
13675
13676
13677
13678
13680
13681
13683
13684
13685
13686
13687
13688
13689
13690
13691
13692
13693
13694
13695
13696
13697
13698
13699
13700
13701
13702
13703
13704
13705
13706
13707
13708
13709
13710
13711
13712
13713
13715
13716
13717
13718
13719
13720
13721
13722
13723
13724
13725
13726
13727
13728
13729
13730
13731
13732
13733
13734
13735
13736
13737
13738
13739
13740
13741
13742
13743
13744
13745
13746
13747
13748
13749
13750
13751
13752
13753
13754
13755
13756
13757
13758
13759
13760
13761
13762
13763
13764
13765
13766
13767
13768
13769
13770
13771
13772
13773
13774
13775
13776
13777
13778
13779
13780
13781
13782
13783
13784
13785
13786
13787
13788
13789
13790
13791
13792
13793
13794
13795
13796
13797
13798
13799
13800
13801
13802
13803
13804
13805
13806
13807
13808
13809
13810
13811
13812
13813
13814
13815
13816
13817
13818
13819
13820
13821
13822
13823
13824
13825
13826
13827
13828
13829
13830
13831
13832
13833
13834
13835
13836
13837
13838
13839
13840
13841
13842
13843
13844
13845
13846
13847
13848
13849
13850
13851
13852
13853
13854
13855
13856
13857
13858
13859
13860
13861
13862
13863
13864
13865
13866
13867
13868
13869
13870
13871
13872
13873
13874
13875
13876
13877
13878
13879
13880
13881
13882
13883
13884
13885
13886
13887
13888
13889
13890
13891
13892
13893
13894
13895
13896
13897
13898
13899
13900
13901
13902
13903
13904
13905
13906
13907
13909
13910
13912
13913
13914
13915
13916
13918
13919
13920
13921
13923
13925
13926
13927
13928
13929
13930
13931
13932
13933
13934
13935
13936
13937
13938
13939
13940
13941
13942
13944
13945
13946
13947
13948
13949
13950
13951
13952
13953
13954
13955
13957
13958
13959
13960
13961
13963
13965
13968
13969
13970
13973
13974
13975
13976
13977
13979
13980
13981
13984
13985
13986
13987
13988
13989
13990
13991
13992
13993
13995
13999
14000
14001
14002
14003
14004
14005
14007
14008
14009
14010
14011
14012
14013
14014
14015
14016
14017
14018
14019
14020
14021
14022
14023
14024
14025
14026
14027
14028
14029
14030
14031
14032
14033
14034
14035
14036
14037
14038
14039
14040
14041
14042
14043
14044
14045
14046
14047
14048
14050
14051
14052
14053
14054
14055
14056
14057
14058
14059
14060
14061
14062
14063
14064
14065
14066
14067
14069
14070
14071
14072
14073
14075
14076
14077
14078
14080
14081
14084
14085
14087
14088
14090
14091
14092
14093
14094
14095
14096
14097
14098
14099
14100
14101
14102
14103
14104
14105
14106
14107
14108
14109
14110
14112
14113
14115
14117
14118
14119
14120
14121
14123
14124
14125
14126
14127
14128
14129
14130
14131
14133
14135
14136
14137
14140
14141
14142
14144
14145
14147
14150
14151
14152
14153
14155
14156
14157
14160
14161
14162
14165
14166
14167
14168
14169
14170
14172
14174
14175
14176
14178
14179
14181
14182
14183
14184
14185
14186
14187
14188
14189
14190
14191
14192
14193
14195
14196
14198
14200
14201
14202
14203
14204
14205
14206
14208
14209
14210
14211
14212
14213
14214
14215
14216
14217
14218
14220
14221
14223
14224
14225
14226
14227
14228
14229
14230
14232
14233
14234
14235
14238
14239
14240
14241
14242
14243
14245
14246
14248
14249
14250
14251
14252
14255
14256
14257
14258
14259
14260
14261
14262
14263
14264
14265
14267
14268
14269
14270
14271
14272
14273
14274
14275
14276
14278
14279
14280
14281
14284
14285
14287
14288
14289
14290
14291
14292
14293
14295
14296
14297
14299
14300
14301
14304
14305
14309
14310
14311
14312
14313
14314
14315
14316
14317
14320
14321
14322
14323
14325
14326
14327
14328
14329
14330
14331
14332
14333
14334
14335
14336
14337
14339
14340
14341
14342
14343
14344
14345
14346
14347
14348
14349
14350
14351
14352
14353
14354
14355
14356
14357
14358
14359
14360
14361
14363
14364
14365
14366
14368
14369
14370
14371
14372
14373
14374
14375
14376
14377
14378
14380
14381
14382
14383
14384
14385
14386
14388
14389
14390
14391
14392
14393
14394
14395
14396
14397
14398
14399
14400
14401
14403
14404
14405
14406
14407
14408
14409
14410
14411
14412
14413
14414
14415
14416
14417
14418
14420
14421
14422
14423
14424
14425
14426
14427
14428
14429
14430
14432
14433
14434
14435
14436
14438
14439
14440
14441
14442
14443
14444
14445
14447
14448
14449
14450
14452
14453
14454
14455
14456
14457
14458
14459
14460
14461
14462
14463
14464
14465
14466
14467
14468
14469
14470
14471
14472
14473
14475
14476
14477
14478
14479
14480
14481
14482
14483
14484
14485
14488
14489
14490
14491
14495
14496
14497
14498
14499
14500
14501
14504
14505
14508
14509
14510
14511
14512
14513
14514
14515
14518
14519
14520
14521
14522
14525
14526
14528
14530
14532
14534
14535
14536
14539
14540
14541
14543
14544
14545
14546
14549
14550
14551
14552
14553
14554
14555
14556
14557
14558
14560
14561
14562
14563
14564
14565
14566
14567
14568
14569
14570
14571
14573
14575
14576
14577
14580
14581
14582
14583
14584
14585
14586
14587
14588
14589
14590
14592
14593
14595
14596
14597
14598
14599
14600
14601
14603
14604
14605
14608
14609
14610
14611
14613
14615
14616
14617
14618
14619
14620
14621
14622
14624
14625
14626
14628
14629
14630
14631
14632
14633
14634
14635
14636
14637
14638
14640
14641
14643
14644
14645
14646
14647
14648
14649
14650
14652
14653
14657
14658
14659
14660
14661
14664
14665
14666
14667
14669
14670
14671
14672
14673
14674
14675
14676
14678
14679
14680
14681
14682
14683
14685
14686
14688
14689
14690
14691
14692
14693
14694
14695
14696
14700
14701
14702
14703
14705
14706
14707
14710
14711
14712
14713
14714
14715
14717
14718
14719
14720
14721
14722
14724
14725
14726
14728
14729
14730
14731
14732
14733
14734
14735
14736
14737
14739
14740
14741
14742
14744
14745
14746
14747
14749
14750
14751
14752
14753
14754
14755
14756
14757
14760
14761
14762
14763
14764
14765
14766
14767
14768
14769
14770
14771
14773
14774
14775
14776
14778
14779
14780
14784
14785
14786
14789
14790
14791
14794
14795
14796
14798
14800
14801
14802
14803
14805
14806
14808
14810
14811
14812
14813
14814
14815
14816
14817
14818
14819
14820
14821
14823
14824
14825
14826
14827
14828
14830
14831
14832
14833
14835
14836
14837
14838
14839
14840
14842
14843
14844
14845
14846
14847
14848
14850
14851
14853
14855
14856
14857
14859
14860
14861
14862
14863
14864
14865
14868
14869
14870
14871
14872
14873
14874
14875
14876
14877
14878
14879
14880
14881
14882
14883
14884
14885
14886
14887
14889
14890
14891
14892
14893
14894
14895
14896
14897
14898
14899
14900
14901
14902
14903
14904
14905
14906
14907
14909
14910
14911
14912
14913
14914
14919
14920
14921
14922
14924
14925
14926
14929
14930
14931
14935
14936
14937
14938
14940
14945
14946
14949
14950
14951
14952
14953
14955
14958
14959
14960
14961
14965
14966
14969
14970
14971
14972
14973
14974
14975
14976
14977
14980
14981
14982
14983
14984
14985
14987
14989
14990
14991
14992
14993
14994
14995
14999
15000
15001
15002
15004
15005
15006
15007
15008
15009
15010
15011
15012
15013
15015
15016
15017
15018
15020
15021
15022
15023
15024
15025
15026
15028
15029
15030
15035
15040
15041
15043
15045
15048
15049
15050
15051
15052
15053
15054
15055
15057
15059
15060
15061
15064
15065
15066
15070
15071
15072
15073
15075
15076
15079
15080
15081
15084
15085
15087
15088
15089
15090
15092
15096
15097
15099
15100
15101
15102
15103
15105
15106
15109
15110
15111
15113
15114
15115
15116
15117
15120
15121
15124
15125
15126
15127
15128
15129
15130
15131
15132
15134
15135
15136
15137
15138
15140
15141
15142
15143
15144
15145
15147
15148
15150
15151
15153
15155
15156
15158
15159
15160
15161
15163
15164
15165
15166
15168
15169
15170
15171
15173
15174
15175
15176
15177
15178
15179
15180
15181
15183
15184
15185
15186
15188
15189
15190
15191
15192
15193
15195
15196
15197
15198
15199
15200
15201
15203
15205
15206
15208
15209
15210
15211
15215
15216
15217
15218
15219
15220
15221
15222
15223
15225
15226
15227
15228
15229
15230
15231
15232
15233
15234
15235
15237
15239
15240
15241
15243
15245
15246
15247
15249
15250
15251
15252
15253
15254
15255
15256
15257
15258
15259
15260
15261
15262
15263
15264
15265
15266
15267
15268
15269
15270
15271
15272
15273
15274
15275
15276
15277
15278
15279
15280
15281
15282
15283
15284
15285
15286
15287
15288
15289
15290
15291
15292
15293
15294
15295
15296
15297
15298
15299
15300
15301
15302
15303
15304
15305
15306
15307
15308
15309
15310
15311
15312
15313
15314
15315
15316
15317
15318
15319
15320
15321
15322
15323
15325
15326
15327
15330
15331
15332
15334
15335
15336
15337
15340
15341
15343
15344
15345
15349
15350
15351
15354
15355
15356
15358
15359
15360
15361
15365
15366
15367
15368
15369
15370
15371
15372
15374
15375
15376
15377
15380
15381
15383
15384
15385
15387
15390
15391
15392
15393
15394
15395
15399
15400
15401
15403
15405
15407
15408
15409
15410
15413
15414
15416
15417
15418
15419
15420
15421
15422
15424
15425
15426
15427
15428
15429
15430
15431
15435
15436
15437
15438
15439
15440
15441
15442
15443
15444
15445
15449
15450
15451
15452
15453
15455
15456
15457
15458
15459
15460
15461
15462
15463
15464
15465
15466
15467
15468
15469
15470
15471
15472
15473
15474
15475
15476
15477
15478
15480
15481
15483
15484
15485
15486
15487
15488
15489
15491
15492
15493
15494
15495
15496
15497
15498
15499
15500
15501
15503
15504
15505
15506
15507
15508
15509
15510
15511
15512
15513
15515
15516
15518
15519
15520
15521
15522
15523
15525
15526
15527
15528
15529
15530
15532
15533
15534
15535
15536
15537
15538
15539
15540
15541
15542
15543
15544
15545
15546
15547
15548
15549
15550
15551
15552
15553
15554
15555
15556
15557
15558
15559
15560
15561
15562
15563
15564
15565
15566
15567
15568
15569
15570
15571
15573
15574
15575
15576
15577
15578
15579
15580
15581
15582
15583
15584
15585
15586
15587
15588
15589
15590
15591
15592
15593
15595
15596
15597
15598
15599
15600
15601
15605
15606
15607
15608
15609
15610
15611
15612
15615
15617
15618
15619
15620
15621
15624
15625
15626
15629
15631
15633
15635
15637
15639
15640
15641
15642
15645
15647
15650
15651
15652
15653
15655
15657
15660
15661
15662
15663
15665
15666
15667
15668
15670
15671
15672
15673
15674
15675
15676
15677
15678
15680
15681
15682
15683
15684
15685
15687
15688
15690
15691
15692
15693
15694
15695
15696
15700
15701
15705
15708
15710
15713
15714
15715
15717
15720
15721
15725
15726
15729
15730
15731
15732
15736
15737
15739
15740
15741
15743
15744
15745
15747
15749
15750
15751
15752
15753
15755
15756
15757
15760
15763
15765
15768
15769
15770
15771
15772
15773
15775
15776
15777
15780
15782
15785
15786
15788
15789
15790
15792
15793
15795
15796
15798
15799
15800
15801
15802
15804
15805
15808
15809
15810
15816
15817
15818
15820
15821
15822
15825
15826
15827
15828
15829
15830
15831
15833
15834
15835
15836
15839
15840
15841
15845
15846
15847
15848
15850
15851
15853
15855
15856
15857
15858
15860
15861
15864
15865
15866
15867
15868
15869
15870
15871
15873
15875
15876
15879
15881
15883
15884
15885
15886
15888
15889
15890
15892
15893
15894
15896
15897
15898
15900
15901
15903
15904
15905
15906
15907
15908
15909
15910
15911
15912
15913
15914
15915
15917
15918
15919
15920
15921
15925
15926
15927
15928
15930
15931
15932
15933
15935
15936
15937
15939
15940
15941
15942
15943
15945
15946
15948
15950
15951
15953
15954
15955
15956
15957
15960
15961
15962
15965
15966
15967
15968
15970
15972
15973
15975
15976
15977
15979
15980
15981
15983
15984
15985
15986
15987
15988
15989
15990
15991
15993
15994
15995
15996
15997
15998
16000
16001
16002
16003
16004
16005
16006
16007
16008
16009
16010
16011
16013
16015
16016
16017
16018
16019
16020
16021
16022
16023
16024
16025
16026
16027
16028
16029
16030
16031
16032
16033
16034
16035
16036
16037
16038
16039
16040
16041
16042
16043
16044
16045
16047
16048
16049
16050
16051
16052
16053
16054
16055
16056
16057
16058
16060
16061
16063
16065
16066
16067
16068
16069
16070
16071
16072
16073
16074
16075
16076
16077
16078
16079
16080
16081
16082
16083
16084
16085
16086
16087
16089
16090
16092
16093
16095
16096
16097
16098
16099
16100
16101
16102
16103
16104
16105
16106
16107
16108
16110
16111
16113
16114
16115
16116
16117
16118
16119
16120
16121
16122
16123
16124
16125
16126
16128
16129
16130
16131
16132
16133
16134
16135
16136
16137
16138
16139
16140
16141
16143
16144
16145
16146
16149
16150
16151
16152
16153
16154
16155
16156
16157
16158
16159
16160
16161
16164
16165
16167
16168
16169
16170
16171
16173
16174
16175
16176
16177
16181
16182
16183
16184
16185
16186
16187
16188
16189
16190
16191
16192
16193
16195
16197
16198
16200
16201
16203
16205
16206
16207
16208
16209
16210
16211
16213
16214
16215
16216
16217
16218
16220
16223
16224
16225
16226
16227
16229
16231
16233
16234
16235
16236
16237
16239
16240
16241
16242
16243
16245
16246
16247
16248
16249
16250
16251
16253
16254
16258
16259
16261
16263
16265
16267
16268
16270
16272
16273
16275
16276
16277
16280
16281
16282
16283
16285
16286
16288
16289
16290
16291
16295
16296
16298
16299
16300
16303
16304
16305
16308
16311
16312
16313
16314
16315
16316
16317
16318
16319
16320
16321
16323
16324
16325
16326
16327
16328
16329
16330
16331
16335
16337
16338
16339
16340
16341
16343
16344
16345
16346
16347
16348
16349
16350
16351
16352
16353
16354
16355
16356
16357
16358
16359
16360
16361
16362
16363
16365
16368
16369
16370
16371
16373
16375
16376
16377
16380
16381
16382
16383
16384
16385
16386
16387
16388
16389
16390
16391
16392
16393
16395
16398
16400
16401
16405
16406
16407
16408
16409
16410
16411
16412
16414
16415
16416
16417
16418
16420
16421
16422
16423
16424
16425
16426
16429
16430
16431
16432
16433
16434
16435
16436
16438
16439
16440
16441
16443
16445
16446
16447
16448
16450
16451
16452
16453
16454
16455
16456
16457
16458
16459
16460
16461
16465
16466
16467
16468
16469
16470
16472
16473
16475
16476
16477
16478
16480
16481
16482
16483
16484
16485
16486
16487
16488
16489
16490
16492
16493
16494
16495
16496
16497
16498
16500
16501
16503
16504
16505
16506
16508
16509
16511
16512
16517
16518
16519
16520
16521
16522
16524
16525
16527
16529
16530
16531
16533
16534
16535
16536
16537
16538
16539
16540
16541
16542
16543
16544
16545
16546
16547
16548
16549
16550
16551
16552
16553
16554
16555
16556
16557
16558
16559
16560
16561
16562
16563
16564
16565
16566
16567
16568
16569
16570
16571
16575
16576
16577
16578
16580
16583
16584
16585
16587
16588
16589
16590
16592
16593
16595
16596
16597
16599
16600
16601
16602
16604
16605
16606
16608
16609
16610
16611
16614
16615
16616
16617
16619
16620
16625
16626
16627
16629
16630
16631
16632
16633
16637
16639
16640
16641
16643
16644
16645
16646
16647
16648
16649
16650
16651
16653
16655
16656
16657
16660
16661
16662
16663
16665
16666
16668
16670
16671
16672
16673
16675
16676
16677
16680
16681
16683
16685
16686
16687
16688
16689
16690
16693
16695
16698
16699
16700
16701
16704
16705
16708
16709
16710
16711
16715
16716
16717
16718
16720
16721
16722
16723
16724
16725
16726
16728
16729
16730
16731
16732
16733
16734
16735
16737
16739
16740
16741
16744
16745
16747
16749
16750
16751
16753
16755
16756
16758
16760
16761
16763
16764
16765
16766
16767
16770
16771
16775
16776
16778
16779
16780
16781
16785
16786
16787
16788
16790
16791
16792
16793
16794
16795
16796
16800
16801
16803
16805
16808
16809
16810
16811
16812
16813
16815
16816
16817
16818
16820
16821
16822
16825
16826
16830
16832
16833
16835
16837
16840
16841
16843
16844
16845
16848
16849
16850
16851
16852
16853
16854
16856
16857
16860
16861
16863
16866
16868
16870
16872
16875
16876
16879
16880
16881
16882
16883
16884
16885
16887
16888
16889
16890
16891
16892
16893
16896
16897
16898
16899
16900
16901
16902
16903
16905
16906
16907
16910
16911
16912
16913
16915
16919
16920
16921
16925
16926
16927
16929
16930
16931
16932
16933
16935
16936
16937
16938
16939
16940
16944
16947
16949
16950
16953
16960
16961
16965
16969
16970
16971
16973
16974
16975
16976
16977
16980
16981
16982
16983
16984
16985
16990
16992
16993
16996
17000
17001
17003
17005
17006
17007
17009
17010
17011
17013
17015
17016
17017
17018
17019
17020
17023
17024
17025
17026
17028
17029
17030
17031
17033
17035
17037
17038
17040
17041
17045
17046
17048
17050
17051
17052
17053
17055
17056
17057
17058
17059
17060
17061
17062
17063
17064
17065
17066
17067
17069
17070
17072
17073
17075
17076
17077
17079
17080
17081
17082
17083
17084
17085
17086
17087
17088
17089
17090
17091
17092
17093
17094
17095
17096
17097
17098
17100
17101
17103
17104
17105
17108
17109
17110
17111
17112
17113
17114
17118
17120
17121
17122
17125
17126
17127
17129
17130
17131
17133
17136
17137
17138
17139
17140
17141
17143
17144
17145
17150
17151
17152
17153
17155
17157
17160
17161
17165
17169
17170
17171
17172
17175
17176
17177
17180
17181
17184
17185
17186
17187
17188
17190
17191
17192
17193
17195
17196
17197
17199
17200
17201
17203
17204
17205
17206
17208
17209
17210
17211
17213
17214
17215
17216
17217
17218
17219
17220
17221
17222
17223
17224
17225
17226
17227
17228
17230
17231
17232
17233
17234
17235
17236
17237
17238
17239
17240
17241
17242
17243
17244
17245
17246
17247
17248
17249
17250
17251
17253
17254
17255
17256
17257
17258
17259
17260
17261
17262
17263
17264
17265
17266
17267
17268
17269
17270
17271
17273
17275
17276
17277
17278
17279
17280
17281
17282
17283
17284
17285
17286
17287
17288
17289
17290
17291
17293
17294
17295
17297
17298
17299
17300
17301
17302
17303
17304
17305
17306
17307
17308
17309
17310
17311
17312
17313
17314
17315
17316
17317
17318
17319
17320
17321
17322
17323
17324
17325
17326
17327
17328
17329
17330
17331
17332
17334
17335
17339
17340
17341
17343
17344
17345
17346
17347
17348
17349
17350
17351
17352
17353
17355
17356
17357
17358
17359
17360
17361
17362
17363
17364
17365
17366
17367
17368
17369
17370
17371
17372
17373
17374
17375
17376
17377
17378
17379
17380
17381
17382
17383
17384
17385
17388
17389
17390
17391
17392
17393
17394
17395
17396
17397
17400
17401
17402
17404
17405
17406
17408
17409
17410
17411
17415
17416
17417
17420
17421
17422
17423
17424
17425
17426
17427
17430
17431
17433
17435
17436
17437
17440
17441
17442
17443
17445
17447
17448
17450
17451
17453
17455
17456
17457
17459
17460
17461
17462
17463
17464
17465
17466
17467
17469
17470
17471
17472
17473
17474
17475
17476
17478
17479
17480
17481
17485
17486
17489
17490
17491
17493
17494
17496
17497
17498
17499
17500
17501
17504
17505
17507
17508
17509
17510
17511
17512
17513
17514
17515
17518
17520
17521
17524
17525
17526
17527
17528
17529
17530
17531
17532
17533
17534
17535
17539
17540
17541
17543
17544
17545
17546
17549
17550
17551
17552
17555
17556
17558
17559
17560
17561
17562
17563
17564
17565
17568
17570
17571
17573
17574
17575
17576
17577
17580
17584
17585
17586
17587
17589
17590
17591
17594
17595
17596
17597
17600
17601
17602
17603
17605
17608
17609
17610
17612
17613
17615
17616
17617
17620
17621
17622
17624
17625
17626
17630
17631
17632
17633
17635
17636
17639
17640
17641
17643
17644
17645
17646
17647
17648
17649
17650
17651
17653
17654
17655
17656
17657
17658
17659
17660
17661
17662
17663
17664
17665
17667
17668
17669
17670
17671
17672
17673
17674
17675
17676
17677
17679
17680
17681
17682
17684
17685
17686
17687
17688
17689
17691
17692
17696
17697
17700
17701
17702
17703
17704
17705
17706
17707
17708
17709
17710
17711
17712
17713
17715
17716
17717
17718
17719
17720
17721
17722
17723
17724
17725
17726
17728
17730
17731
17732
17733
17734
17735
17736
17737
17738
17739
17740
17743
17745
17746
17747
17748
17750
17751
17752
17753
17754
17755
17756
17757
17758
17759
17760
17761
17763
17765
17766
17767
17768
17769
17770
17771
17775
17776
17777
17778
17779
17780
17781
17782
17784
17785
17787
17788
17789
17790
17791
17792
17793
17794
17795
17800
17801
17802
17803
17805
17807
17808
17811
17814
17815
17816
17817
17818
17820
17822
17824
17825
17826
17828
17829
17830
17831
17835
17836
17840
17841
17843
17845
17846
17847
17850
17851
17852
17855
17856
17857
17859
17860
17861
17862
17864
17865
17866
17869
17870
17871
17874
17875
17876
17877
17878
17880
17881
17883
17885
17886
17887
17888
17889
17890
17891
17892
17895
17896
17897
17899
17900
17901
17904
17905
17908
17910
17912
17913
17914
17915
17916
17917
17918
17920
17921
17923
17924
17925
17926
17927
17928
17929
17931
17933
17934
17935
17936
17937
17938
17939
17940
17941
17943
17945
17946
17947
17948
17950
17951
17952
17953
17955
17956
17957
17958
17959
17960
17961
17962
17963
17964
17965
17966
17967
17968
17969
17970
17971
17973
17975
17976
17977
17979
17980
17981
17982
17983
17985
17986
17989
17990
17991
17993
17995
17996
18000
18001
18003
18004
18005
18006
18008
18009
18010
18011
18013
18015
18016
18017
18018
18020
18021
18023
18025
18026
18027
18030
18031
18032
18033
18035
18036
18037
18039
18040
18041
18042
18043
18045
18048
18049
18050
18051
18053
18054
18055
18056
18057
18058
18060
18061
18063
18065
18066
18068
18069
18071
18072
18073
18074
18075
18078
18080
18081
18085
18088
18090
18091
18094
18096
18097
18098
18099
18100
18101
18103
18105
18108
18109
18110
18111
18113
18115
18116
18117
18120
18121
18122
18123
18125
18126
18127
18128
18129
18130
18131
18132
18133
18135
18136
18137
18138
18139
18140
18141
18142
18144
18145
18147
18148
18149
18150
18151
18153
18155
18156
18157
18158
18159
18160
18161
18162
18164
18165
18167
18168
18170
18172
18175
18176
18177
18180
18181
18183
18184
18185
18187
18189
18190
18191
18192
18193
18194
18195
18196
18197
18199
18200
18201
18205
18207
18208
18209
18210
18211
18212
18215
18216
18217
18220
18221
18223
18224
18225
18226
18228
18230
18231
18232
18233
18234
18235
18236
18237
18238
18239
18240
18241
18242
18243
18244
18245
18246
18247
18248
18249
18250
18251
18252
18253
18254
18255
18256
18257
18258
18259
18260
18261
18262
18263
18264
18265
18266
18267
18268
18269
18270
18271
18272
18273
18274
18275
18276
18277
18278
18279
18280
18281
18282
18283
18284
18285
18286
18287
18288
18289
18290
18291
18292
18293
18294
18295
18296
18297
18298
18299
18300
18301
18304
18305
18306
18307
18308
18309
18310
18311
18312
18313
18314
18315
18316
18318
18319
18320
18321
18322
18323
18324
18325
18326
18327
18328
18329
18330
18331
18332
18334
18335
18336
18337
18339
18340
18341
18342
18343
18344
18345
18346
18347
18348
18349
18350
18351
18352
18353
18354
18355
18356
18357
18358
18359
18360
18361
18363
18364
18365
18366
18368
18369
18370
18372
18373
18374
18375
18376
18377
18378
18379
18380
18381
18382
18383
18384
18385
18386
18387
18388
18389
18390
18392
18393
18395
18396
18397
18399
18400
18401
18402
18403
18405
18409
18410
18411
18414
18416
18417
18418
18419
18420
18422
18423
18424
18425
18426
18427
18428
18432
18433
18436
18437
18438
18439
18440
18441
18443
18444
18445
18447
18448
18449
18450
18451
18453
18454
18455
18456
18457
18458
18459
18460
18461
18463
18465
18466
18468
18469
18470
18471
18473
18475
18476
18477
18479
18480
18481
18483
18484
18485
18486
18487
18488
18490
18491
18493
18494
18495
18496
18497
18498
18500
18501
18502
18504
18505
18508
18509
18510
18513
18515
18516
18518
18520
18522
18523
18524
18525
18526
18527
18528
18529
18530
18531
18533
18536
18537
18538
18539
18540
18541
18543
18545
18546
18547
18549
18550
18552
18557
18558
18559
18560
18561
18563
18564
18565
18567
18568
18569
18570
18571
18572
18574
18575
18576
18577
18579
18581
18582
18585
18586
18587
18590
18591
18592
18594
18595
18596
18597
18599
18600
18601
18602
18603
18605
18606
18609
18610
18612
18614
18615
18616
18617
18619
18620
18624
18625
18630
18633
18634
18635
18636
18637
18640
18641
18642
18645
18648
18649
18650
18651
18652
18654
18655
18656
18657
18660
18662
18665
18667
18668
18669
18671
18672
18673
18674
18675
18676
18678
18679
18680
18681
18682
18683
18684
18685
18686
18687
18688
18689
18690
18691
18692
18693
18694
18695
18696
18697
18699
18700
18701
18702
18703
18704
18705
18706
18707
18708
18709
18710
18711
18712
18713
18714
18715
18716
18717
18720
18721
18722
18723
18724
18725
18726
18727
18728
18729
18730
18733
18734
18735
18738
18739
18740
18741
18744
18745
18746
18747
18750
18751
18753
18755
18756
18757
18760
18761
18762
18763
18765
18767
18771
18774
18775
18776
18777
18778
18779
18780
18781
18783
18784
18786
18792
18793
18795
18800
18801
18802
18803
18805
18809
18810
18811
18813
18815
18816
18817
18818
18819
18820
18823
18824
18825
18826
18828
18829
18830
18832
18833
18834
18837
18839
18840
18841
18843
18844
18845
18846
18847
18850
18851
18853
18855
18856
18858
18859
18860
18861
18864
18865
18866
18870
18871
18872
18873
18875
18876
18879
18880
18890
18891
18896
18899
18900
18901
18904
18905
18907
18909
18910
18912
18913
18914
18915
18917
18918
18919
18920
18921
18923
18924
18925
18926
18927
18928
18929
18931
18932
18933
18934
18935
18936
18937
18938
18939
18941
18942
18943
18945
18948
18949
18950
18951
18952
18954
18958
18959
18960
18961
18963
18965
18967
18968
18969
18970
18971
18972
18975
18976
18977
18980
18984
18990
18991
18993
18994
18995
18996
18997
18998
18999
19000
19001
19003
19004
19005
19007
19008
19009
19010
19011
19012
19013
19014
19015
19016
19017
19018
19019
19020
19021
19022
19024
19025
19026
19027
19028
19029
19030
19031
19032
19033
19034
19035
19037
19039
19040
19041
19043
19044
19045
19046
19047
19048
19049
19050
19051
19052
19053
19054
19055
19057
19058
19059
19060
19061
19062
19066
19068
19069
19070
19074
19075
19076
19080
19081
19082
19083
19084
19085
19086
19089
19090
19091
19092
19093
19095
19096
19097
19098
19100
19101
19105
19106
19107
19110
19111
19115
19116
19117
19118
19119
19120
19121
19124
19125
19126
19129
19130
19131
19132
19133
19134
19135
19136
19137
19138
19140
19141
19142
19143
19145
19147
19150
19151
19152
19157
19158
19159
19161
19162
19163
19165
19168
19170
19171
19173
19175
19176
19178
19180
19181
19182
19183
19184
19185
19187
19188
19189
19190
19191
19192
19193
19194
19195
19197
19198
19199
19200
19201
19202
19204
19205
19206
19207
19208
19209
19210
19212
19213
19214
19215
19217
19218
19219
19221
19222
19224
19225
19226
19227
19228
19229
19230
19231
19232
19233
19235
19239
19240
19241
19242
19245
19248
19249
19250
19251
19252
19255
19256
19257
19260
19261
19264
19265
19266
19270
19271
19272
19273
19275
19276
19278
19280
19281
19282
19285
19286
19287
19290
19291
19292
19293
19295
19296
19297
19299
19300
19301
19305
19306
19307
19310
19311
19312
19313
19314
19315
19320
19321
19325
19326
19329
19332
19333
19334
19336
19339
19340
19341
19343
19344
19345
19346
19348
19349
19350
19351
19352
19353
19355
19356
19357
19359
19360
19361
19362
19363
19364
19365
19366
19368
19369
19370
19373
19375
19376
19377
19380
19381
19383
19384
19385
19388
19389
19390
19393
19395
19397
19398
19400
19401
19404
19405
19409
19411
19412
19415
19416
19417
19418
19422
19425
19427
19429
19430
19431
19434
19435
19437
19439
19440
19441
19443
19445
19449
19450
19451
19452
19455
19456
19457
19460
19461
19462
19465
19466
19467
19470
19472
19473
19474
19475
19476
19477
19480
19481
19482
19485
19486
19488
19489
19490
19493
19494
19495
19496
19497
19500
19501
19505
19508
19509
19512
19513
19515
19516
19517
19518
19520
19521
19525
19526
19530
19533
19536
19537
19540
19548
19550
19551
19552
19556
19557
19565
19566
19569
19574
19575
19577
19578
19579
19584
19585
19588
19589
19590
19591
19592
19593
19595
19596
19598
19599
19600
19601
19602
19603
19604
19605
19606
19607
19608
19609
19610
19611
19613
19614
19615
19616
19617
19620
19624
19625
19626
19630
19632
19633
19635
19638
19639
19640
19641
19646
19648
19649
19651
19655
19656
19657
19660
19661
19662
19663
19665
19669
19670
19671
19673
19674
19675
19676
19677
19678
19680
19681
19682
19683
19684
19685
19686
19687
19688
19690
19692
19696
19697
19698
19700
19701
19705
19709
19710
19712
19713
19719
19720
19721
19723
19724
19725
19726
19727
19728
19729
19731
19732
19734
19740
19741
19742
19743
19745
19746
19747
19750
19751
19752
19753
19754
19757
19758
19759
19760
19761
19762
19763
19764
19765
19767
19768
19769
19770
19771
19772
19773
19775
19776
19777
19780
19781
19782
19783
19785
19788
19789
19790
19792
19793
19800
19801
19803
19804
19805
19808
19809
19810
19811
19812
19813
19818
19819
19820
19821
19822
19823
19824
19825
19826
19827
19828
19829
19830
19831
19832
19833
19834
19835
19836
19837
19838
19839
19840
19841
19842
19843
19844
19845
19846
19847
19848
19849
19850
19851
19852
19853
19854
19855
19856
19857
19858
19859
19860
19861
19862
19863
19864
19865
19866
19867
19868
19869
19870
19871
19872
19873
19874
19875
19876
19877
19878
19879
19880
19881
19882
19883
19884
19885
19887
19888
19889
19890
19891
19893
19894
19895
19896
19897
19898
19899
19900
19901
19902
19903
19904
19905
19908
19909
19912
19913
19915
19916
19917
19919
19920
19921
19922
19923
19924
19925
19926
19927
19928
19929
19931
19932
19933
19934
19935
19936
19939
19943
19944
19945
19946
19947
19949
19950
19951
19952
19953
19955
19958
19962
19967
19968
19969
19971
19973
19974
19975
19976
19977
19978
19980
19985
19986
19987
19988
19989
19992
19993
19995
19997
19998
19999
20000
20001
20002
20003
20008
20009
20012
20016
20017
20018
20020
20021
20025
20026
20030
20031
20032
20033
20034
20040
20041
20043
20045
20046
20048
20050
20051
20052
20057
20058
20062
20064
20065
20066
20070
20072
20075
20076
20080
20081
20083
20084
20085
20087
20088
20089
20090
20091
20092
20093
20094
20095
20097
20098
20100
20101
20102
20104
20107
20108
20110
20111
20112
20113
20115
20116
20119
20121
20122
20124
20125
20126
20128
20129
20133
20135
20136
20142
20145
20147
20150
20151
20153
20155
20156
20157
20160
20161
20162
20163
20165
20166
20167
20168
20169
20170
20172
20173
20175
20176
20177
20178
20179
20181
20182
20183
20190
20192
20193
20195
20196
20197
20200
20201
20202
20203
20205
20207
20208
20209
20210
20211
20213
20214
20215
20216
20223
20225
20226
20230
20231
20232
20233
20235
20237
20240
20241
20243
20245
20249
20250
20251
20252
20254
20255
20256
20257
20258
20259
20260
20264
20265
20268
20273
20275
20280
20281
20283
20284
20285
20286
20288
20292
20293
20294
20295
20296
20297
20299
20300
20301
20304
20305
20306
20307
20309
20310
20311
20313
20320
20321
20322
20325
20326
20328
20329
20330
20331
20332
20335
20336
20337
20340
20344
20345
20358
20360
20361
20365
20369
20370
20371
20375
20376
20377
20379
20381
20382
20383
20384
20385
20388
20389
20391
20393
20394
20396
20400
20401
20403
20405
20406
20407
20410
20412
20413
20415
20416
20417
20418
20419
20423
20425
20426
20430
20433
20436
20439
20440
20441
20443
20447
20448
20449
20450
20451
20453
20454
20455
20460
20461
20463
20466
20470
20471
20473
20475
20476
20477
20480
20481
20482
20485
20487
20488
20490
20493
20500
20501
20502
20503
20505
20508
20509
20510
20511
20515
20516
20517
20518
20519
20520
20521
20522
20525
20526
20529
20530
20535
20536
20537
20538
20540
20541
20544
20545
20547
20550
20551
20555
20556
20560
20565
20566
20570
20571
20574
20575
20577
20578
20580
20581
20583
20584
20585
20587
20588
20591
20592
20594
20595
20596
20600
20601
20603
20604
20605
20608
20609
20610
20611
20613
20619
20620
20621
20625
20626
20628
20629
20630
20631
20634
20635
20636
20637
20640
20641
20645
20646
20647
20648
20650
20651
20652
20655
20656
20657
20658
20659
20660
20661
20663
20664
20665
20666
20667
20668
20669
20670
20671
20672
20673
20675
20676
20677
20678
20679
20680
20681
20682
20683
20685
20686
20687
20688
20689
20690
20691
20693
20694
20695
20696
20697
20699
20700
20701
20703
20704
20705
20706
20707
20708
20709
20710
20713
20718
20720
20721
20722
20724
20725
20726
20727
20729
20730
20731
20732
20733
20734
20736
20737
20739
20740
20741
20742
20743
20744
20745
20746
20747
20748
20749
20750
20751
20752
20753
20754
20755
20756
20757
20758
20759
20760
20761
20765
20767
20768
20769
20771
20772
20775
20776
20777
20779
20783
20784
20787
20789
20790
20794
20800
20801
20803
20805
20808
20810
20811
20815
20816
20817
20820
20821
20822
20825
20826
20827
20828
20829
20830
20831
20832
20833
20835
20836
20837
20838
20839
20840
20844
20849
20850
20853
20859
20860
20862
20863
20864
20865
20867
20870
20871
20874
20875
20878
20879
20880
20881
20885
20889
20890
20891
20893
20898
20900
20901
20902
20903
20904
20905
20906
20907
20909
20910
20911
20915
20916
20919
20920
20921
20922
20923
20925
20926
20930
20935
20937
20940
20941
20943
20944
20945
20947
20950
20951
20952
20957
20967
20970
20971
20974
20975
20976
20979
20984
20985
20986
20988
20989
20990
20991
20992
20993
20995
20996
20999
21000
21001
21002
21004
21005
21006
21007
21009
21010
21011
21015
21016
21017
21018
21019
21020
21021
21024
21025
21026
21029
21035
21036
21042
21049
21050
21055
21060
21063
21065
21070
21072
21074
21075
21076
21078
21080
21081
21082
21083
21085
21096
21097
21100
21105
21112
21113
21120
21121
21123
21125
21126
21130
21131
21135
21140
21150
21151
21155
21156
21160
21161
21164
21165
21168
21169
21170
21175
21176
21180
21182
21183
21186
21189
21195
21196
21199
21200
21201
21204
21205
21206
21210
21211
21213
21216
21217
21219
21220
21222
21225
21226
21228
21229
21230
21231
21233
21234
21235
21238
21239
21240
21241
21242
21243
21244
21245
21246
21247
21248
21250
21251
21252
21253
21255
21256
21257
21258
21259
21260
21261
21263
21265
21266
21267
21268
21269
21270
21271
21272
21273
21274
21275
21276
21280
21281
21284
21287
21288
21290
21291
21294
21295
21296
21297
21300
21301
21303
21304
21305
21306
21308
21309
21310
21311
21312
21313
21315
21316
21319
21320
21321
21325
21326
21330
21331
21335
21336
21339
21340
21345
21350
21351
21355
21357
21360
21361
21364
21365
21366
21369
21370
21371
21375
21378
21379
21380
21381
21384
21385
21389
21390
21391
21392
21393
21395
21399
21400
21402
21406
21408
21409
21410
21411
21413
21415
21416
21417
21419
21420
21421
21424
21425
21426
21427
21429
21430
21441
21445
21450
21451
21453
21456
21457
21464
21465
21471
21476
21477
21480
21481
21483
21485
21488
21489
21490
21495
21497
21498
21499
21500
21501
21502
21503
21504
21505
21507
21508
21509
21510
21511
21512
21513
21515
21518
21520
21521
21522
21523
21525
21528
21529
21530
21533
21534
21536
21543
21544
21545
21546
21549
21550
21551
21553
21554
21555
21556
21560
21561
21564
21565
21566
21567
21570
21571
21575
21580
21584
21585
21590
21591
21594
21595
21596
21600
21601
21605
21606
21607
21608
21609
21610
21611
21615
21617
21620
21622
21623
21624
21625
21627
21628
21631
21632
21633
21636
21637
21640
21641
21643
21644
21645
21648
21649
21650
21651
21653
21654
21655
21658
21663
21665
21670
21671
21672
21673
21675
21680
21681
21684
21685
21688
21689
21690
21691
21692
21696
21697
21700
21701
21705
21707
21708
21709
21710
21711
21712
21714
21715
21720
21721
21722
21725
21726
21728
21730
21731
21735
21736
21740
21741
21742
21743
21744
21745
21749
21750
21751
21755
21758
21760
21761
21762
21763
21765
21770
21771
21773
21774
21775
21777
21779
21780
21787
21788
21789
21790
21791
21793
21795
21797
21798
21799
21800
21801
21802
21803
21805
21806
21807
21808
21809
21810
21811
21812
21813
21815
21816
21817
21818
21819
21820
21821
21822
21823
21825
21826
21828
21829
21830
21831
21832
21833
21834
21835
21837
21840
21841
21843
21844
21845
21847
21848
21850
21851
21852
21854
21855
21856
21857
21858
21859
21860
21861
21864
21865
21866
21868
21869
21870
21873
21875
21876
21879
21880
21881
21882
21883
21884
21885
21887
21888
21889
21891
21892
21893
21894
21895
21896
21897
21898
21900
21901
21902
21903
21904
21905
21906
21908
21909
21910
21911
21912
21913
21915
21917
21918
21919
21920
21921
21923
21924
21925
21927
21928
21929
21930
21931
21932
21933
21935
21936
21937
21938
21939
21941
21942
21943
21944
21945
21947
21950
21951
21952
21953
21955
21956
21959
21960
21961
21964
21965
21971
21972
21973
21975
21976
21977
21978
21979
21981
21982
21983
21985
21986
21987
21988
21990
21991
21992
21993
21994
21995
21996
21997
21998
22000
22001
22005
22008
22009
22010
22011
22012
22014
22015
22016
22018
22020
22021
22022
22023
22024
22025
22027
22030
22031
22032
22033
22035
22036
22037
22039
22040
22041
22043
22045
22048
22049
22050
22051
22052
22053
22055
22056
22057
22058
22059
22060
22061
22063
22064
22065
22066
22067
22068
22069
22070
22071
22072
22073
22075
22076
22077
22078
22079
22080
22081
22083
22084
22085
22086
22087
22088
22089
22090
22091
22092
22093
22094
22095
22096
22097
22098
22099
22100
22101
22102
22103
22104
22105
22106
22107
22108
22109
22110
22111
22112
22113
22114
22115
22116
22117
22118
22119
22120
22121
22122
22123
22124
22125
22126
22127
22128
22129
22130
22131
22132
22133
22134
22135
22136
22137
22138
22139
22140
22141
22142
22143
22144
22145
22146
22147
22148
22149
22150
22151
22152
22153
22155
22157
22158
22160
22161
22162
22165
22168
22169
22170
22171
22172
22173
22175
22176
22177
22180
22181
22183
22184
22185
22186
22190
22191
22192
22193
22194
22196
22197
22198
22200
22201
22202
22203
22204
22207
22208
22211
22212
22213
22214
22217
22220
22221
22222
22223
22225
22226
22230
22231
22232
22233
22235
22236
22237
22238
22239
22240
22243
22244
22246
22248
22249
22250
22251
22252
22253
22254
22255
22256
22260
22261
22262
22265
22266
22267
22268
22269
22271
22274
22275
22276
22277
22279
22281
22284
22285
22286
22290
22293
22294
22295
22300
22301
22302
22304
22305
22306
22309
22311
22312
22313
22315
22316
22320
22321
22324
22325
22326
22329
22330
22331
22334
22335
22336
22337
22338
22340
22341
22343
22344
22345
22346
22348
22350
22351
22355
22356
22358
22359
22360
22361
22363
22364
22365
22366
22368
22369
22370
22371
22372
22373
22374
22375
22376
22377
22379
22380
22381
22382
22383
22384
22385
22386
22387
22390
22391
22392
22393
22394
22395
22396
22397
22400
22401
22403
22404
22405
22406
22407
22408
22409
22410
22411
22414
22415
22416
22417
22418
22419
22420
22423
22424
22425
22426
22428
22429
22430
22431
22432
22433
22434
22435
22436
22438
22439
22440
22441
22442
22443
22444
22445
22446
22447
22448
22449
22450
22451
22452
22453
22454
22455
22456
22458
22459
22460
22461
22462
22463
22464
22465
22468
22469
22470
22472
22473
22475
22476
22480
22481
22482
22484
22485
22486
22488
22490
22491
22492
22493
22495
22496
22497
22498
22500
22501
22503
22504
22505
22506
22507
22508
22509
22510
22511
22512
22513
22515
22516
22517
22518
22519
22521
22522
22523
22524
22525
22526
22527
22528
22529
22530
22533
22534
22535
22536
22540
22541
22545
22547
22550
22551
22554
22555
22556
22560
22561
22563
22565
22568
22572
22573
22575
22576
22577
22578
22585
22586
22587
22588
22590
22592
22593
22595
22596
22599
22600
22601
22605
22607
22609
22610
22612
22613
22615
22616
22620
22621
22622
22623
22624
22625
22626
22627
22630
22633
22635
22636
22638
22640
22641
22643
22644
22645
22646
22650
22651
22652
22653
22654
22655
22659
22660
22661
22662
22663
22664
22665
22668
22669
22670
22671
22673
22674
22675
22677
22678
22680
22681
22682
22683
22685
22687
22690
22691
22695
22697
22698
22700
22701
22705
22710
22711
22712
22713
22714
22715
22716
22720
22721
22725
22726
22730
22731
22735
22736
22740
22741
22743
22745
22746
22747
22748
22750
22751
22752
22755
22756
22757
22758
22759
22760
22761
22763
22765
22766
22768
22770
22775
22776
22780
22784
22785
22786
22788
22790
22791
22792
22793
22795
22796
22797
22800
22801
22803
22805
22806
22810
22811
22815
22817
22824
22825
22826
22827
22830
22831
22832
22833
22835
22836
22837
22839
22840
22841
22842
22843
22845
22847
22848
22849
22850
22851
22852
22853
22855
22856
22857
22860
22861
22862
22863
22864
22865
22867
22869
22870
22871
22872
22873
22875
22876
22878
22879
22880
22881
22882
22883
22885
22887
22888
22890
22891
22893
22894
22895
22896
22897
22898
22900
22901
22902
22905
22906
22907
22908
22909
22910
22911
22913
22914
22915
22916
22917
22918
22920
22921
22922
22923
22924
22925
22926
22927
22928
22929
22930
22931
22932
22933
22934
22935
22936
22937
22938
22939
22940
22941
22942
22943
22944
22945
22947
22949
22950
22951
22954
22955
22957
22958
22959
22960
22961
22962
22963
22964
22965
22967
22968
22969
22970
22971
22972
22975
22980
22981
22982
22984
22985
22986
22988
22989
22990
22991
22995
22996
22999
23000
23001
23002
23004
23005
23006
23009
23010
23011
23015
23016
23022
23023
23025
23026
23030
23031
23032
23033
23035
23036
23037
23038
23040
23041
23043
23045
23046
23048
23049
23050
23051
23052
23055
23056
23060
23065
23066
23067
23069
23070
23071
23073
23074
23075
23076
23079
23080
23081
23082
23083
23084
23085
23086
23088
23089
23090
23091
23094
23095
23100
23101
23104
23105
23109
23112
23113
23114
23119
23120
23121
23122
23123
23124
23125
23128
23129
23130
23132
23137
23140
23141
23143
23144
23145
23148
23151
23152
23153
23155
23156
23157
23160
23161
23162
23163
23165
23166
23167
23170
23171
23175
23179
23180
23181
23184
23185
23187
23188
23189
23190
23191
23192
23195
23197
23198
23199
23200
23201
23202
23205
23207
23210
23211
23214
23215
23220
23225
23230
23232
23233
23238
23240
23243
23247
23248
23250
23251
23254
23255
23256
23257
23261
23263
23264
23274
23275
23278
23279
23280
23281
23282
23283
23284
23285
23286
23287
23288
23289
23291
23292
23293
23294
23295
23296
23297
23298
23299
23300
23301
23303
23304
23305
23307
23310
23311
23312
23313
23314
23315
23317
23318
23319
23320
23321
23322
23323
23324
23325
23326
23328
23331
23332
23333
23335
23336
23338
23339
23345
23346
23349
23350
23352
23353
23354
23355
23356
23359
23360
23361
23365
23366
23369
23370
23371
23373
23375
23376
23380
23381
23382
23384
23385
23386
23388
23390
23391
23394
23395
23398
23400
23401
23403
23405
23406
23407
23408
23409
23410
23411
23415
23416
23417
23418
23419
23420
23422
23425
23426
23429
23430
23431
23433
23435
23436
23438
23443
23450
23451
23453
23454
23455
23464
23465
23470
23472
23478
23480
23481
23485
23490
23496
23497
23500
23504
23505
23506
23507
23508
23513
23520
23521
23525
23527
23530
23534
23535
23540
23541
23550
23555
23557
23560
23561
23562
23565
23567
23568
23572
23575
23576
23578
23580
23582
23585
23591
23595
23598
23600
23601
23605
23606
23607
23610
23611
23615
23616
23617
23618
23620
23621
23625
23626
23630
23633
23634
23635
23636
23640
23643
23650
23652
23655
23657
23660
23665
23670
23671
23673
23675
23680
23681
23683
23685
23688
23689
23690
23691
23692
23693
23695
23698
23699
23700
23702
23704
23705
23706
23710
23712
23713
23714
23715
23720
23723
23724
23725
23730
23733
23734
23735
23737
23738
23746
23750
23751
23755
23756
23760
23761
23764
23765
23768
23769
23770
23771
23773
23774
23775
23777
23778
23780
23781
23783
23784
23785
23787
23788
23790
23791
23795
23796
23800
23801
23805
23806
23809
23810
23811
23814
23818
23819
23821
23822
23824
23825
23826
23828
23829
23831
23838
23840
23841
23842
23845
23846
23849
23850
23851
23856
23862
23863
23868
23870
23875
23886
23889
23891
23892
23895
23901
23902
23903
23904
23905
23910
23913
23919
23920
23924
23926
23929
23930
23936
23937
23939
23940
23941
23945
23947
23949
23950
23953
23954
23958
23960
23961
23976
23980
23983
23984
23985
23986
23987
23990
23991
23995
23996
24000
24001
24003
24004
24005
24006
24010
24011
24012
24013
24015
24016
24017
24020
24021
24024
24025
24026
24027
24030
24031
24035
24041
24042
24043
24045
24050
24053
24057
24059
24060
24061
24064
24065
24066
24070
24071
24072
24073
24074
24075
24077
24080
24081
24084
24085
24087
24088
24089
24090
24092
24093
24094
24096
24099
24100
24101
24102
24103
24104
24108
24109
24110
24112
24113
24114
24115
24116
24117
24119
24120
24121
24122
24125
24126
24129
24130
24136
24137
24138
24140
24143
24144
24145
24147
24150
24151
24153
24155
24156
24157
24158
24160
24161
24164
24165
24168
24169
24170
24171
24174
24175
24177
24178
24180
24181
24183
24185
24186
24187
24189
24190
24191
24192
24193
24195
24196
24197
24199
24200
24201
24205
24206
24210
24211
24216
24217
24219
24220
24221
24223
24225
24228
24230
24231
24233
24234
24235
24237
24240
24241
24244
24245
24248
24249
24250
24251
24252
24255
24256
24257
24260
24261
24262
24263
24264
24265
24266
24270
24271
24272
24273
24275
24276
24277
24280
24281
24282
24283
24284
24285
24288
24289
24290
24291
24294
24295
24296
24297
24298
24299
24300
24303
24305
24306
24309
24310
24311
24313
24315
24316
24318
24319
24320
24321
24323
24325
24326
24328
24329
24330
24331
24332
24333
24335
24336
24337
24338
24339
24340
24341
24342
24343
24344
24345
24347
24349
24350
24351
24352
24353
24354
24355
24357
24359
24360
24361
24364
24365
24366
24367
24368
24369
24370
24371
24372
24374
24375
24376
24377
24379
24380
24381
24385
24386
24388
24390
24391
24392
24393
24395
24396
24397
24399
24400
24401
24402
24405
24407
24408
24409
24410
24411
24412
24413
24415
24416
24417
24419
24420
24421
24422
24423
24424
24425
24427
24428
24429
24430
24433
24436
24437
24438
24439
24440
24441
24442
24443
24444
24445
24446
24447
24449
24451
24452
24453
24454
24455
24456
24457
24459
24460
24461
24462
24464
24465
24467
24469
24470
24471
24472
24473
24475
24476
24477
24480
24481
24485
24486
24487
24488
24489
24490
24491
24495
24496
24497
24499
24500
24501
24504
24505
24510
24511
24512
24513
24515
24516
24518
24519
24520
24521
24525
24528
24529
24530
24531
24534
24535
24540
24543
24548
24551
24552
24555
24560
24561
24565
24568
24570
24571
24575
24576
24580
24581
24585
24590
24591
24595
24596
24599
24600
24601
24603
24605
24606
24610
24611
24615
24616
24619
24620
24624
24625
24629
24630
24631
24635
24639
24640
24641
24642
24643
24645
24646
24648
24650
24651
24652
24655
24656
24657
24658
24659
24660
24662
24668
24670
24671
24673
24675
24676
24677
24678
24679
24680
24681
24682
24683
24684
24685
24687
24688
24689
24690
24691
24695
24699
24700
24701
24702
24705
24706
24708
24709
24710
24711
24712
24713
24714
24715
24716
24717
24718
24720
24721
24723
24724
24725
24726
24727
24728
24729
24730
24731
24732
24734
24735
24736
24738
24740
24741
24742
24743
24744
24745
24748
24749
24750
24751
24752
24753
24754
24755
24756
24757
24759
24760
24761
24763
24764
24765
24767
24768
24769
24770
24771
24772
24773
24774
24775
24776
24777
24779
24780
24781
24782
24783
24785
24786
24787
24790
24791
24792
24793
24794
24795
24796
24798
24799
24800
24801
24803
24804
24805
24806
24807
24808
24809
24810
24811
24812
24813
24814
24815
24816
24817
24818
24819
24820
24821
24822
24823
24824
24825
24826
24827
24828
24829
24830
24831
24832
24833
24834
24835
24836
24837
24838
24839
24840
24841
24842
24843
24844
24845
24846
24847
24848
24849
24850
24851
24852
24853
24854
24855
24856
24857
24858
24859
24860
24861
24862
24863
24864
24865
24866
24867
24868
24869
24870
24871
24872
24873
24874
24875
24876
24877
24878
24879
24880
24881
24882
24883
24884
24885
24886
24887
24888
24889
24890
24891
24892
24893
24894
24895
24898
24899
24900
24901
24902
24903
24904
24905
24906
24907
24908
24910
24911
24912
24913
24914
24915
24916
24917
24918
24919
24920
24921
24922
24923
24924
24925
24926
24927
24928
24929
24930
24931
24932
24933
24934
24935
24936
24937
24938
24939
24940
24941
24942
24943
24944
24945
24946
24947
24948
24949
24950
24951
24952
24953
24954
24955
24956
24957
24958
24960
24961
24965
24966
24967
24968
24969
24970
24971
24973
24975
24976
24977
24978
24979
24980
24983
24984
24985
24986
24988
24989
24990
24991
24992
24993
24995
24996
25000
25001
25002
25003
25004
25005
25006
25007
25008
25010
25011
25013
25014
25015
25016
25017
25018
25020
25021
25024
25025
25026
25029
25030
25033
25035
25036
25039
25040
25041
25045
25047
25048
25049
25050
25051
25053
25054
25055
25057
25061
25064
25066
25071
25073
25074
25075
25080
25087
25088
25089
25090
25091
25092
25093
25095
25097
25098
25100
25101
25104
25105
25107
25110
25111
25113
25116
25120
25121
25124
25125
25126
25127
25129
25130
25135
25137
25139
25140
25142
25144
25145
25146
25151
25152
25154
25155
25156
25157
25159
25160
25161
25165
25168
25169
25170
25172
25173
25174
25175
25176
25179
25180
25182
25185
25187
25188
25190
25191
25193
25194
25195
25200
25201
25205
25206
25207
25208
25210
25212
25214
25215
25216
25217
25220
25221
25222
25223
25224
25225
25226
25227
25228
25229
25230
25232
25234
25235
25236
25237
25238
25239
25240
25241
25242
25243
25245
25246
25247
25248
25249
25250
25254
25256
25257
25258
25260
25263
25265
25267
25271
25272
25273
25275
25277
25280
25281
25285
25289
25290
25291
25292
25295
25296
25297
25298
25300
25301
25305
25308
25310
25312
25313
25315
25318
25320
25322
25324
25325
25326
25331
25333
25338
25339
25340
25344
25345
25350
25351
25353
25355
25357
25360
25361
25362
25363
25365
25368
25369
25370
25371
25373
25375
25376
25380
25384
25385
25393
25398
25403
25410
25411
25415
25416
25417
25420
25421
25425
25430
25431
25435
25437
25440
25441
25445
25449
25450
25451
25452
25455
25456
25457
25460
25461
25462
25464
25465
25470
25473
25475
25476
25477
25480
25481
25482
25483
25485
25486
25487
25489
25490
25494
25496
25497
25499
25500
25501
25502
25503
25504
25505
25515
25517
25520
25521
25522
25525
25527
25528
25529
25530
25531
25533
25536
25537
25539
25540
25541
25542
25543
25545
25547
25549
25550
25551
25556
25557
25559
25560
25561
25563
25564
25565
25566
25570
25571
25573
25574
25575
25577
25578
25581
25582
25583
25584
25585
25587
25588
25590
25591
25592
25593
25594
25595
25596
25599
25600
25601
25605
25606
25608
25609
25610
25611
25613
25615
25616
25617
25618
25620
25622
25623
25625
25626
25627
25628
25630
25631
25632
25633
25634
25635
25636
25637
25638
25639
25640
25641
25643
25644
25645
25647
25648
25649
25650
25651
25652
25653
25656
25660
25662
25664
25665
25666
25667
25668
25670
25672
25673
25675
25680
25681
25685
25686
25690
25697
25700
25704
25705
25707
25712
25713
25716
25720
25721
25722
25725
25726
25728
25729
25730
25740
25741
25745
25748
25749
25750
25751
25755
25758
25760
25761
25764
25765
25770
25772
25775
25776
25777
25780
25784
25785
25792
25793
25795
25800
25801
25805
25812
25813
25815
25820
25821
25823
25824
25825
25826
25827
25828
25830
25831
25832
25833
25835
25836
25837
25839
25840
25841
25844
25845
25847
25849
25850
25851
25854
25855
25856
25857
25860
25861
25865
25870
25871
25872
25873
25874
25875
25877
25880
25881
25885
25888
25889
25890
25891
25893
25895
25896
25900
25905
25906
25907
25908
25910
25911
25912
25913
25915
25916
25917
25918
25920
25921
25925
25926
25927
25928
25929
25930
25931
25935
25936
25937
25938
25940
25945
25947
25950
25951
25955
25960
25961
25965
25969
25970
25971
25973
25974
25975
25979
25980
25981
25982
25983
25984
25985
25990
25991
25992
25994
25995
26000
26001
26005
26010
26011
26015
26016
26017
26019
26020
26024
26025
26026
26027
26028
26030
26035
26037
26040
26041
26045
26046
26048
26049
26050
26055
26059
26061
26062
26064
26070
26072
26073
26075
26076
26077
26078
26080
26081
26082
26085
26088
26089
26092
26095
26100
26103
26107
26108
26112
26113
26117
26118
26119
26120
26121
26124
26125
26128
26129
26130
26134
26135
26136
26137
26140
26145
26150
26152
26153
26154
26155
26156
26158
26159
26160
26161
26163
26165
26166
26168
26169
26170
26172
26175
26180
26190
26191
26194
26195
26200
26201
26203
26204
26205
26208
26209
26210
26211
26213
26214
26215
26220
26223
26225
26226
26228
26230
26231
26233
26234
26235
26236
26237
26239
26240
26241
26242
26244
26245
26246
26247
26248
26249
26250
26251
26252
26255
26256
26257
26260
26271
26272
26273
26274
26275
26278
26280
26281
26282
26284
26285
26288
26289
26291
26299
26304
26305
26306
26307
26310
26311
26312
26315
26316
26317
26320
26322
26323
26325
26327
26328
26329
26330
26331
26334
26335
26336
26337
26340
26343
26347
26350
26357
26358
26363
26364
26368
26370
26371
26373
26374
26375
26376
26388
26390
26391
26395
26397
26398
26399
26400
26401
26404
26405
26406
26408
26409
26410
26411
26412
26415
26418
26424
26425
26426
26432
26433
26437
26443
26444
26445
26447
26450
26451
26453
26454
26455
26456
26457
26459
26460
26461
26464
26465
26469
26470
26471
26473
26475
26477
26480
26481
26484
26485
26486
26487
26488
26489
26490
26491
26492
26493
26494
26496
26497
26500
26501
26502
26503
26504
26505
26508
26513
26514
26517
26520
26521
26525
26526
26530
26536
26537
26539
26540
26544
26545
26549
26550
26551
26555
26560
26561
26565
26567
26568
26569
26572
26575
26576
26577
26580
26586
26587
26600
26601
26604
26605
26607
26610
26621
26625
26628
26629
26630
26635
26640
26641
26643
26645
26649
26650
26651
26655
26656
26657
26658
26659
26660
26661
26664
26665
26667
26668
26670
26675
26676
26680
26685
26688
26689
26691
26695
26699
26700
26701
26703
26705
26706
26710
26711
26712
26715
26719
26720
26721
26725
26726
26730
26731
26732
26733
26735
26736
26737
26739
26740
26741
26745
26749
26750
26751
26752
26753
26754
26755
26759
26760
26761
26763
26765
26766
26768
26769
26771
26772
26773
26775
26776
26778
26779
26780
26781
26782
26783
26784
26785
26786
26787
26788
26790
26791
26792
26793
26796
26797
26798
26799
26800
26801
26805
26808
26809
26810
26811
26814
26815
26816
26817
26819
26820
26821
26824
26825
26826
26827
26828
26830
26831
26832
26833
26834
26835
26837
26838
26840
26841
26843
26844
26845
26850
26851
26855
26856
26858
26859
26860
26861
26862
26863
26865
26866
26868
26869
26870
26871
26872
26873
26874
26875
26876
26878
26879
26880
26881
26883
26885
26886
26887
26888
26890
26891
26892
26894
26895
26896
26897
26898
26899
26900
26904
26905
26906
26908
26910
26911
26912
26913
26915
26916
26919
26920
26921
26923
26925
26926
26928
26929
26930
26931
26932
26933
26935
26936
26937
26939
26940
26941
26943
26944
26945
26947
26948
26950
26953
26954
26955
26960
26961
26962
26963
26964
26965
26968
26969
26970
26971
26972
26975
26976
26977
26978
26979
26980
26981
26982
26983
26985
26986
26988
26989
26990
26991
26993
26995
27000
27001
27002
27003
27004
27005
27007
27008
27009
27010
27011
27012
27015
27018
27022
27025
27026
27028
27032
27035
27036
27037
27040
27041
27045
27048
27049
27050
27051
27054
27055
27056
27058
27060
27061
27062
27065
27067
27070
27071
27072
27073
27075
27077
27080
27081
27085
27090
27091
27100
27104
27105
27108
27110
27111
27115
27118
27120
27121
27125
27126
27130
27132
27133
27135
27136
27137
27138
27141
27142
27143
27144
27145
27146
27147
27148
27150
27152
27153
27160
27162
27168
27170
27171
27175
27176
27177
27180
27181
27183
27187
27188
27190
27191
27195
27196
27197
27198
27200
27201
27209
27211
27212
27213
27214
27216
27217
27219
27221
27222
27223
27224
27225
27226
27234
27235
27237
27240
27241
27243
27245
27247
27248
27249
27250
27251
27252
27253
27255
27256
27257
27258
27259
27260
27262
27263
27264
27265
27266
27269
27270
27271
27272
27274
27275
27280
27281
27282
27283
27285
27287
27288
27289
27290
27291
27292
27293
27295
27297
27300
27301
27303
27304
27305
27306
27307
27310
27312
27314
27315
27317
27319
27320
27323
27324
27325
27330
27332
27333
27334
27337
27342
27343
27345
27347
27350
27351
27352
27353
27355
27360
27361
27365
27368
27369
27370
27373
27375
27376
27377
27378
27379
27383
27384
27385
27389
27390
27391
27392
27393
27394
27395
27396
27400
27401
27404
27405
27408
27409
27410
27414
27415
27420
27423
27425
27426
27427
27432
27433
27434
27435
27437
27440
27441
27443
27444
27445
27447
27450
27454
27455
27456
27457
27458
27459
27460
27461
27463
27465
27467
27468
27470
27471
27472
27473
27475
27476
27477
27478
27479
27480
27481
27482
27483
27485
27486
27487
27489
27491
27493
27494
27495
27496
27497
27498
27499
27500
27501
27502
27504
27505
27506
27507
27508
27509
27510
27511
27512
27513
27514
27515
27516
27517
27519
27520
27521
27522
27523
27525
27526
27527
27528
27529
27530
27531
27532
27533
27535
27537
27538
27539
27540
27541
27542
27543
27544
27545
27546
27547
27548
27549
27550
27551
27552
27553
27555
27556
27557
27558
27559
27560
27561
27562
27563
27564
27565
27566
27567
27568
27569
27570
27571
27573
27574
27575
27576
27577
27578
27579
27580
27581
27583
27584
27585
27586
27587
27588
27589
27590
27591
27592
27593
27594
27595
27596
27597
27599
27600
27601
27603
27605
27607
27608
27609
27611
27612
27613
27615
27617
27618
27620
27621
27623
27624
27625
27626
27627
27628
27629
27630
27631
27632
27633
27634
27635
27637
27638
27639
27640
27641
27642
27643
27644
27645
27646
27647
27648
27649
27650
27651
27652
27653
27654
27655
27656
27657
27658
27659
27660
27661
27662
27663
27664
27665
27666
27667
27668
27669
27670
27671
27672
27673
27674
27675
27676
27677
27679
27680
27681
27684
27685
27688
27689
27690
27691
27692
27695
27696
27697
27700
27702
27704
27705
27710
27711
27712
27713
27715
27716
27717
27720
27721
27722
27723
27725
27727
27730
27731
27735
27736
27737
27738
27740
27741
27744
27750
27751
27752
27753
27756
27761
27765
27769
27770
27771
27772
27773
27774
27775
27776
27779
27781
27782
27783
27786
27788
27790
27791
27792
27795
27798
27799
27800
27801
27805
27808
27810
27811
27816
27817
27820
27821
27823
27825
27826
27828
27830
27835
27836
27837
27840
27841
27845
27846
27847
27848
27849
27850
27851
27855
27856
27857
27864
27865
27873
27875
27876
27880
27881
27882
27883
27885
27888
27889
27891
27893
27895
27898
27900
27905
27909
27914
27915
27918
27920
27925
27926
27927
27930
27931
27935
27936
27939
27941
27945
27948
27950
27951
27952
27953
27954
27955
27960
27962
27963
27971
27972
27973
27975
27976
27980
27990
27993
27999
28000
28001
28005
28009
28010
28019
28020
28023
28025
28026
28028
28029
28030
28032
28033
28035
28036
28037
28038
28039
28040
28041
28044
28045
28046
28049
28050
28052
28054
28055
28059
28060
28061
28065
28069
28070
28071
28072
28075
28076
28077
28080
28081
28083
28084
28085
28086
28087
28089
28090
28094
28095
28098
28116
28118
28119
28120
28121
28122
28125
28126
28127
28131
28132
28134
28135
28137
28140
28150
28152
28158
28160
28161
28165
28170
28171
28175
28176
28179
28180
28181
28182
28188
28195
28196
28199
28200
28201
28205
28209
28210
28211
28215
28220
28225
28240
28242
28250
28251
28252
28260
28270
28275
28280
28281
28285
28287
28288
28289
28290
28291
28295
28296
28297
28300
28301
28302
28303
28305
28314
28315
28320
28321
28322
28323
28325
28329
28336
28337
28339
28340
28343
28349
28350
28352
28353
28355
28356
28357
28359
28360
28365
28368
28371
28375
28376
28377
28380
28381
28385
28386
28387
28390
28392
28395
28397
28400
28401
28404
28405
28407
28410
28412
28413
28416
28417
28420
28421
28422
28423
28424
28425
28426
28427
28428
28429
28430
28431
28433
28434
28435
28438
28440
28441
28445
28450
28457
28458
28459
28460
28461
28464
28465
28466
28469
28470
28471
28474
28475
28476
28480
28481
28485
28486
28490
28491
28495
28496
28497
28500
28501
28505
28507
28509
28510
28512
28513
28517
28520
28521
28522
28525
28530
28536
28537
28540
28541
28545
28550
28552
28557
28560
28561
28567
28570
28574
28577
28578
28584
28589
28593
28595
28600
28601
28602
28610
28620
28625
28628
28630
28635
28638
28639
28640
28641
28644
28645
28650
28657
28658
28672
28673
28674
28675
28676
28683
28684
28685
28686
28688
28689
28690
28691
28692
28693
28695
28696
28697
28700
28701
28704
28705
28706
28707
28710
28711
28712
28713
28715
28716
28717
28719
28720
28722
28725
28726
28728
28729
28730
28735
28736
28740
28742
28745
28748
28749
28750
28751
28752
28755
28756
28757
28759
28760
28761
28763
28764
28765
28767
28769
28770
28771
28772
28773
28774
28775
28776
28779
28782
28783
28785
28789
28790
28791
28792
28794
28795
28796
28800
28801
28805
28807
28808
28809
28810
28815
28816
28817
28818
28819
28820
28821
28824
28825
28826
28828
28831
28833
28835
28836
28838
28839
28840
28842
28843
28844
28845
28846
28848
28849
28850
28851
28852
28853
28854
28855
28856
28857
28859
28860
28861
28863
28864
28868
28869
28870
28871
28872
28873
28875
28876
28880
28881
28882
28884
28885
28890
28891
28892
28895
28896
28897
28900
28901
28902
28903
28904
28905
28907
28908
28910
28911
28912
28913
28915
28916
28917
28918
28919
28920
28921
28923
28924
28925
28926
28927
28928
28930
28932
28933
28934
28935
28936
28937
28938
28939
28940
28941
28942
28943
28944
28945
28946
28947
28949
28950
28951
28952
28953
28956
28962
28966
28968
28969
28970
28971
28975
28976
28977
28980
28988
28990
28998
28999
29000
29001
29005
29007
29009
29010
29015
29016
29019
29025
29028
29029
29031
29033
29035
29040
29041
29045
29050
29051
29052
29055
29060
29061
29064
29065
29070
29075
29085
29088
29089
29095
29096
29099
29100
29101
29104
29105
29106
29110
29111
29113
29115
29116
29117
29120
29121
29123
29124
29125
29126
29127
29129
29130
29131
29136
29141
29145
29146
29149
29150
29154
29155
29156
29159
29160
29161
29162
29164
29165
29169
29170
29171
29172
29174
29175
29178
29181
29184
29185
29190
29191
29193
29195
29196
29200
29201
29205
29206
29209
29210
29211
29215
29217
29220
29221
29223
29225
29227
29228
29232
29235
29237
29238
29240
29241
29245
29247
29248
29249
29250
29251
29253
29255
29256
29257
29260
29264
29265
29266
29267
29268
29269
29271
29273
29274
29275
29277
29278
29280
29281
29282
29284
29286
29288
29292
29295
29297
29299
29300
29301
29302
29303
29304
29305
29307
29309
29310
29311
29312
29313
29323
29325
29327
29328
29330
29331
29333
29336
29337
29340
29350
29369
29370
29371
29372
29375
29376
29377
29380
29381
29382
29383
29384
29385
29386
29393
29394
29397
29400
29401
29403
29405
29407
29412
29416
29417
29421
29425
29427
29430
29435
29438
29439
29444
29450
29455
29456
29457
29460
29461
29465
29466
29470
29475
29479
29480
29481
29482
29483
29484
29485
29489
29491
29492
29493
29500
29501
29502
29505
29506
29507
29510
29511
29512
29513
29515
29516
29517
29520
29521
29525
29526
29529
29530
29531
29535
29536
29537
29540
29547
29556
29557
29561
29562
29565
29568
29569
29570
29574
29575
29576
29579
29580
29581
29585
29588
29590
29591
29593
29597
29600
29601
29602
29605
29607
29610
29611
29612
29619
29620
29625
29626
29628
29631
29633
29635
29636
29640
29641
29645
29646
29648
29649
29650
29651
29658
29659
29661
29664
29666
29669
29670
29671
29673
29674
29675
29680
29681
29682
29683
29684
29685
29690
29691
29699
29700
29701
29709
29712
29715
29718
29719
29725
29726
29730
29735
29736
29737
29742
29743
29749
29750
29754
29755
29760
29761
29763
29765
29766
29767
29768
29769
29772
29773
29775
29777
29778
29779
29780
29783
29784
29790
29797
29800
29801
29803
29806
29808
29813
29815
29816
29820
29825
29826
29832
29833
29841
29842
29843
29844
29848
29849
29851
29853
29854
29855
29856
29861
29862
29864
29865
29869
29870
29874
29875
29876
29880
29883
29885
29889
29890
29895
29896
29898
29899
29900
29905
29912
29913
29920
29921
29925
29926
29928
29930
29931
29935
29937
29940
29941
29945
29947
29948
29950
29952
29953
29957
29958
29959
29960
29961
29965
29967
29969
29970
29971
29975
29978
29979
29989
29992
29993
29995
30000
30001
30005
30024
30025
30030
30031
30033
30035
30039
30042
30049
30050
30051
30052
30056
30057
30060
30065
30070
30071
30076
30078
30086
30091
30092
30094
30095
30096
30097
30100
30101
30102
30104
30105
30107
30111
30114
30125
30126
30127
30129
30132
30136
30137
30140
30141
30149
30150
30157
30160
30161
30162
30165
30168
30170
30175
30176
30177
30180
30181
30184
30186
30191
30193
30195
30200
30204
30205
30207
30212
30213
30217
30219
30222
30225
30226
30230
30231
30235
30240
30241
30243
30245
30250
30255
30258
30259
30261
30265
30270
30272
30275
30276
30285
30290
30294
30295
30300
30301
30305
30310
30312
30315
30317
30320
30321
30325
30326
30327
30330
30333
30336
30337
30340
30341
30345
30346
30348
30349
30350
30352
30353
30358
30360
30361
30365
30366
30368
30369
30371
30375
30376
30380
30381
30384
30385
30387
30389
30390
30391
30394
30395
30397
30399
30400
30401
30404
30405
30410
30411
30412
30413
30414
30415
30416
30417
30419
30420
30421
30422
30423
30425
30426
30429
30430
30431
30432
30433
30435
30438
30440
30441
30445
30446
30450
30451
30453
30455
30456
30457
30460
30461
30464
30465
30466
30470
30471
30475
30476
30480
30481
30485
30486
30490
30491
30492
30493
30495
30496
30497
30499
30500
30501
30502
30503
30505
30509
30510
30511
30515
30516
30519
30520
30521
30525
30526
30528
30531
30535
30536
30537
30541
30544
30545
30546
30547
30550
30551
30552
30553
30554
30555
30557
30559
30560
30561
30562
30563
30564
30565
30566
30567
30568
30569
30570
30571
30572
30573
30574
30575
30576
30577
30578
30579
30580
30581
30582
30583
30584
30585
30586
30587
30590
30591
30592
30593
30595
30599
30600
30601
30602
30605
30608
30609
30610
30611
30613
30615
30616
30617
30618
30620
30621
30623
30624
30625
30626
30627
30628
30630
30631
30635
30636
30640
30641
30643
30645
30646
30648
30649
30650
30651
30654
30655
30656
30657
30659
30660
30663
30665
30667
30668
30670
30671
30672
30675
30677
30680
30681
30685
30690
30691
30695
30696
30697
30699
30700
30701
30702
30705
30707
30708
30709
30710
30711
30715
30716
30720
30721
30723
30725
30726
30727
30730
30733
30737
30739
30740
30741
30743
30744
30745
30748
30749
30750
30751
30753
30755
30758
30759
30760
30761
30762
30763
30765
30768
30771
30773
30775
30780
30783
30784
30785
30787
30789
30792
30793
30798
30800
30801
30805
30810
30811
30815
30816
30825
30826
30832
30833
30834
30836
30840
30842
30851
30852
30856
30860
30861
30864
30865
30866
30867
30870
30871
30873
30875
30876
30877
30879
30880
30881
30883
30885
30888
30889
30893
30895
30900
30901
30905
30906
30908
30909
30910
30911
30912
30913
30914
30915
30917
30918
30919
30920
30921
30923
30924
30925
30926
30927
30930
30932
30933
30935
30936
30937
30938
30939
30940
30941
30942
30943
30945
30946
30948
30949
30950
30951
30952
30955
30957
30959
30960
30961
30965
30966
30968
30969
30970
30971
30973
30975
30976
30978
30979
30981
30983
30984
30985
30986
30987
30989
30990
30991
30992
30993
30996
30997
30999
31000
31001
31002
31003
31005
31006
31007
31008
31009
31010
31014
31015
31016
31017
31019
31020
31021
31022
31023
31024
31025
31027
31029
31032
31033
31035
31037
31039
31041
31042
31044
31045
31050
31052
31055
31056
31057
31059
31060
31061
31063
31065
31066
31068
31070
31073
31075
31076
31077
31078
31079
31080
31081
31083
31085
31086
31087
31089
31090
31091
31093
31094
31095
31096
31097
31098
31099
31100
31101
31102
31104
31105
31106
31107
31108
31109
31110
31111
31112
31113
31114
31115
31117
31119
31120
31121
31122
31125
31126
31127
31128
31129
31130
31131
31132
31133
31135
31136
31140
31141
31143
31145
31146
31147
31148
31149
31150
31151
31153
31154
31155
31156
31157
31158
31159
31160
31161
31162
31163
31164
31165
31166
31167
31168
31170
31171
31172
31173
31175
31176
31177
31178
31179
31180
31181
31185
31186
31188
31189
31190
31191
31194
31195
31196
31198
31199
31200
31201
31203
31204
31205
31208
31210
31211
31212
31215
31218
31220
31221
31225
31226
31229
31230
31231
31234
31236
31240
31241
31242
31243
31245
31248
31250
31251
31253
31260
31261
31262
31265
31266
31270
31275
31276
31279
31280
31281
31283
31284
31285
31289
31290
31291
31292
31293
31297
31298
31300
31302
31303
31304
31306
31307
31308
31311
31312
31313
31314
31315
31316
31317
31318
31319
31320
31321
31323
31324
31325
31327
31328
31329
31330
31332
31333
31334
31335
31337
31338
31339
31340
31342
31343
31345
31346
31347
31350
31353
31354
31355
31356
31360
31361
31367
31368
31369
31370
31374
31375
31376
31377
31379
31380
31382
31384
31385
31386
31388
31389
31390
31392
31394
31395
31398
31399
31400
31401
31402
31403
31404
31405
31406
31407
31409
31410
31411
31412
31413
31414
31415
31416
31418
31419
31420
31425
31426
31427
31428
31429
31430
31431
31432
31434
31437
31440
31441
31444
31445
31446
31450
31451
31452
31458
31460
31464
31465
31467
31472
31473
31475
31479
31480
31481
31482
31483
31486
31487
31488
31489
31490
31491
31492
31493
31498
31499
31500
31501
31502
31505
31509
31510
31512
31513
31515
31520
31521
31522
31525
31526
31528
31530
31533
31535
31536
31537
31538
31540
31542
31543
31545
31547
31549
31550
31551
31552
31554
31555
31556
31559
31560
31561
31565
31570
31571
31572
31575
31576
31580
31581
31583
31584
31585
31587
31590
31591
31593
31595
31597
31598
31599
31600
31601
31605
31608
31610
31611
31615
31616
31617
31620
31621
31625
31626
31630
31631
31635
31640
31642
31644
31650
31654
31655
31661
31662
31668
31670
31677
31678
31680
31681
31683
31685
31686
31687
31689
31690
31691
31692
31693
31695
31696
31697
31698
31699
31700
31701
31702
31703
31705
31708
31709
31710
31711
31712
31715
31716
31718
31719
31720
31721
31725
31726
31728
31729
31733
31734
31735
31738
31739
31740
31743
31745
31746
31747
31750
31752
31753
31754
31755
31757
31759
31763
31764
31765
31768
31770
31773
31774
31775
31780
31785
31789
31800
31801
31805
31808
31809
31815
31816
31817
31823
31824
31825
31833
31835
31836
31840
31842
31843
31845
31847
31848
31850
31851
31853
31855
31857
31860
31861
31865
31871
31872
31873
31874
31875
31878
31881
31885
31886
31890
31896
31899
31900
31901
31905
31906
31910
31914
31918
31920
31921
31925
31926
31932
31933
31934
31941
31943
31944
31945
31946
31949
31950
31951
31955
31962
31963
31965
31966
31968
31970
31971
31972
31973
31975
31976
31979
31980
31981
31983
31984
31985
31986
31988
31989
31990
31991
31996
31997
31998
31999
32000
32001
32004
32008
32010
32011
32014
32015
32016
32019
32020
32021
32022
32023
32024
32025
32026
32028
32029
32030
32031
32032
32033
32035
32036
32038
32039
32040
32041
32042
32043
32044
32045
32046
32047
32048
32050
32051
32052
32053
32054
32055
32056
32057
32058
32059
32060
32061
32062
32063
32064
32065
32066
32067
32068
32069
32070
32071
32072
32073
32074
32075
32076
32077
32078
32080
32081
32082
32083
32084
32085
32086
32087
32088
32089
32090
32091
32092
32093
32094
32095
32096
32098
32100
32101
32102
32103
32105
32106
32107
32108
32109
32110
32111
32112
32113
32114
32115
32120
32121
32123
32124
32125
32126
32130
32131
32132
32133
32134
32135
32136
32137
32138
32139
32140
32141
32142
32144
32145
32146
32147
32148
32149
32150
32151
32153
32156
32157
32159
32160
32166
32167
32170
32171
32172
32173
32175
32176
32177
32178
32179
32180
32181
32184
32185
32186
32188
32189
32191
32193
32195
32200
32201
32202
32203
32204
32205
32207
32209
32213
32214
32215
32216
32217
32219
32220
32221
32222
32225
32226
32227
32230
32235
32236
32238
32240
32241
32249
32250
32251
32252
32253
32254
32256
32257
32259
32261
32262
32263
32264
32265
32270
32271
32272
32273
32274
32275
32276
32277
32280
32281
32285
32286
32287
32289
32290
32292
32296
32297
32299
32300
32301
32303
32304
32305
32307
32309
32310
32312
32313
32314
32319
32320
32321
32323
32324
32325
32326
32329
32333
32334
32336
32337
32340
32341
32346
32349
32350
32364
32369
32370
32375
32377
32380
32381
32382
32385
32390
32391
32393
32395
32396
32400
32401
32405
32408
32409
32410
32411
32415
32417
32418
32420
32421
32424
32425
32427
32428
32429
32431
32435
32436
32440
32441
32445
32447
32448
32449
32450
32453
32454
32462
32463
32465
32466
32467
32469
32470
32472
32473
32474
32475
32476
32477
32479
32480
32481
32482
32483
32485
32492
32493
32497
32500
32501
32503
32505
32506
32508
32509
32510
32513
32517
32519
32521
32525
32526
32527
32531
32534
32535
32536
32539
32540
32543
32544
32546
32549
32550
32553
32555
32557
32560
32562
32567
32569
32571
32578
32580
32585
32592
32593
32598
32599
32600
32601
32605
32609
32616
32620
32621
32625
32630
32631
32634
32635
32637
32640
32641
32645
32649
32650
32652
32655
32659
32660
32670
32673
32675
32676
32680
32681
32683
32685
32686
32688
32689
32690
32692
32697
32698
32700
32704
32711
32712
32714
32718
32719
32720
32721
32723
32724
32725
32726
32728
32730
32731
32732
32737
32740
32741
32742
32745
32750
32751
32753
32755
32760
32761
32765
32767
32770
32775
32779
32785
32786
32789
32790
32791
32793
32795
32796
32800
32801
32802
32805
32806
32809
32810
32811
32815
32816
32817
32820
32825
32827
32830
32831
32832
32833
32835
32837
32840
32841
32845
32850
32851
32855
32860
32861
32864
32865
32868
32869
32870
32875
32876
32879
32880
32881
32883
32885
32886
32887
32888
32889
32890
32891
32893
32895
32896
32900
32901
32903
32904
32905
32910
32911
32912
32913
32922
32928
32933
32935
32937
32940
32942
32943
32945
32948
32949
32952
32955
32958
32960
32961
32964
32965
32967
32968
32976
32977
32979
32980
32981
32983
32985
32992
32993
32995
33000
33001
33003
33005
33008
33009
33012
33015
33016
33017
33018
33019
33024
33025
33029
33030
33040
33041
33043
33044
33045
33046
33047
33048
33053
33060
33061
33064
33065
33068
33072
33073
33075
33076
33077
33078
33079
33080
33081
33082
33083
33084
33085
33087
33088
33089
33090
33091
33092
33093
33094
33095
33096
33097
33098
33099
33100
33101
33102
33103
33104
33105
33106
33107
33108
33109
33110
33111
33112
33113
33114
33115
33116
33117
33118
33119
33120
33121
33122
33123
33124
33125
33128
33129
33130
33131
33132
33133
33134
33135
33138
33140
33141
33145
33150
33151
33152
33153
33155
33156
33160
33161
33164
33165
33166
33168
33169
33171
33172
33174
33175
33176
33180
33181
33182
33185
33190
33191
33193
33195
33200
33201
33205
33208
33209
33210
33211
33213
33215
33218
33220
33221
33225
33226
33228
33229
33230
33233
33234
33236
33238
33239
33240
33241
33245
33250
33259
33260
33261
33264
33265
33269
33270
33271
33275
33280
33281
33282
33286
33290
33292
33293
33296
33299
33300
33306
33310
33311
33315
33320
33321
33325
33329
33330
33331
33334
33335
33336
33340
33341
33345
33350
33352
33353
33354
33360
33367
33368
33370
33374
33375
33377
33378
33379
33384
33385
33389
33400
33401
33404
33405
33414
33416
33417
33420
33425
33426
33430
33432
33433
33440
33441
33445
33449
33450
33451
33453
33456
33457
33460
33473
33475
33480
33484
33488
33489
33498
33500
33501
33516
33520
33521
33525
33530
33534
33539
33540
33550
33552
33553
33570
33575
33585
33586
33590
33592
33593
33594
33595
33597
33600
33601
33605
33606
33607
33608
33610
33614
33615
33616
33617
33618
33620
33621
33624
33625
33626
33630
33632
33633
33636
33637
33650
33651
33652
33654
33655
33658
33659
33660
33664
33665
33668
33669
33670
33671
33672
33673
33677
33680
33681
33685
33686
33687
33691
33692
33695
33696
33698
33699
33701
33702
33703
33705
33708
33709
33712
33726
33727
33732
33741
33743
33748
33750
33751
33758
33759
33768
33775
33777
33778
33779
33780
33781
33782
33785
33786
33789
33790
33792
33793
33800
33801
33807
33813
33816
33817
33818
33820
33821
33825
33826
33833
33834
33840
33841
33843
33845
33850
33852
33853
33858
33861
33862
33863
33864
33866
33867
33871
33872
33873
33880
33887
33894
33900
33903
33907
33908
33921
33924
33925
33930
33936
33937
33939
33940
33941
33943
33948
33949
33950
33956
33957
33966
33969
33970
33971
33973
33975
33976
33992
33993
33999
34000
34001
34005
34008
34009
34013
34018
34020
34021
34025
34026
34027
34030
34031
34033
34034
34035
34038
34040
34041
34042
34045
34048
34049
34050
34051
34055
34056
34057
34060
34061
34062
34064
34065
34069
34075
34076
34080
34081
34083
34085
34086
34090
34091
34095
34096
34097
34100
34104
34105
34110
34111
34112
34113
34120
34123
34125
34126
34128
34129
34132
34133
34140
34143
34144
34146
34147
34150
34151
34153
34155
34156
34157
34160
34161
34163
34164
34165
34166
34167
34169
34170
34175
34176
34177
34178
34179
34181
34182
34184
34185
34187
34188
34190
34191
34192
34194
34195
34196
34197
34199
34200
34201
34202
34204
34205
34206
34210
34216
34217
34218
34219
34225
34236
34240
34243
34245
34249
34250
34251
34259
34260
34263
34265
34266
34267
34269
34272
34273
34274
34275
34276
34277
34279
34283
34284
34286
34287
34290
34293
34296
34297
34300
34301
34303
34308
34309
34310
34320
34321
34323
34325
34335
34342
34344
34353
34357
34360
34361
34365
34370
34377
34380
34383
34385
34386
34390
34391
34393
34395
34398
34400
34401
34403
34405
34410
34411
34415
34416
34419
34420
34425
34430
34431
34433
34434
34435
34436
34437
34440
34441
34443
34445
34446
34447
34448
34449
34450
34451
34452
34454
34455
34458
34460
34465
34470
34471
34472
34475
34479
34480
34481
34482
34485
34487
34488
34489
34490
34491
34493
34495
34496
34497
34500
34501
34503
34505
34506
34508
34509
34511
34512
34513
34515
34517
34518
34520
34521
34524
34525
34527
34528
34529
34530
34531
34533
34538
34540
34545
34546
34547
34550
34551
34553
34554
34555
34556
34560
34561
34565
34568
34569
34570
34573
34575
34576
34577
34578
34580
34581
34585
34587
34590
34591
34594
34595
34596
34599
34600
34601
34602
34603
34604
34605
34606
34607
34609
34611
34612
34613
34614
34615
34616
34617
34618
34619
34620
34621
34622
34625
34626
34627
34628
34629
34631
34632
34635
34636
34637
34640
34641
34645
34646
34650
34651
34655
34671
34675
34678
34686
34687
34692
34694
34696
34697
34699
34700
34701
34706
34707
34713
34714
34715
34720
34721
34725
34727
34729
34730
34734
34735
34736
34739
34740
34741
34742
34746
34748
34749
34750
34751
34755
34756
34757
34758
34762
34763
34767
34768
34769
34770
34771
34776
34777
34781
34783
34785
34788
34790
34791
34795
34797
34800
34801
34803
34804
34805
34809
34810
34811
34812
34815
34816
34820
34823
34825
34826
34827
34830
34838
34839
34840
34841
34845
34846
34848
34850
34851
34855
34856
34860
34861
34865
34866
34867
34870
34871
34875
34876
34880
34881
34884
34885
34888
34890
34893
34900
34902
34910
34919
34920
34926
34927
34929
34930
34931
34933
34935
34937
34938
34939
34940
34944
34945
34949
34950
34953
34960
34961
34965
34975
34980
34985
34987
34992
34993
34997
35000
35001
35002
35003
35008
35009
35010
35014
35015
35016
35017
35018
35019
35020
35021
35022
35025
35026
35028
35030
35035
35036
35037
35040
35041
35045
35046
35063
35064
35065
35070
35073
35074
35075
35080
35082
35090
35098
35100
35105
35109
35110
35112
35113
35119
35120
35121
35122
35123
35125
35126
35130
35145
35154
35175
35176
35178
35179
35189
35190
35192
35200
35201
35205
35208
35209
35220
35222
35224
35225
35226
35235
35241
35244
35245
35250
35251
35255
35260
35261
35264
35265
35270
35271
35273
35275
35280
35281
35285
35287
35288
35289
35290
35291
35293
35295
35296
35297
35298
35299
35300
35303
35304
35308
35309
35310
35321
35323
35324
35325
35328
35329
35332
35333
35334
35339
35340
35341
35342
35343
35344
35346
35349
35351
35352
35353
35360
35361
35365
35368
35369
35380
35384
35385
35386
35393
35399
35400
35401
35406
35409
35418
35419
35420
35421
35424
35425
35427
35428
35429
35430
35431
35436
35437
35438
35440
35441
35442
35445
35446
35450
35460
35464
35465
35475
35478
35480
35489
35490
35497
35500
35501
35504
35506
35507
35511
35518
35520
35521
35525
35526
35530
35531
35535
35550
35551
35552
35560
35561
35562
35568
35569
35574
35575
35580
35583
35584
35585
35586
35588
35589
35593
35594
35595
35597
35600
35601
35604
35605
35607
35610
35612
35613
35616
35617
35622
35623
35625
35630
35640
35641
35645
35649
35650
35655
35658
35660
35665
35666
35667
35669
35670
35671
35672
35675
35677
35680
35681
35685
35690
35691
35694
35695
35700
35712
35713
35720
35721
35723
35725
35729
35733
35734
35744
35745
35747
35748
35750
35751
35752
35753
35755
35757
35758
35760
35761
35764
35765
35766
35770
35771
35773
35774
35775
35776
35777
35780
35781
35784
35785
35790
35791
35795
35796
35800
35801
35802
35805
35806
35809
35810
35811
35814
35815
35817
35819
35820
35824
35825
35826
35830
35831
35832
35833
35834
35835
35836
35839
35840
35841
35845
35846
35847
35848
35849
35850
35851
35854
35855
35856
35857
35860
35861
35862
35863
35867
35870
35871
35874
35875
35878
35880
35881
35883
35884
35885
35887
35888
35889
35890
35891
35892
35893
35895
35900
35901
35902
35903
35905
35906
35909
35910
35911
35915
35916
35917
35919
35920
35921
35922
35923
35924
35925
35926
35930
35931
35933
35934
35935
35936
35937
35938
35939
35940
35943
35946
35948
35953
35957
35960
35961
35964
35965
35968
35969
35975
35984
35985
35988
35990
35991
35992
35993
35994
35995
35998
35999
36000
36001
36003
36004
36005
36008
36009
36010
36011
36015
36017
36019
36020
36022
36025
36027
36029
36030
36033
36036
36045
36049
36057
36060
36064
36065
36080
36081
36085
36086
36090
36100
36112
36113
36115
36120
36121
36124
36125
36126
36130
36135
36137
36138
36140
36145
36148
36150
36152
36153
36155
36156
36157
36158
36159
36160
36162
36163
36165
36166
36167
36168
36169
36170
36172
36173
36175
36176
36177
36183
36187
36188
36190
36193
36195
36196
36198
36200
36204
36207
36213
36215
36217
36218
36220
36222
36223
36225
36226
36228
36230
36232
36233
36234
36235
36239
36240
36241
36243
36244
36245
36250
36252
36255
36262
36267
36270
36271
36273
36278
36279
36281
36282
36283
36285
36288
36289
36291
36293
36295
36296
36297
36300
36302
36304
36305
36306
36309
36312
36313
36316
36319
36320
36321
36322
36323
36324
36325
36326
36327
36329
36331
36332
36333
36335
36344
36345
36350
36351
36352
36353
36354
36360
36375
36378
36380
36385
36388
36389
36390
36391
36395
36400
36401
36405
36407
36408
36409
36410
36411
36414
36415
36416
36417
36425
36430
36431
36432
36433
36435
36437
36440
36441
36442
36445
36449
36450
36456
36459
36460
36463
36465
36472
36473
36475
36476
36480
36481
36485
36486
36487
36488
36489
36490
36491
36495
36496
36497
36498
36500
36504
36510
36520
36521
36523
36525
36526
36528
36530
36531
36533
36534
36535
36537
36538
36539
36540
36541
36543
36545
36547
36549
36550
36551
36552
36553
36555
36556
36557
36560
36561
36563
36565
36567
36568
36570
36572
36573
36575
36576
36577
36578
36580
36582
36592
36593
36596
36598
36600
36603
36606
36608
36609
36610
36611
36612
36613
36621
36625
36627
36628
36629
36630
36632
36633
36634
36636
36637
36639
36644
36645
36647
36648
36649
36650
36651
36652
36653
36654
36655
36657
36658
36659
36660
36661
36662
36663
36664
36665
36666
36667
36668
36669
36670
36672
36673
36675
36676
36677
36678
36679
36680
36681
36686
36687
36688
36689
36690
36693
36696
36697
36700
36701
36702
36710
36711
36712
36713
36715
36717
36719
36720
36721
36722
36725
36726
36727
36728
36729
36730
36731
36732
36733
36734
36735
36736
36737
36738
36739
36740
36741
36742
36743
36744
36745
36746
36747
36748
36750
36751
36752
36753
36754
36757
36758
36760
36761
36762
36763
36764
36765
36769
36772
36774
36775
36776
36783
36784
36785
36789
36790
36791
36792
36793
36794
36795
36796
36797
36798
36800
36801
36802
36803
36804
36805
36806
36807
36808
36809
36810
36811
36812
36813
36814
36815
36816
36817
36818
36819
36820
36821
36822
36823
36824
36825
36826
36828
36829
36840
36843
36844
36846
36848
36849
36850
36852
36855
36859
36860
36861
36862
36864
36865
36872
36875
36882
36890
36895
36896
36897
36900
36901
36905
36906
36907
36910
36912
36918
36920
36925
36930
36931
36935
36936
36938
36940
36941
36942
36943
36946
36954
36960
36961
36965
36970
36972
36975
36977
36978
36980
36982
36983
36987
36988
36990
36992
36993
37000
37001
37008
37009
37012
37013
37018
37020
37023
37024
37025
37026
37033
37037
37050
37051
37059
37060
37062
37064
37065
37071
37072
37076
37079
37080
37081
37085
37089
37091
37094
37095
37096
37098
37101
37104
37106
37108
37111
37113
37115
37116
37120
37121
37123
37124
37125
37126
37128
37133
37134
37141
37142
37143
37146
37147
37151
37152
37158
37159
37160
37167
37169
37170
37172
37173
37174
37175
37176
37177
37178
37179
37180
37181
37182
37183
37184
37186
37187
37188
37189
37190
37191
37192
37193
37194
37195
37197
37198
37199
37200
37201
37205
37206
37207
37208
37209
37210
37211
37215
37216
37220
37221
37223
37224
37225
37226
37228
37229
37230
37233
37234
37240
37242
37244
37245
37250
37251
37255
37257
37260
37262
37264
37265
37267
37268
37270
37272
37274
37275
37276
37277
37281
37285
37286
37289
37290
37292
37296
37300
37301
37303
37304
37305
37306
37307
37308
37309
37310
37311
37312
37313
37314
37315
37316
37317
37318
37320
37321
37323
37325
37331
37335
37336
37338
37345
37350
37355
37359
37362
37363
37365
37368
37369
37370
37372
37373
37375
37376
37378
37380
37382
37385
37386
37387
37388
37389
37392
37393
37397
37398
37399
37400
37403
37408
37409
37410
37415
37417
37422
37423
37425
37428
37429
37433
37436
37438
37440
37441
37443
37444
37445
37455
37457
37458
37459
37468
37469
37470
37471
37473
37474
37475
37476
37479
37480
37483
37485
37487
37488
37489
37495
37497
37499
37500
37503
37505
37513
37516
37520
37521
37525
37527
37530
37536
37537
37548
37553
37554
37556
37557
37560
37568
37575
37576
37583
37584
37585
37593
37594
37597
37599
37600
37601
37604
37605
37611
37613
37615
37620
37621
37623
37625
37627
37632
37633
37635
37637
37638
37639
37647
37648
37653
37655
37667
37671
37674
37675
37677
37680
37681
37682
37685
37687
37696
37697
37700
37710
37711
37715
37716
37720
37721
37725
37726
37727
37730
37731
37735
37740
37743
37746
37755
37758
37759
37760
37762
37765
37768
37770
37772
37775
37782
37786
37790
37791
37795
37800
37801
37802
37803
37804
37806
37807
37810
37811
37815
37818
37825
37827
37829
37836
37840
37841
37842
37843
37848
37851
37853
37855
37856
37861
37863
37872
37873
37875
37877
37879
37880
37881
37884
37885
37889
37890
37891
37895
37899
37900
37903
37906
37908
37909
37910
37912
37913
37919
37920
37921
37925
37926
37928
37929
37931
37933
37936
37939
37940
37945
37947
37950
37951
37952
37955
37966
37967
37975
37976
37980
37985
37986
37989
37990
37991
37994
37995
37998
38000
38001
38005
38006
38007
38010
38011
38012
38014
38016
38017
38018
38020
38021
38025
38026
38036
38037
38038
38039
38040
38041
38042
38043
38045
38047
38048
38049
38050
38051
38052
38055
38060
38065
38070
38075
38080
38081
38082
38083
38085
38088
38090
38093
38095
38097
38100
38101
38105
38106
38114
38116
38120
38125
38130
38131
38134
38135
38136
38140
38141
38143
38145
38146
38150
38151
38155
38158
38159
38160
38161
38165
38166
38168
38170
38171
38175
38178
38180
38181
38182
38183
38184
38185
38186
38190
38191
38193
38194
38195
38196
38198
38200
38201
38202
38203
38205
38206
38208
38209
38210
38211
38212
38213
38214
38215
38216
38217
38218
38220
38221
38222
38223
38225
38226
38227
38230
38231
38232
38233
38234
38235
38240
38241
38243
38245
38246
38250
38251
38255
38258
38259
38260
38261
38263
38265
38266
38268
38269
38270
38272
38273
38275
38276
38277
38278
38280
38281
38285
38286
38294
38295
38296
38297
38298
38300
38301
38302
38304
38305
38311
38313
38315
38321
38322
38325
38331
38335
38340
38341
38346
38350
38351
38355
38358
38362
38364
38365
38367
38371
38372
38375
38376
38377
38381
38385
38390
38394
38395
38397
38400
38401
38402
38405
38408
38412
38415
38416
38417
38419
38425
38426
38429
38430
38435
38436
38443
38448
38450
38451
38453
38454
38456
38458
38459
38460
38461
38463
38464
38465
38466
38468
38470
38471
38475
38478
38480
38481
38484
38485
38493
38500
38502
38503
38505
38509
38510
38512
38519
38520
38525
38530
38540
38541
38544
38545
38549
38550
38556
38563
38570
38571
38575
38579
38583
38589
38590
38592
38595
38599
38600
38601
38605
38606
38610
38624
38625
38626
38630
38640
38641
38650
38655
38665
38666
38670
38671
38675
38678
38682
38685
38692
38696
38700
38704
38705
38713
38718
38720
38721
38723
38733
38735
38742
38745
38750
38751
38755
38760
38761
38766
38771
38781
38786
38787
38800
38801
38805
38811
38822
38825
38826
38835
38841
38844
38845
38850
38859
38860
38862
38863
38866
38867
38868
38869
38870
38872
38873
38875
38876
38877
38879
38880
38881
38885
38888
38889
38890
38891
38894
38895
38897
38898
38906
38909
38910
38912
38913
38915
38916
38919
38920
38921
38922
38923
38925
38926
38927
38928
38929
38932
38941
38944
38950
38951
38955
38959
38960
38961
38962
38969
38970
38975
38993
39000
39001
39008
39009
39010
39018
39025
39026
39027
39032
39033
39040
39041
39045
39049
39060
39072
39073
39096
39100
39105
39114
39115
39123
39125
39130
39135
39136
39138
39140
39141
39145
39146
39150
39151
39160
39161
39165
39168
39176
39184
39185
39186
39192
39193
39198
39201
39202
39203
39204
39205
39208
39210
39237
39240
39249
39250
39251
39255
39256
39259
39270
39276
39280
39285
39290
39298
39305
39307
39308
39312
39317
39319
39320
39321
39325
39330
39342
39345
39350
39354
39355
39357
39360
39361
39365
39366
39370
39375
39393
39401
39402
39403
39404
39408
39409
39413
39414
39415
39416
39420
39424
39425
39436
39438
39440
39441
39446
39447
39451
39456
39457
39461
39472
39473
39481
39487
39494
39500
39501
39508
39510
39521
39523
39525
39533
39537
39546
39547
39550
39557
39575
39584
39585
39591
39592
39600
39601
39603
39606
39607
39609
39611
39613
39615
39616
39618
39620
39624
39625
39636
39643
39648
39653
39654
39659
39660
39664
39665
39669
39670
39672
39673
39675
39676
39680
39683
39685
39688
39689
39690
39691
39692
39693
39694
39695
39696
39697
39699
39700
39701
39702
39703
39704
39705
39707
39708
39709
39711
39712
39713
39715
39718
39721
39726
39728
39729
39736
39737
39739
39741
39744
39745
39746
39747
39749
39751
39753
39759
39766
39771
39775
39776
39780
39783
39785
39789
39793
39798
39807
39811
39816
39821
39823
39825
39827
39834
39840
39842
39845
39847
39849
39852
39853
39855
39857
39858
39859
39860
39862
39865
39866
39870
39872
39873
39877
39879
39880
39883
39886
39893
39897
39900
39906
39916
39920
39921
39925
39934
39935
39936
39937
39942
39960
39961
39962
39965
39975
39978
39979
39980
39984
39985
39989
39990
39991
39993
39996
40000
40001
40008
40009
40011
40012
40018
40021
40022
40025
40027
40032
40037
40040
40050
40051
40052
40068
40073
40075
40080
40081
40085
40086
40089
40095
40104
40105
40113
40115
40123
40125
40128
40133
40140
40144
40145
40154
40171
40173
40174
40176
40177
40180
40181
40183
40185
40186
40187
40188
40189
40194
40196
40199
40207
40212
40220
40222
40224
40230
40236
40240
40243
40248
40250
40251
40257
40260
40265
40266
40270
40273
40275
40278
40280
40281
40285
40290
40296
40302
40305
40310
40311
40313
40315
40320
40321
40324
40325
40327
40328
40330
40333
40334
40335
40338
40339
40349
40355
40356
40362
40365
40374
40375
40376
40378
40380
40383
40384
40388
40390
40391
40392
40393
40394
40398
40400
40401
40404
40408
40410
40411
40414
40419
40420
40421
40424
40426
40427
40428
40439
40440
40446
40455
40464
40475
40480
40481
40482
40485
40490
40491
40495
40496
40499
40500
40501
40502
40505
40508
40509
40510
40515
40518
40519
40522
40523
40524
40525
40528
40529
40532
40536
40546
40560
40561
40565
40567
40572
40576
40577
40579
40580
40581
40586
40590
40591
40600
40601
40620
40625
40626
40635
40641
40663
40670
40672
40673
40677
40680
40683
40716
40740
40747
40748
40754
40755
40760
40761
40762
40763
40768
40770
40773
40800
40801
40805
40806
40817
40821
40824
40825
40827
40831
40842
40860
40864
40887
40896
40905
40913
40914
40918
40919
40920
40921
40923
40924
40925
40940
40945
40950
40951
40955
40960
40964
40968
40970
40971
40975
40980
40986
40993
41000
41001
41002
41008
41009
41013
41018
41019
41020
41025
41029
41030
41031
41040
41041
41050
41051
41055
41058
41060
41067
41073
41076
41079
41082
41083
41089
41094
41100
41115
41118
41119
41120
41121
41125
41126
41127
41130
41135
41137
41140
41141
41145
41148
41150
41151
41161
41164
41165
41166
41170
41184
41185
41186
41190
41193
41195
41200
41201
41202
41208
41209
41211
41218
41220
41225
41238
41240
41241
41244
41245
41247
41250
41251
41253
41256
41257
41258
41259
41260
41261
41265
41274
41275
41276
41277
41280
41281
41283
41285
41286
41287
41290
41291
41292
41295
41297
41300
41301
41305
41310
41313
41316
41319
41320
41321
41322
41323
41324
41325
41326
41328
41329
41330
41331
41332
41333
41334
41335
41336
41340
41341
41342
41344
41345
41346
41347
41350
41351
41355
41356
41357
41359
41360
41361
41365
41366
41369
41370
41371
41372
41373
41374
41375
41376
41377
41378
41380
41381
41382
41383
41384
41385
41386
41387
41388
41390
41391
41392
41393
41395
41396
41400
41401
41405
41406
41409
41410
41411
41412
41415
41416
41417
41420
41421
41422
41425
41430
41431
41432
41433
41435
41436
41440
41441
41443
41445
41448
41449
41450
41453
41454
41460
41461
41463
41465
41466
41467
41468
41469
41470
41471
41472
41473
41475
41476
41477
41478
41479
41480
41481
41486
41487
41488
41489
41490
41491
41492
41493
41496
41497
41498
41499
41500
41501
41503
41504
41505
41506
41512
41513
41514
41515
41521
41535
41536
41540
41550
41569
41570
41571
41575
41576
41579
41580
41581
41583
41585
41595
41596
41600
41601
41608
41615
41616
41617
41618
41620
41621
41625
41633
41640
41650
41651
41655
41656
41657
41659
41660
41664
41665
41666
41669
41670
41671
41675
41676
41678
41680
41700
41706
41715
41730
41738
41739
41750
41751
41760
41769
41775
41779
41789
41790
41791
41795
41796
41800
41801
41811
41820
41821
41825
41827
41830
41831
41832
41835
41837
41839
41840
41845
41850
41855
41860
41865
41870
41871
41872
41875
41880
41885
41886
41902
41903
41909
41910
41915
41920
41921
41922
41925
41939
41940
41952
41953
41955
41958
41960
41965
41971
41975
41976
41984
41985
41990
41993
41996
41998
42000
42001
42003
42005
42008
42009
42010
42011
42014
42015
42016
42017
42018
42019
42020
42021
42024
42025
42026
42028
42029
42030
42031
42035
42040
42042
42046
42048
42050
42057
42058
42060
42065
42066
42067
42075
42076
42080
42084
42085
42086
42100
42105
42109
42110
42117
42120
42121
42125
42130
42138
42148
42160
42164
42177
42178
42180
42185
42210
42224
42228
42230
42231
42235
42240
42241
42245
42246
42247
42250
42251
42271
42275
42282
42296
42300
42303
42306
42307
42313
42317
42326
42329
42330
42336
42343
42344
42345
42350
42360
42372
42390
42400
42401
42402
42406
42408
42413
42415
42420
42425
42431
42432
42433
42441
42444
42449
42462
42471
42476
42477
42480
42481
42483
42484
42485
42490
42496
42500
42504
42511
42518
42525
42533
42534
42535
42543
42546
42550
42552
42553
42555
42558
42559
42560
42561
42565
42567
42575
42579
42583
42588
42593
42595
42600
42601
42605
42606
42617
42623
42624
42625
42630
42631
42635
42636
42640
42641
42645
42650
42651
42653
42655
42656
42657
42660
42666
42670
42672
42673
42675
42678
42679
42680
42686
42687
42690
42695
42700
42701
42705
42713
42720
42721
42725
42726
42729
42735
42744
42745
42749
42750
42751
42760
42763
42768
42769
42770
42773
42777
42780
42784
42793
42799
42800
42801
42804
42805
42810
42812
42822
42823
42824
42825
42828
42833
42835
42838
42840
42841
42847
42855
42856
42857
42858
42859
42860
42861
42869
42870
42873
42875
42886
42887
42889
42890
42896
42897
42901
42903
42904
42905
42910
42925
42940
42951
42952
42953
42959
42969
42975
42976
42980
42984
42985
42987
42988
42993
42994
42998
42999
43000
43001
43002
43004
43005
43008
43009
43010
43018
43019
43020
43025
43026
43029
43030
43033
43035
43036
43040
43041
43043
43045
43047
43050
43051
43053
43056
43057
43060
43061
43064
43065
43066
43067
43068
43070
43072
43075
43077
43080
43085
43086
43087
43092
43093
43095
43097
43099
43104
43108
43109
43112
43118
43120
43121
43125
43126
43132
43133
43134
43142
43143
43150
43155
43160
43161
43168
43170
43173
43175
43176
43183
43184
43191
43193
43195
43196
43200
43201
43205
43206
43207
43208
43209
43214
43215
43217
43218
43221
43225
43226
43231
43232
43233
43234
43240
43241
43243
43245
43250
43253
43254
43260
43265
43268
43269
43273
43275
43278
43281
43290
43291
43293
43295
43297
43300
43301
43302
43303
43304
43305
43316
43325
43329
43337
43338
43343
43344
43350
43353
43360
43361
43375
43376
43378
43379
43380
43384
43385
43392
43395
43400
43401
43405
43409
43416
43417
43425
43426
43440
43441
43445
43450
43451
43452
43460
43461
43465
43470
43472
43475
43485
43497
43498
43500
43501
43513
43514
43520
43521
43524
43525
43537
43538
43543
43547
43548
43549
43550
43553
43560
43561
43566
43569
43575
43589
43590
43591
43596
43597
43600
43601
43603
43604
43605
43610
43615
43617
43619
43620
43624
43625
43626
43629
43630
43631
43632
43633
43636
43642
43645
43646
43650
43652
43653
43658
43659
43660
43666
43667
43668
43675
43676
43677
43678
43680
43681
43682
43685
43686
43687
43695
43696
43697
43699
43700
43703
43704
43705
43706
43709
43710
43713
43714
43716
43717
43722
43723
43725
43730
43731
43732
43736
43737
43740
43741
43744
43750
43751
43752
43754
43757
43767
43771
43772
43775
43776
43777
43778
43781
43783
43784
43785
43788
43793
43794
43795
43800
43801
43812
43813
43822
43823
43824
43825
43830
43831
43832
43833
43837
43838
43839
43840
43841
43842
43843
43844
43845
43846
43848
43850
43851
43852
43853
43854
43855
43856
43857
43858
43859
43862
43863
43864
43865
43866
43867
43868
43869
43870
43872
43873
43874
43875
43876
43883
43884
43890
43893
43900
43902
43907
43908
43911
43912
43918
43920
43925
43928
43950
43952
43953
43956
43967
43973
43990
44000
44001
44025
44034
44035
44040
44041
44045
44050
44051
44055
44060
44064
44065
44068
44075
44076
44078
44079
44080
44081
44082
44085
44089
44090
44098
44100
44101
44105
44110
44111
44115
44118
44120
44121
44125
44128
44130
44131
44135
44136
44140
44145
44146
44149
44150
44151
44155
44156
44160
44161
44165
44166
44168
44169
44170
44171
44172
44175
44176
44177
44180
44184
44185
44190
44191
44195
44198
44199
44200
44201
44202
44203
44204
44205
44208
44210
44211
44213
44214
44215
44217
44218
44219
44220
44221
44222
44223
44225
44226
44227
44228
44229
44230
44231
44232
44233
44234
44235
44236
44237
44240
44241
44242
44245
44246
44247
44248
44249
44250
44261
44264
44265
44268
44270
44275
44280
44281
44285
44290
44300
44304
44308
44310
44316
44325
44333
44340
44352
44353
44366
44370
44375
44380
44381
44387
44390
44400
44401
44405
44406
44408
44410
44411
44418
44425
44442
44443
44444
44445
44450
44460
44461
44465
44475
44485
44488
44491
44496
44500
44501
44511
44520
44526
44527
44532
44550
44555
44568
44571
44577
44586
44590
44600
44604
44608
44611
44613
44617
44619
44620
44621
44623
44625
44627
44632
44640
44641
44645
44649
44653
44654
44655
44658
44659
44660
44661
44663
44664
44665
44667
44680
44681
44685
44690
44691
44694
44695
44696
44700
44701
44705
44707
44710
44711
44712
44715
44717
44720
44721
44723
44725
44726
44730
44735
44736
44737
44738
44739
44740
44743
44746
44748
44751
44753
44759
44766
44768
44770
44771
44772
44773
44775
44780
44781
44785
44786
44789
44790
44791
44795
44798
44800
44801
44805
44807
44808
44810
44811
44815
44816
44820
44821
44825
44826
44834
44835
44838
44840
44841
44843
44844
44845
44846
44849
44850
44851
44853
44854
44855
44856
44858
44859
44860
44861
44863
44864
44865
44866
44867
44868
44869
44870
44873
44874
44875
44876
44877
44878
44879
44880
44881
44883
44884
44885
44886
44887
44888
44889
44890
44891
44892
44895
44896
44897
44898
44899
44900
44901
44904
44905
44906
44907
44908
44909
44910
44912
44913
44914
44915
44919
44920
44921
44924
44925
44926
44928
44929
44930
44931
44932
44935
44936
44937
44938
44939
44940
44941
44946
44950
44951
44952
44953
44954
44955
44960
44961
44962
44968
44970
44971
44972
44975
44976
44977
44980
44986
44987
45000
45001
45002
45003
45005
45006
45010
45014
45015
45016
45018
45019
45025
45026
45028
45030
45031
45032
45034
45035
45036
45040
45045
45046
45050
45051
45052
45055
45060
45061
45066
45069
45070
45071
45072
45075
45080
45081
45090
45093
45100
45101
45108
45109
45115
45118
45120
45121
45125
45135
45136
45137
45145
45150
45151
45155
45162
45171
45180
45188
45189
45198
45199
45201
45220
45225
45230
45241
45245
45249
45252
45259
45260
45269
45270
45271
45280
45281
45285
45288
45290
45295
45298
45300
45301
45315
45318
45321
45325
45346
45347
45350
45353
45360
45361
45364
45365
45367
45368
45370
45374
45375
45376
45383
45384
45386
45393
45395
45396
45400
45401
45408
45409
45420
45425
45428
45429
45430
45431
45432
45433
45435
45440
45441
45445
45450
45451
45452
45453
45468
45475
45476
45478
45480
45481
45485
45486
45490
45495
45496
45500
45501
45504
45505
45508
45510
45513
45514
45515
45518
45520
45521
45522
45525
45530
45535
45536
45537
45540
45550
45552
45553
45568
45569
45570
45571
45575
45576
45584
45585
45594
45600
45601
45605
45615
45616
45617
45621
45625
45626
45630
45633
45648
45649
45650
45658
45660
45661
45665
45666
45668
45670
45672
45674
45675
45677
45678
45679
45680
45681
45682
45685
45687
45689
45690
45691
45695
45696
45697
45700
45705
45713
45720
45724
45725
45728
45729
45738
45740
45750
45751
45756
45757
45759
45760
45761
45764
45765
45770
45774
45775
45780
45781
45785
45786
45787
45790
45791
45792
45795
45804
45805
45810
45811
45815
45819
45821
45822
45823
45825
45826
45828
45829
45830
45831
45833
45834
45835
45836
45837
45838
45839
45840
45841
45843
45844
45845
45846
45847
45848
45849
45850
45851
45853
45854
45855
45856
45857
45858
45859
45860
45863
45864
45865
45867
45868
45869
45870
45871
45872
45875
45876
45881
45886
45888
45889
45890
45891
45895
45899
45900
45901
45905
45906
45907
45910
45913
45914
45920
45921
45922
45923
45925
45927
45928
45930
45934
45936
45937
45940
45950
45952
45953
45968
45969
45972
45977
45978
45980
45981
45982
45985
45990
45991
45996
45997
46000
46001
46003
46004
46005
46008
46010
46013
46014
46016
46017
46020
46021
46022
46025
46033
46036
46039
46043
46046
46048
46049
46050
46053
46056
46060
46063
46070
46071
46072
46073
46075
46080
46081
46085
46089
46090
46091
46095
46096
46097
46100
46104
46111
46121
46125
46127
46128
46129
46131
46132
46139
46141
46142
46143
46145
46146
46147
46149
46150
46155
46156
46157
46159
46160
46161
46162
46163
46164
46165
46170
46173
46174
46175
46176
46177
46178
46180
46200
46201
46205
46207
46208
46209
46211
46215
46221
46224
46225
46231
46232
46233
46246
46248
46249
46250
46251
46255
46256
46257
46260
46270
46272
46275
46282
46284
46291
46292
46300
46301
46302
46305
46312
46313
46314
46330
46331
46332
46335
46336
46337
46347
46350
46352
46353
46368
46369
46375
46389
46392
46395
46397
46399
46400
46401
46402
46405
46409
46410
46413
46415
46420
46425
46439
46440
46441
46444
46445
46458
46459
46464
46469
46473
46475
46476
46480
46484
46487
46491
46494
46495
46497
46500
46501
46502
46503
46504
46512
46519
46530
46545
46548
46550
46551
46557
46561
46566
46571
46572
46573
46574
46575
46576
46577
46580
46581
46582
46583
46584
46592
46593
46611
46620
46621
46642
46647
46649
46651
46652
46653
46656
46657
46659
46661
46663
46669
46690
46691
46692
46695
46701
46704
46710
46720
46730
46731
46735
46736
46737
46740
46741
46745
46746
46750
46751
46755
46760
46768
46774
46775
46776
46777
46783
46784
46786
46790
46796
46800
46801
46803
46805
46810
46811
46812
46816
46818
46821
46822
46825
46826
46830
46832
46833
46836
46850
46853
46856
46857
46860
46867
46869
46872
46873
46874
46875
46876
46877
46878
46896
46897
46900
46904
46905
46915
46920
46934
46944
46948
46960
46964
46970
46974
46980
46981
46986
46987
46995
46996
46997
47000
47001
47006
47008
47012
47025
47026
47040
47061
47064
47120
47121
47124
47125
47138
47139
47140
47141
47144
47145
47150
47151
47155
47175
47196
47225
47229
47232
47233
47239
47240
47242
47243
47250
47251
47255
47260
47268
47275
47280
47286
47294
47300
47304
47305
47310
47315
47320
47325
47326
47330
47335
47344
47345
47361
47365
47375
47376
47377
47380
47381
47384
47385
47400
47401
47419
47420
47424
47425
47429
47430
47432
47440
47450
47458
47464
47465
47466
47468
47476
47497
47500
47501
47502
47504
47505
47507
47515
47518
47519
47520
47523
47528
47539
47540
47550
47551
47554
47555
47556
47557
47559
47560
47561
47565
47566
47567
47570
47600
47625
47628
47637
47642
47643
47647
47649
47700
47724
47725
47730
47731
47735
47736
47737
47750
47760
47762
47785
47790
47799
47806
47807
47808
47816
47817
47820
47826
47850
47851
47866
47871
47875
47880
47889
47908
47916
47920
47921
47930
47931
47945
47952
47953
47955
47956
47957
47959
47960
47961
47965
47966
47967
47970
47975
47980
47981
47985
47988
47990
47991
47995
48000
48001
48005
48010
48011
48015
48020
48024
48025
48026
48027
48033
48042
48043
48048
48049
48050
48051
48060
48065
48066
48068
48069
48070
48071
48072
48073
48075
48076
48078
48079
48082
48083
48085
48086
48087
48100
48101
48112
48113
48114
48118
48120
48125
48126
48129
48132
48139
48140
48150
48160
48168
48175
48177
48180
48181
48184
48185
48186
48195
48200
48201
48204
48213
48216
48217
48220
48221
48223
48225
48227
48230
48231
48235
48240
48250
48251
48256
48258
48265
48267
48294
48300
48301
48306
48321
48330
48348
48357
48375
48379
48380
48381
48384
48385
48389
48390
48397
48405
48407
48412
48419
48420
48433
48447
48474
48480
48481
48485
48488
48490
48503
48505
48510
48540
48541
48545
48550
48551
48552
48554
48555
48559
48560
48561
48564
48565
48569
48570
48575
48577
48585
48587
48590
48594
48595
48600
48601
48605
48610
48611
48612
48618
48621
48622
48625
48627
48630
48631
48635
48640
48641
48645
48650
48651
48655
48656
48657
48660
48670
48672
48680
48690
48691
48703
48704
48706
48709
48713
48717
48719
48720
48721
48723
48725
48726
48730
48734
48741
48750
48751
48755
48757
48760
48762
48767
48769
48776
48780
48790
48791
48793
48794
48795
48797
48798
48800
48801
48804
48805
48807
48810
48818
48825
48826
48840
48841
48843
48852
48863
48873
48881
48896
48897
48900
48912
48913
48924
48944
48950
48960
48970
48980
48985
49000
49005
49016
49017
49020
49021
49023
49024
49025
49032
49033
49077
49080
49082
49086
49089
49096
49121
49125
49126
49129
49130
49140
49141
49145
49147
49148
49150
49160
49161
49166
49170
49175
49191
49195
49198
49200
49201
49205
49206
49207
49208
49210
49211
49215
49220
49225
49241
49243
49247
49248
49249
49253
49258
49260
49261
49265
49270
49272
49273
49275
49280
49281
49282
49283
49284
49285
49286
49290
49291
49302
49312
49313
49320
49322
49324
49329
49330
49332
49334
49335
49340
49347
49350
49351
49354
49357
49360
49364
49365
49367
49374
49375
49382
49384
49385
49390
49392
49393
49395
49399
49400
49401
49410
49415
49416
49417
49425
49428
49434
49435
49436
49440
49441
49445
49446
49447
49450
49456
49457
49464
49465
49467
49476
49479
49480
49481
49482
49494
49495
49500
49501
49503
49504
49505
49506
49507
49516
49522
49523
49525
49531
49532
49540
49541
49545
49554
49560
49566
49570
49571
49572
49575
49580
49581
49584
49585
49588
49590
49591
49595
49600
49601
49605
49608
49610
49611
49614
49615
49616
49617
49620
49621
49623
49625
49626
49627
49630
49632
49633
49635
49640
49644
49645
49650
49651
49652
49653
49655
49656
49657
49660
49661
49662
49663
49665
49667
49670
49671
49674
49675
49680
49681
49685
49686
49687
49688
49689
49690
49692
49693
49695
49696
49697
49698
49699
49703
49707
49709
49710
49711
49715
49716
49720
49721
49724
49725
49726
49727
49728
49729
49730
49731
49735
49737
49739
49740
49741
49742
49743
49744
49745
49746
49747
49748
49749
49750
49754
49755
49756
49757
49758
49759
49760
49761
49762
49763
49765
49767
49769
49770
49773
49774
49775
49776
49777
49778
49779
49780
49783
49784
49785
49788
49793
49795
49797
49800
49801
49806
49808
49809
49811
49812
49815
49819
49820
49821
49824
49825
49827
49829
49830
49831
49832
49833
49835
49836
49842
49843
49845
49846
49847
49848
49849
49850
49851
49852
49853
49854
49855
49856
49857
49859
49860
49861
49862
49863
49864
49865
49866
49867
49868
49869
49871
49872
49877
49878
49880
49881
49882
49883
49884
49885
49887
49888
49889
49890
49893
49894
49895
49896
49900
49904
49905
49907
49910
49912
49913
49914
49915
49917
49920
49921
49922
49925
49928
49929
49932
49936
49937
49938
49939
49950
49951
49963
49966
49968
49969
49973
49977
49980
49981
49984
49985
49995
50000
50001
50015
50016
50017
50020
50022
50025
50026
50027
50030
50031
50035
50040
50041
50049
50050
50056
50057
50058
50064
50065
50071
50090
50094
50102
50103
50120
50121
50125
50127
50160
50161
50165
50169
50170
50176
50177
50180
50183
50184
50190
50201
50202
50205
50215
50220
50221
50225
50226
50232
50233
50239
50256
50257
50266
50267
50280
50288
50289
50293
50295
50303
50310
50337
50346
50381
50383
50386
50390
50393
50395
50400
50401
50405
50410
50414
50420
50424
50425
50430
50431
50432
50435
50440
50442
50443
50447
50448
50452
50453
50457
50459
50460
50461
50463
50464
50467
50468
50469
50471
50473
50475
50490
50496
50503
50504
50505
50507
50508
50512
50513
50517
50518
50519
50525
50539
50540
50544
50545
50547
50549
50550
50561
50562
50565
50570
50578
50580
50584
50585
50588
50595
50596
50600
50605
50616
50617
50624
50625
50631
50635
50640
50641
50645
50652
50677
50680
50681
50685
50688
50689
50699
50700
50705
50710
50711
50713
50715
50720
50721
50725
50730
50731
50735
50736
50737
50750
50751
50755
50758
50759
50760
50761
50765
50770
50771
50773
50775
50778
50783
50787
50796
50800
50801
50805
50820
50821
50832
50840
50841
50845
50850
50875
50879
50880
50881
50885
50890
50921
50922
50923
50925
50940
50955
50960
50961
50967
50976
50977
50981
50985
50988
50995
51000
51001
51005
51009
51016
51017
51020
51025
51030
51035
51040
51041
51045
51055
51058
51060
51061
51065
51069
51076
51080
51081
51083
51084
51085
51086
51087
51093
51094
51102
51111
51119
51120
51121
51123
51125
51128
51129
51133
51145
51151
51156
51161
51163
51164
51165
51168
51169
51173
51174
51175
51176
51180
51185
51187
51190
51197
51200
51208
51209
51210
51211
51212
51216
51217
51219
51220
51221
51225
51230
51232
51233
51240
51241
51245
51250
51251
51252
51255
51261
51262
51265
51269
51270
51273
51274
51275
51276
51277
51279
51280
51282
51286
51287
51296
51297
51300
51317
51318
51321
51324
51328
51329
51331
51332
51336
51341
51342
51344
51347
51351
51352
51353
51354
51357
51361
51363
51364
51368
51369
51373
51374
51375
51377
51379
51392
51393
51403
51404
51408
51409
51413
51414
51415
51425
51444
51448
51449
51460
51472
51473
51480
51481
51485
51495
51496
51497
51500
51501
51505
51507
51508
51510
51511
51516
51517
51518
51521
51537
51543
51545
51546
51552
51553
51570
51576
51577
51578
51579
51591
51597
51600
51601
51605
51615
51624
51625
51640
51641
51645
51650
51651
51655
51657
51660
51661
51665
51670
51671
51675
51678
51680
51681
51685
51688
51690
51696
51697
51708
51709
51714
51720
51721
51725
51735
51740
51742
51743
51744
51745
51748
51750
51754
51759
51760
51761
51764
51765
51768
51770
51775
51780
51787
51792
51797
51800
51804
51810
51815
51816
51820
51821
51822
51824
51825
51830
51831
51835
51840
51841
51845
51850
51851
51855
51856
51857
51858
51860
51863
51867
51870
51875
51880
51890
51894
51896
51897
51898
51900
51907
51908
51911
51914
51918
51920
51921
51924
51925
51928
51929
51930
51931
51934
51939
51940
51942
51944
51946
51947
51948
51952
51963
51964
51975
51978
51979
51981
51982
51984
51985
51986
51991
51992
51995
51996
51998
51999
52000
52001
52002
52005
52010
52011
52013
52014
52016
52017
52020
52025
52038
52070
52071
52074
52075
52076
52077
52078
52080
52081
52083
52085
52088
52090
52091
52092
52094
52095
52096
52097
52098
52099
52101
52102
52104
52105
52106
52107
52108
52109
52110
52111
52112
52125
52126
52127
52128
52139
52146
52148
52151
52154
52157
52158
52159
52161
52164
52167
52169
52171
52174
52189
52200
52206
52207
52208
52209
52224
52225
52230
52234
52235
52248
52249
52250
52261
52265
52272
52273
52275
52280
52283
52284
52288
52289
52290
52293
52294
52300
52316
52317
52325
52326
52328
52329
52331
52336
52350
52357
52360
52361
52365
52368
52369
52373
52389
52398
52399
52400
52401
52405
52410
52416
52452
52455
52456
52460
52470
52473
52477
52479
52480
52481
52483
52485
52487
52488
52489
52490
52500
52501
52505
52521
52525
52544
52545
52547
52557
52560
52562
52563
52567
52578
52598
52608
52614
52623
52625
52640
52641
52645
52650
52660
52663
52664
52665
52673
52675
52686
52699
52700
52705
52709
52710
52713
52727
52731
52744
52745
52750
52758
52767
52780
52794
52800
52801
52802
52803
52804
52809
52811
52825
52830
52850
52853
52859
52867
52868
52869
52871
52872
52875
52880
52881
52890
52891
52897
52900
52902
52903
52904
52905
52910
52911
52912
52913
52914
52917
52918
52919
52920
52921
52922
52923
52924
52925
52926
52927
52930
52931
52932
52933
52934
52935
52936
52937
52938
52939
52940
52943
52944
52945
52946
52947
52952
52953
52954
52955
52962
52965
52966
52967
52968
52969
52972
52973
52975
52977
52978
52979
52981
52982
52983
52984
52985
52986
52987
52988
52989
52990
52993
52994
52995
52996
52997
52998
52999
53000
53001
53002
53003
53007
53009
53011
53013
53016
53017
53018
53023
53025
53037
53040
53052
53053
53054
53055
53056
53057
53064
53074
53080
53081
53089
53091
53100
53109
53110
53111
53112
53113
53115
53116
53117
53120
53125
53126
53127
53129
53130
53133
53134
53136
53137
53139
53140
53142
53143
53144
53146
53147
53148
53149
53152
53157
53158
53160
53161
53162
53165
53167
53170
53174
53175
53180
53184
53186
53187
53192
53193
53200
53202
53203
53216
53217
53221
53225
53248
53250
53251
53262
53270
53280
53281
53285
53290
53295
53296
53298
53300
53301
53305
53306
53307
53310
53312
53313
53317
53319
53320
53325
53326
53330
53334
53336
53337
53340
53347
53350
53352
53357
53361
53372
53375
53376
53379
53382
53383
53385
53389
53392
53393
53396
53397
53400
53401
53403
53405
53406
53407
53410
53411
53417
53418
53424
53425
53426
53431
53438
53440
53441
53442
53445
53446
53448
53450
53452
53454
53460
53461
53462
53463
53464
53465
53466
53468
53470
53472
53473
53474
53475
53476
53477
53478
53480
53481
53482
53483
53484
53487
53488
53490
53491
53492
53493
53494
53496
53497
53498
53500
53501
53503
53504
53505
53506
53507
53508
53509
53510
53511
53512
53513
53515
53519
53520
53521
53522
53523
53525
53528
53529
53530
53535
53536
53543
53544
53546
53547
53548
53550
53551
53553
53555
53556
53557
53558
53560
53561
53563
53564
53565
53566
53568
53569
53570
53573
53574
53578
53599
53600
53601
53605
53606
53608
53609
53610
53611
53613
53616
53618
53620
53623
53625
53626
53627
53631
53632
53634
53635
53636
53640
53641
53642
53643
53645
53648
53650
53661
53662
53669
53681
53685
53690
53695
53701
53703
53704
53707
53708
53710
53711
53721
53724
53725
53730
53731
53736
53739
53745
53746
53748
53749
53750
53751
53752
53753
53755
53756
53758
53759
53760
53761
53762
53763
53765
53766
53767
53768
53769
53774
53775
53776
53777
53778
53780
53781
53784
53785
53787
53791
53793
53794
53795
53800
53801
53805
53807
53809
53810
53811
53813
53814
53815
53817
53820
53821
53823
53825
53827
53828
53829
53830
53838
53839
53840
53841
53845
53849
53850
53851
53856
53860
53861
53862
53865
53872
53874
53875
53910
53945
53946
53950
53951
53952
53953
53955
53956
53957
53961
53962
53963
53967
53975
53976
53977
54000
54001
54005
54010
54015
54025
54026
54033
54039
54040
54041
54045
54050
54054
54055
54061
54062
54068
54110
54111
54115
54120
54121
54125
54126
54130
54131
54135
54145
54162
54173
54175
54176
54180
54181
54185
54186
54187
54199
54200
54201
54205
54208
54210
54211
54225
54236
54240
54241
54243
54245
54250
54252
54270
54274
54275
54288
54289
54300
54309
54315
54316
54320
54325
54329
54335
54360
54365
54366
54367
54375
54376
54379
54380
54389
54390
54395
54400
54401
54417
54418
54425
54426
54427
54432
54434
54437
54450
54451
54475
54476
54480
54486
54494
54495
54496
54500
54501
54504
54516
54519
54523
54524
54529
54530
54531
54533
54535
54538
54539
54540
54544
54545
54549
54550
54570
54571
54576
54577
54578
54582
54583
54587
54588
54593
54595
54600
54601
54604
54609
54612
54614
54615
54619
54620
54625
54626
54627
54630
54637
54640
54643
54648
54649
54653
54655
54656
54660
54666
54675
54692
54694
54695
54705
54710
54715
54720
54721
54725
54730
54735
54738
54750
54751
54756
54760
54761
54770
54771
54774
54775
54777
54780
54782
54785
54787
54790
54791
54795
54800
54801
54803
54805
54807
54810
54811
54813
54815
54817
54818
54819
54820
54821
54823
54824
54825
54828
54830
54831
54833
54834
54835
54838
54840
54845
54846
54850
54851
54853
54855
54860
54864
54865
54870
54875
54882
54883
54890
54900
54901
54910
54911
54918
54931
54935
54936
54937
54940
54941
54945
54951
54954
54955
54959
54964
54967
54969
54977
54978
54979
54990
54993
54999
55001
55003
55004
55005
55008
55011
55013
55014
55015
55024
55025
55026
55029
55031
55035
55038
55039
55040
55044
55045
55049
55050
55055
55062
55064
55065
55070
55075
55076
55080
55085
55090
55098
55099
55100
55101
55104
55105
55108
55109
55110
55111
55115
55116
55120
55121
55125
55126
55131
55134
55135
55136
55139
55141
55143
55144
55145
55149
55150
55151
55152
55153
55155
55156
55170
55171
55175
55176
55177
55181
55184
55185
55186
55187
55188
55190
55191
55195
55200
55201
55203
55205
55210
55211
55213
55215
55220
55225
55227
55235
55250
55251
55256
55257
55260
55262
55263
55268
55270
55272
55273
55275
55276
55280
55281
55285
55286
55287
55291
55292
55293
55294
55295
55296
55297
55300
55301
55302
55303
55304
55305
55311
55312
55313
55314
55317
55318
55319
55320
55321
55322
55323
55324
55325
55326
55328
55329
55330
55331
55332
55333
55334
55335
55336
55337
55338
55339
55340
55341
55343
55344
55345
55347
55350
55351
55352
55353
55354
55355
55358
55359
55360
55361
55368
55375
55377
55380
55381
55385
55388
55399
55404
55405
55409
55410
55414
55415
55431
55440
55451
55453
55461
55466
55467
55470
55471
55476
55481
55485
55500
55503
55505
55507
55510
55513
55514
55515
55517
55520
55530
55535
55536
55537
55548
55550
55551
55552
55556
55561
55562
55566
55575
55584
55591
55593
55601
55602
55615
55620
55625
55626
55638
55640
55641
55647
55650
55656
55657
55664
55665
55674
55679
55681
55687
55688
55689
55692
55697
55699
55710
55723
55724
55728
55729
55733
55734
55743
55750
55751
55758
55759
55766
55768
55769
55771
55775
55776
55781
55782
55790
55791
55792
55800
55801
55809
55811
55818
55825
55828
55829
55845
55857
55859
55863
55869
55874
55875
55878
55879
55880
55890
55896
55900
55902
55908
55919
55930
55937
55940
55944
55962
55965
55975
55976
55980
55981
55985
55986
55990
55991
55995
55998
56000
56001
56005
56006
56007
56010
56011
56015
56016
56017
56018
56020
56025
56026
56034
56035
56036
56043
56047
56049
56050
56053
56056
56057
56059
56060
56061
56063
56065
56069
56070
56071
56075
56078
56079
56080
56081
56082
56083
56084
56085
56088
56089
56091
56093
56094
56095
56097
56098
56099
56101
56105
56111
56113
56114
56115
56117
56119
56121
56125
56127
56129
56131
56134
56142
56149
56150
56151
56154
56155
56159
56160
56161
56165
56166
56167
56169
56170
56171
56175
56178
56182
56186
56191
56196
56200
56201
56214
56225
56226
56236
56237
56238
56243
56250
56251
56253
56258
56259
56268
56275
56295
56304
56313
56320
56322
56340
56358
56375
56385
56391
56395
56410
56420
56423
56426
56427
56429
56430
56438
56439
56441
56448
56451
56455
56457
56470
56471
56475
56484
56498
56499
56500
56501
56502
56511
56520
56531
56535
56538
56551
56555
56563
56573
56574
56576
56577
56578
56579
56580
56581
56583
56585
56588
56590
56595
56598
56599
56602
56608
56610
56611
56615
56625
56630
56631
56635
56637
56644
56645
56660
56661
56672
56673
56680
56686
56693
56700
56707
56712
56736
56741
56742
56750
56751
56760
56761
56765
56772
56775
56776
56782
56783
56784
56790
56800
56801
56808
56809
56817
56823
56825
56826
56827
56832
56833
56848
56850
56851
56852
56855
56857
56861
56862
56865
56866
56867
56870
56875
56876
56877
56880
56885
56900
56907
56916
56925
56943
56950
56951
56952
56955
56960
56961
56965
56966
56970
56971
56972
56975
56980
56985
56990
56994
57000
57001
57015
57016
57017
57024
57025
57035
57039
57040
57042
57043
57046
57047
57049
57052
57053
57056
57057
57059
57060
57063
57064
57068
57071
57074
57075
57078
57080
57081
57095
57114
57115
57120
57125
57132
57148
57150
57155
57162
57178
57187
57195
57222
57223
57225
57226
57230
57232
57233
57240
57250
57251
57260
57263
57267
57270
57273
57276
57288
57300
57304
57305
57316
57317
57320
57325
57330
57335
57340
57344
57345
57348
57352
57366
57375
57384
57390
57391
57393
57395
57400
57401
57405
57410
57411
57415
57420
57425
57438
57456
57465
57470
57475
57490
57495
57500
57501
57505
57507
57510
57512
57513
57515
57517
57519
57523
57525
57533
57538
57539
57546
57547
57554
57557
57559
57561
57567
57568
57569
57571
57574
57575
57582
57589
57590
57595
57596
57600
57601
57605
57606
57607
57609
57610
57611
57615
57617
57618
57620
57621
57625
57627
57636
57640
57645
57646
57650
57651
57652
57655
57656
57658
57659
57660
57663
57664
57665
57668
57671
57672
57673
57674
57675
57680
57681
57683
57684
57685
57687
57690
57691
57693
57694
57695
57696
57697
57698
57699
57700
57703
57704
57706
57708
57711
57712
57713
57714
57715
57721
57722
57728
57729
57730
57731
57735
57736
57744
57746
57750
57752
57753
57754
57760
57761
57762
57770
57771
57775
57780
57784
57789
57794
57815
57816
57820
57825
57827
57829
57834
57835
57839
57840
57842
57843
57850
57851
57852
57855
57856
57860
57865
57870
57873
57875
57879
57883
57884
57886
57887
57890
57891
57895
57896
57897
57898
57904
57905
57906
57911
57912
57915
57918
57925
57927
57928
57932
57933
57934
57937
57938
57939
57940
57944
57946
57953
57954
57956
57960
57961
57963
57967
57968
57974
57975
57976
57984
57985
57988
57996
58000
58001
58014
58023
58025
58026
58032
58041
58044
58047
58050
58051
58058
58065
58075
58077
58080
58090
58095
58100
58110
58122
58125
58140
58176
58179
58201
58210
58211
58212
58215
58219
58220
58221
58225
58226
58230
58231
58235
58239
58240
58241
58248
58250
58260
58266
58272
58288
58289
58302
58303
58305
58310
58315
58320
58321
58325
58328
58329
58330
58331
58332
58335
58338
58353
58356
58363
58364
58368
58369
58373
58374
58375
58380
58384
58385
58400
58408
58409
58410
58411
58415
58416
58420
58421
58422
58432
58435
58448
58449
58459
58463
58464
58465
58469
58480
58481
58490
58497
58500
58510
58515
58518
58520
58521
58525
58536
58537
58543
58548
58549
58551
58553
58560
58565
58582
58590
58597
58599
58604
58608
58609
58611
58616
58617
58620
58625
58630
58633
58646
58650
58656
58662
58674
58675
58680
58681
58700
58717
58718
58725
58728
58734
58747
58748
58751
58752
58753
58757
58770
58779
58786
58788
58791
58794
58795
58806
58807
58814
58819
58821
58824
58825
58828
58829
58835
58842
58855
58860
58861
58865
58869
58878
58905
58911
58914
58920
58921
58930
58940
58950
58953
58959
58960
58963
58968
58971
58973
58986
59000
59001
59013
59015
59025
59030
59031
59035
59040
59041
59045
59049
59050
59051
59055
59058
59060
59072
59073
59075
59081
59098
59125
59130
59131
59140
59141
59143
59148
59150
59160
59176
59180
59191
59194
59200
59201
59208
59210
59211
59220
59225
59226
59230
59238
59247
59250
59256
59262
59274
59275
59285
59287
59297
59300
59301
59305
59323
59324
59325
59330
59332
59333
59334
59337
59348
59349
59358
59375
59380
59381
59385
59400
59401
59418
59422
59425
59430
59448
59450
59451
59469
59472
59475
59491
59492
59500
59501
59502
59503
59509
59511
59513
59514
59519
59521
59525
59526
59529
59532
59535
59538
59539
59540
59541
59542
59544
59545
59548
59549
59550
59551
59552
59553
59556
59561
59563
59573
59580
59584
59587
59588
59597
59598
59599
59609
59611
59616
59621
59631
59640
59659
59669
59675
59688
59696
59697
59703
59706
59710
59715
59735
59740
59741
59745
59750
59751
59753
59755
59760
59765
59766
59768
59770
59771
59775
59778
59780
59781
59785
59788
59791
59800
59801
59803
59805
59808
59841
59850
59853
59860
59861
59865
59868
59870
59871
59875
59878
59880
59881
59885
59888
59903
59904
59905
59914
59940
59943
59983
60000
60001
60003
60048
60049
60060
60102
60106
60107
60110
60120
60125
60130
60140
60147
60156
60157
60160
60161
60165
60175
60183
60186
60190
60192
60200
60201
60210
60214
60219
60225
60228
60237
60242
60247
60250
60259
60260
60264
60267
60269
60270
60271
60275
60277
60280
60282
60291
60300
60309
60320
60321
60326
60340
60346
60367
60371
60372
60375
60376
60377
60390
60400
60401
60415
60420
60424
60425
60426
60444
60450
60462
60465
60470
60475
60480
60481
60485
60490
60495
60498
60500
60507
60516
60517
60525
60540
60557
60570
60585
60588
60590
60598
60599
60600
60601
60606
60610
60616
60617
60625
60640
60641
60645
60657
60660
60673
60680
60681
60690
60697
60706
60710
60720
60725
60735
60740
60746
60750
60760
60775
60783
60785
60790
60793
60795
60800
60801
60805
60810
60816
60817
60839
60840
60844
60845
60850
60859
60864
60869
60875
60880
60881
60882
60885
60886
60890
60895
60906
60910
60913
60927
60928
60930
60944
60945
60950
60951
60955
60960
60961
60965
60970
60971
60975
60980
60984
60985
61000
61001
61005
61009
61016
61017
61025
61030
61031
61033
61035
61040
61041
61045
61048
61050
61051
61055
61056
61057
61060
61061
61064
61065
61070
61071
61074
61075
61080
61081
61085
61086
61088
61089
61090
61091
61092
61095
61102
61103
61105
61106
61110
61111
61115
61116
61119
61120
61121
61123
61124
61125
61126
61128
61129
61130
61131
61133
61134
61135
61136
61137
61138
61140
61141
61142
61145
61146
61147
61148
61149
61150
61151
61152
61154
61155
61156
61157
61159
61160
61161
61165
61166
61168
61169
61170
61171
61175
61176
61180
61181
61184
61185
61190
61191
61193
61195
61198
61199
61200
61201
61205
61210
61211
61215
61216
61217
61224
61225
61226
61231
61236
61240
61241
61245
61250
61251
61254
61255
61270
61271
61272
61275
61280
61281
61285
61290
61291
61295
61300
61308
61313
61326
61329
61334
61337
61344
61345
61360
61361
61362
61365
61370
61398
61400
61401
61411
61412
61415
61416
61418
61419
61420
61425
61431
61435
61440
61441
61445
61479
61483
61493
61500
61501
61511
61516
61521
61525
61542
61552
61553
61560
61569
61570
61571
61575
61576
61578
61586
61594
61596
61600
61601
61605
61620
61625
61632
61636
61646
61650
61659
61660
61668
61669
61670
61672
61675
61680
61698
61700
61722
61740
61746
61747
61761
61765
61768
61769
61775
61776
61793
61795
61800
61803
61805
61808
61809
61812
61817
61818
61820
61824
61825
61828
61829
61830
61831
61832
61835
61838
61840
61841
61845
61852
61857
61859
61860
61866
61868
61872
61873
61875
61876
61879
61880
61881
61882
61883
61884
61887
61889
61890
61893
61902
61910
61911
61914
61915
61920
61925
61931
61938
61947
61950
61951
61961
61967
61974
61975
61982
61985
61987
61989
61992
61993
61995
61997
61999
62000
62001
62002
62005
62010
62011
62016
62017
62021
62022
62023
62025
62026
62033
62037
62046
62050
62059
62062
62067
62069
62074
62075
62080
62081
62082
62085
62090
62100
62101
62110
62111
62118
62120
62125
62127
62132
62154
62156
62157
62163
62167
62168
62169
62172
62175
62177
62180
62181
62190
62200
62201
62203
62204
62205
62208
62209
62211
62213
62214
62215
62225
62235
62238
62239
62241
62244
62245
62248
62249
62250
62251
62253
62256
62260
62261
62262
62270
62271
62275
62280
62281
62285
62289
62290
62291
62295
62298
62300
62310
62313
62315
62316
62317
62320
62321
62322
62323
62325
62326
62327
62328
62329
62330
62334
62335
62338
62345
62350
62351
62352
62355
62360
62361
62365
62370
62371
62375
62376
62380
62397
62398
62400
62401
62402
62403
62405
62406
62407
62408
62410
62411
62421
62425
62426
62431
62442
62450
62460
62475
62476
62479
62480
62484
62485
62489
62490
62491
62496
62499
62500
62501
62520
62523
62524
62525
62541
62542
62550
62556
62557
62559
62560
62561
62562
62563
62564
62569
62570
62571
62572
62573
62574
62576
62577
62580
62582
62586
62588
62589
62591
62592
62595
62600
62601
62607
62612
62613
62622
62623
62624
62625
62627
62628
62631
62632
62633
62634
62637
62638
62639
62640
62641
62642
62643
62644
62645
62646
62647
62649
62650
62651
62652
62653
62654
62655
62656
62657
62658
62659
62660
62663
62664
62665
62666
62667
62670
62672
62673
62674
62675
62676
62679
62689
62694
62699
62700
62705
62706
62708
62709
62713
62720
62721
62723
62724
62725
62726
62727
62728
62730
62731
62733
62734
62735
62736
62737
62738
62739
62740
62741
62748
62755
62756
62760
62763
62769
62771
62773
62774
62775
62780
62781
62783
62785
62790
62795
62799
62800
62807
62808
62809
62811
62812
62813
62817
62818
62820
62823
62825
62826
62827
62831
62836
62839
62842
62847
62848
62853
62857
62858
62860
62874
62875
62881
62889
62890
62892
62894
62895
62899
62900
62914
62923
62933
62944
62975
62976
62977
62986
62997
63000
63001
63025
63030
63040
63049
63050
63058
63059
63063
63075
63080
63085
63090
63110
63120
63125
63130
63140
63141
63145
63150
63151
63158
63163
63168
63175
63180
63185
63196
63210
63217
63218
63222
63223
63225
63240
63241
63246
63248
63249
63250
63251
63270
63275
63287
63288
63289
63294
63299
63304
63305
63315
63319
63322
63324
63326
63332
63334
63336
63339
63352
63354
63360
63361
63365
63377
63386
63387
63388
63392
63393
63395
63397
63400
63401
63402
63403
63404
63405
63406
63407
63408
63409
63410
63414
63415
63416
63417
63418
63419
63420
63421
63422
63423
63425
63427
63429
63436
63437
63438
63444
63450
63454
63468
63469
63470
63472
63485
63488
63490
63492
63495
63498
63500
63502
63504
63505
63520
63525
63526
63537
63545
63546
63550
63551
63552
63555
63556
63558
63573
63575
63576
63578
63581
63583
63600
63627
63628
63637
63638
63640
63648
63649
63656
63661
63666
63674
63675
63679
63680
63685
63686
63690
63695
63700
63705
63710
63714
63715
63720
63721
63725
63735
63744
63750
63751
63755
63756
63760
63780
63785
63792
63801
63825
63827
63840
63855
63860
63865
63875
63878
63879
63888
63889
63900
63909
63910
63920
63925
63929
63936
63945
63960
63961
63965
63973
63975
63976
63993
64000
64001
64003
64011
64013
64014
64015
64020
64025
64026
64027
64031
64032
64033
64035
64037
64040
64041
64042
64043
64046
64050
64051
64053
64054
64056
64058
64059
64061
64062
64068
64070
64072
64073
64076
64080
64084
64085
64086
64090
64091
64095
64099
64100
64101
64103
64104
64106
64107
64109
64110
64112
64113
64114
64115
64116
64117
64118
64119
64120
64123
64124
64125
64126
64127
64128
64129
64132
64134
64135
64136
64138
64139
64140
64141
64142
64143
64145
64147
64148
64149
64150
64151
64152
64154
64155
64157
64159
64160
64161
64166
64167
64168
64170
64171
64174
64176
64181
64183
64185
64186
64195
64196
64197
64198
64199
64200
64201
64202
64205
64206
64208
64211
64214
64215
64216
64217
64218
64219
64225
64230
64231
64235
64237
64238
64240
64241
64242
64244
64250
64251
64260
64265
64267
64277
64280
64287
64288
64300
64306
64307
64314
64320
64321
64325
64330
64341
64342
64350
64358
64368
64372
64377
64380
64400
64401
64403
64413
64416
64425
64428
64440
64448
64449
64450
64451
64455
64480
64488
64493
64500
64501
64503
64506
64507
64512
64513
64519
64548
64550
64560
64575
64584
64595
64600
64605
64610
64611
64615
64616
64617
64620
64625
64635
64638
64657
64668
64670
64680
64685
64688
64698
64699
64700
64706
64713
64740
64750
64770
64775
64780
64781
64785
64790
64800
64801
64805
64810
64823
64825
64836
64845
64850
64854
64855
64865
64880
64896
64897
64906
64922
64925
64926
64930
64935
64939
64944
64945
64949
64950
64952
64953
64955
64971
64974
64975
64980
65000
65001
65011
65015
65016
65021
65025
65034
65035
65052
65091
65092
65100
65101
65102
65106
65110
65120
65121
65125
65190
65191
65195
65196
65205
65232
65250
65260
65280
65281
65285
65329
65333
65334
65338
65340
65355
65360
65365
65382
65399
65401
65404
65412
65422
65425
65436
65437
65441
65445
65455
65460
65478
65487
65500
65503
65505
65510
65513
65515
65520
65521
65525
65527
65530
65535
65536
65537
65550
65559
65570
65574
65575
65580
65590
65591
65595
65600
65601
65605
65610
65611
65615
65619
65620
65625
65626
65650
65659
65664
65669
65679
65680
65681
65682
65683
65685
65695
65700
65705
65709
65736
65754
65760
65761
65765
65767
65772
65777
65785
65790
65793
65795
65800
65808
65815
65816
65817
65820
65853
65875
65880
65881
65885
65886
65887
65892
65895
65904
65915
65916
65921
65925
65926
65927
65934
65942
65943
65952
65960
65961
65985
66000
66001
66005
66006
66010
66011
66015
66016
66017
66020
66021
66025
66066
66091
66092
66093
66096
66097
66101
66112
66115
66118
66120
66121
66125
66135
66144
66145
66147
66150
66151
66160
66161
66165
66168
66175
66176
66177
66184
66185
66186
66195
66200
66201
66202
66203
66204
66205
66206
66207
66208
66209
66211
66212
66213
66214
66215
66216
66217
66219
66221
66223
66225
66233
66234
66240
66241
66243
66245
66248
66249
66250
66251
66253
66255
66258
66270
66276
66280
66281
66285
66296
66297
66303
66309
66313
66327
66329
66330
66331
66332
66333
66334
66336
66337
66339
66340
66341
66342
66344
66345
66350
66354
66357
66361
66375
66376
66377
66381
66385
66390
66400
66402
66410
66413
66420
66421
66425
66428
66429
66430
66438
66440
66456
66460
66461
66465
66486
66500
66501
66504
66505
66510
66528
66529
66561
66570
66575
66586
66600
66602
66609
66617
66618
66625
66627
66640
66641
66645
66672
66673
66720
66721
66725
66732
66739
66742
66747
66748
66749
66750
66751
66757
66758
66767
66775
66780
66794
66800
66801
66805
66815
66822
66825
66830
66831
66835
66872
66875
66879
66880
66887
66888
66897
66898
66906
66960
66961
66965
66976
66987
66988
67000
67001
67025
67041
67050
67051
67057
67067
67068
67075
67100
67137
67158
67159
67165
67175
67176
67194
67200
67201
67204
67205
67215
67216
67217
67225
67226
67230
67232
67248
67249
67250
67251
67260
67270
67275
67300
67302
67305
67306
67317
67318
67319
67320
67325
67327
67328
67329
67340
67350
67351
67375
67387
67392
67397
67399
67400
67401
67408
67409
67410
67419
67425
67473
67482
67500
67522
67547
67554
67562
67563
67568
67569
67572
67599
67600
67601
67625
67626
67645
67650
67651
67655
67675
67680
67699
67709
67711
67716
67721
67725
67727
67775
67800
67806
67825
67840
67860
67881
67886
67907
67908
67941
67945
67960
67961
67965
67973
67977
67980
67988
67989
67998
68000
68001
68019
68020
68021
68025
68030
68031
68035
68040
68041
68045
68050
68051
68055
68060
68061
68065
68070
68097
68120
68121
68125
68160
68161
68165
68180
68187
68193
68220
68224
68225
68241
68245
68250
68251
68275
68280
68288
68292
68300
68301
68302
68303
68305
68307
68311
68312
68313
68325
68336
68337
68345
68347
68348
68355
68357
68358
68359
68365
68369
68376
68377
68383
68390
68392
68393
68400
68401
68405
68410
68418
68425
68436
68448
68449
68460
68461
68465
68470
68471
68472
68475
68476
68479
68480
68481
68485
68490
68497
68500
68508
68509
68519
68525
68526
68541
68547
68552
68553
68557
68562
68563
68580
68596
68597
68607
68614
68616
68625
68628
68640
68641
68642
68643
68645
68660
68670
68675
68680
68688
68689
68697
68700
68705
68706
68715
68721
68724
68725
68729
68741
68745
68750
68751
68755
68760
68761
68762
68764
68765
68769
68770
68774
68775
68777
68778
68780
68783
68784
68785
68790
68791
68794
68795
68796
68797
68798
68800
68801
68805
68810
68811
68812
68814
68815
68816
68817
68820
68821
68825
68835
68840
68850
68860
68865
68866
68868
68870
68871
68875
68876
68877
68880
68881
68885
68886
68887
68890
68891
68895
68896
68897
68900
68901
68904
68905
68910
68915
68920
68925
68926
68930
68935
68940
68941
68945
68950
68951
68955
68960
68965
68970
68971
68975
68976
68977
68980
68985
68990
68992
68993
68995
69000
69001
69003
69005
69006
69010
69012
69015
69020
69030
69040
69041
69045
69056
69060
69061
69065
69066
69068
69070
69071
69075
69080
69081
69083
69084
69085
69090
69091
69093
69095
69100
69105
69106
69108
69109
69110
69111
69115
69116
69118
69120
69121
69125
69126
69130
69131
69133
69134
69135
69136
69140
69143
69145
69150
69151
69153
69155
69157
69160
69161
69163
69165
69167
69170
69171
69175
69176
69177
69180
69181
69185
69190
69191
69195
69198
69200
69201
69205
69210
69211
69212
69220
69221
69222
69240
69241
69245
69246
69255
69256
69257
69264
69275
69276
69280
69281
69282
69285
69290
69291
69295
69300
69301
69305
69315
69325
69326
69333
69344
69350
69355
69361
69365
69372
69375
69380
69388
69400
69425
69426
69430
69432
69435
69445
69450
69454
69455
69456
69457
69468
69469
69480
69482
69489
69500
69519
69520
69521
69525
69529
69545
69550
69552
69559
69570
69575
69580
69597
69600
69601
69605
69606
69608
69615
69623
69625
69633
69654
69660
69700
69701
69705
69706
69710
69715
69720
69725
69730
69735
69741
69750
69768
69780
69786
69804
69836
69840
69859
69860
69861
69865
69869
69870
69871
69875
69876
69881
69888
69889
69914
69930
69939
69975
69979
69984
69985
69986
69989
69992
70000
70001
70016
70017
70020
70024
70025
70029
70035
70036
70040
70041
70045
70046
70056
70057
70059
70060
70070
70080
70110
70111
70115
70120
70121
70125
70126
70135
70142
70145
70175
70181
70190
70191
70195
70200
70201
70205
70210
70211
70215
70225
70227
70228
70274
70275
70280
70281
70285
70290
70291
70295
70301
70308
70311
70346
70356
70357
70380
70422
70425
70434
70438
70439
70447
70457
70473
70477
70479
70490
70500
70501
70505
70510
70512
70515
70520
70521
70525
70527
70535
70537
70546
70550
70554
70560
70561
70565
70570
70587
70602
70603
70604
70614
70616
70625
70650
70656
70657
70664
70672
70673
70688
70711
70721
70725
70726
70730
70731
70735
70750
70818
70839
70840
70843
70844
70853
70854
70855
70865
70875
70890
70891
70895
70930
70931
70935
70965
70975
70980
70985
71000
71001
71008
71009
71014
71015
71016
71017
71024
71025
71032
71040
71041
71045
71050
71051
71055
71064
71065
71071
71075
71100
71122
71123
71125
71131
71148
71154
71162
71176
71177
71190
71199
71208
71214
71217
71220
71240
71251
71253
71258
71259
71280
71281
71285
71297
71300
71303
71307
71316
71325
71331
71337
71340
71341
71344
71375
71392
71393
71400
71417
71425
71427
71428
71442
71456
71457
71463
71482
71488
71489
71492
71497
71500
71501
71511
71514
71520
71521
71525
71528
71529
71530
71543
71550
71552
71563
71564
71573
71574
71592
71593
71600
71601
71604
71605
71608
71609
71610
71625
71632
71633
71642
71648
71649
71657
71670
71671
71675
71680
71681
71682
71683
71685
71690
71691
71693
71695
71700
71707
71712
71713
71717
71720
71721
71736
71737
71740
71741
71744
71745
71750
71751
71755
71756
71757
71760
71761
71765
71766
71767
71768
71769
71770
71771
71772
71775
71781
71782
71783
71784
71785
71786
71789
71790
71795
71796
71799
71800
71801
71802
71803
71804
71813
71814
71816
71817
71818
71819
71820
71821
71825
71829
71830
71831
71833
71840
71841
71845
71848
71849
71850
71857
71864
71865
71872
71873
71875
71880
71882
71885
71890
71891
71900
71904
71905
71914
71915
71936
71937
71952
71953
71955
71975
71976
71977
71985
71992
71993
72000
72001
72005
72008
72009
72011
72012
72015
72016
72017
72018
72021
72022
72025
72036
72044
72056
72057
72072
72073
72080
72081
72085
72088
72089
72094
72096
72097
72098
72100
72125
72126
72127
72128
72129
72150
72151
72155
72160
72161
72165
72170
72171
72175
72192
72193
72198
72202
72212
72225
72240
72241
72243
72245
72252
72256
72257
72275
72303
72310
72311
72319
72320
72321
72324
72325
72329
72330
72331
72332
72345
72349
72355
72360
72361
72365
72375
72396
72408
72414
72420
72423
72426
72430
72436
72440
72443
72445
72450
72455
72458
72471
72472
72486
72488
72489
72500
72501
72504
72505
72520
72525
72540
72556
72558
72569
72570
72571
72575
72576
72577
72581
72583
72600
72611
72612
72615
72618
72625
72635
72654
72664
72666
72693
72695
72702
72720
72721
72725
72732
72734
72735
72740
72756
72771
72772
72775
72776
72777
72780
72781
72782
72785
72790
72791
72795
72800
72801
72805
72810
72813
72815
72816
72817
72825
72830
72840
72850
72859
72860
72864
72869
72875
72890
72898
72899
72900
72910
72912
72913
72918
72936
72955
72960
72961
72965
72975
72979
73000
73001
73008
73020
73025
73040
73044
73060
73062
73063
73078
73079
73080
73087
73088
73089
73093
73094
73095
73096
73097
73098
73099
73100
73101
73102
73106
73107
73108
73109
73110
73111
73112
73113
73114
73115
73119
73120
73121
73125
73128
73129
73130
73145
73148
73150
73151
73155
73158
73159
73164
73169
73193
73200
73201
73205
73206
73211
73224
73226
73227
73229
73260
73272
73273
73289
73303
73304
73305
73310
73313
73314
73315
73320
73321
73324
73330
73332
73334
73338
73344
73345
73346
73350
73355
73356
73365
73366
73369
73372
73375
73400
73401
73440
73450
73455
73465
73466
73467
73468
73469
73470
73471
73473
73475
73476
73477
73478
73479
73480
73481
73485
73486
73490
73496
73497
73501
73530
73531
73532
73541
73542
73543
73553
73563
73576
73577
73584
73585
73593
73595
73597
73603
73604
73605
73607
73620
73621
73625
73629
73631
73632
73633
73641
73642
73643
73667
73692
73700
73705
73706
73710
73718
73719
73720
73725
73726
73728
73730
73750
73787
73790
73800
73801
73805
73810
73836
73869
73872
73875
73882
73883
73892
73920
73925
73944
73945
73946
73950
73951
73953
73955
73980
74000
74001
74025
74043
74046
74047
74052
74074
74115
74119
74125
74142
74155
74160
74161
74165
74175
74196
74197
74202
74203
74205
74207
74210
74211
74232
74233
74250
74251
74256
74268
74286
74304
74340
74358
74361
74363
74365
74370
74371
74373
74374
74375
74376
74385
74394
74412
74415
74420
74421
74425
74427
74430
74431
74435
74439
74440
74441
74445
74449
74455
74460
74475
74481
74484
74485
74490
74491
74493
74495
74501
74505
74510
74511
74520
74521
74529
74530
74535
74539
74567
74577
74580
74583
74592
74593
74610
74615
74616
74617
74620
74621
74623
74625
74626
74627
74628
74633
74636
74651
74654
74658
74664
74668
74671
74673
74675
74686
74700
74718
74725
74731
74732
74733
74736
74737
74741
74742
74743
74745
74750
74751
74753
74755
74760
74769
74772
74775
74778
74779
74780
74781
74782
74783
74784
74785
74788
74789
74790
74791
74792
74796
74800
74801
74802
74820
74821
74827
74828
74829
74833
74837
74838
74839
74844
74849
74875
74880
74881
74885
74907
74925
74940
74949
74970
74979
74989
74997
75000
75001
75006
75027
75030
75031
75042
75060
75072
75073
75089
75106
75115
75125
75128
75143
75146
75150
75156
75160
75161
75163
75166
75171
75178
75186
75194
75195
75200
75222
75240
75250
75257
75258
75263
75281
75325
75330
75348
75375
75383
75391
75401
75406
75446
75477
75492
75505
75520
75525
75530
75535
75540
75575
75591
75595
75600
75601
75605
75610
75618
75625
75636
75643
75651
75653
75654
75672
75675
75680
75681
75685
75691
75696
75701
75712
75723
75739
75746
75749
75750
75751
75762
75768
75769
75775
75780
75789
75825
75834
75840
75841
75843
75845
75850
75851
75854
75855
75858
75859
75868
75875
75894
75895
75900
75920
75922
75945
75956
75975
75976
75985
75990
75993
76000
76001
76005
76008
76009
76016
76017
76018
76025
76026
76030
76036
76046
76050
76051
76055
76075
76076
76080
76086
76100
76109
76111
76125
76126
76140
76150
76160
76161
76170
76177
76200
76220
76228
76230
76240
76250
76251
76254
76255
76260
76269
76270
76272
76275
76276
76279
76280
76282
76286
76289
76290
76300
76301
76304
76305
76308
76310
76311
76315
76318
76320
76326
76329
76330
76331
76335
76336
76340
76341
76342
76343
76351
76355
76356
76360
76361
76365
76369
76380
76381
76383
76385
76386
76390
76391
76392
76393
76395
76396
76398
76399
76400
76401
76402
76403
76404
76405
76407
76408
76409
76410
76411
76412
76413
76414
76415
76416
76417
76418
76420
76421
76423
76424
76425
76426
76427
76428
76429
76430
76431
76432
76433
76434
76435
76436
76437
76438
76439
76440
76441
76443
76445
76446
76447
76448
76449
76453
76455
76460
76461
76465
76470
76471
76475
76480
76481
76482
76489
76490
76491
76492
76493
76495
76497
76499
76500
76501
76505
76510
76511
76512
76515
76520
76522
76525
76535
76545
76555
76560
76570
76571
76575
76580
76589
76590
76592
76599
76600
76601
76602
76608
76610
76615
76626
76629
76635
76636
76644
76660
76661
76680
76699
76700
76704
76706
76713
76716
76729
76734
76739
76749
76753
76755
76762
76769
76770
76775
76800
76801
76804
76805
76820
76821
76825
76850
76860
76869
76875
76878
76896
76910
76911
76912
76917
76920
76921
76923
76930
76940
76950
76986
77000
77001
77004
77021
77040
77112
77125
77160
77161
77166
77168
77175
77193
77203
77220
77230
77231
77235
77240
77248
77273
77274
77280
77281
77285
77287
77310
77315
77320
77325
77326
77345
77350
77355
77375
77400
77418
77469
77480
77490
77491
77495
77500
77501
77520
77521
77525
77550
77570
77580
77590
77598
77600
77616
77625
77644
77651
77652
77670
77675
77679
77688
77700
77705
77709
77714
77715
77719
77725
77733
77734
77735
77739
77743
77744
77745
77750
77751
77755
77760
77761
77765
77770
77775
77795
77796
77805
77815
77819
77820
77823
77824
77825
77827
77837
77843
77850
77858
77859
77863
77868
77873
77875
77876
77880
77885
77886
77888
77891
77895
77900
77901
77906
77907
77910
77911
77913
77916
77917
77918
77920
77925
77926
77928
77929
77936
77940
77943
77945
77950
77958
77959
77968
77982
77983
78000
78001
78005
78025
78050
78051
78057
78060
78075
78078
78082
78120
78125
78138
78144
78147
78150
78151
78175
78210
78211
78225
78230
78246
78250
78260
78261
78262
78280
78281
78285
78298
78300
78301
78303
78308
78310
78311
78325
78336
78337
78350
78353
78356
78360
78375
78376
78386
78393
78400
78407
78417
78425
78435
78442
78448
78449
78480
78489
78490
78500
78501
78561
78575
78624
78625
78660
78715
78716
78720
78725
78726
78727
78737
78750
78768
78786
78792
78800
78806
78813
78814
78817
78819
78824
78825
78840
78843
78848
78849
78850
78859
78875
78885
78894
78925
78944
78965
78975
78983
78985
78988
78993
78997
79000
79001
79007
79020
79040
79041
79065
79066
79099
79109
79125
79130
79131
79144
79157
79163
79170
79175
79200
79205
79218
79220
79221
79225
79230
79250
79254
79264
79265
79268
79269
79275
79294
79295
79338
79344
79347
79352
79357
79365
79370
79380
79387
79388
79390
79392
79393
79396
79397
79398
79403
79408
79413
79416
79424
79452
79459
79475
79479
79483
79488
79489
79493
79500
79506
79534
79542
79552
79560
79578
79611
79614
79623
79625
79650
79675
79680
79681
79685
79699
79709
79716
79740
79750
79751
79775
79794
79872
79875
79884
79893
79898
79903
79920
79926
79931
79943
79944
79947
79950
79951
79958
79959
79968
79969
79975
79985
80000
80001
80010
80016
80017
80025
80028
80064
80070
80071
80080
80090
80095
80100
80106
80115
80118
80124
80125
80133
80134
80135
80136
80143
80150
80151
80175
80190
80206
80220
80237
80252
80255
80256
80257
80259
80261
80262
80265
80267
80269
80272
80280
80287
80316
80322
80325
80326
80335
80340
80345
80350
80352
80360
80361
80365
80370
80375
80388
80400
80424
80444
80450
80460
80469
80470
80496
80497
80500
80509
80514
80519
80540
80541
80545
80550
80555
80559
80560
80561
80565
80575
80580
80586
80604
80607
80621
80622
80625
80626
80630
80631
80635
80640
80645
80650
80652
80655
80656
80657
80676
80685
80700
80703
80712
80720
80721
80725
80730
80735
80739
80740
80741
80743
80748
80750
80753
80756
80757
80759
80761
80763
80766
80767
80769
80771
80773
80775
80776
80777
80779
80789
80791
80792
80793
80795
80797
80799
80805
80807
80808
80809
80810
80812
80820
80827
80829
80830
80833
80843
80847
80850
80856
80892
80910
80925
80928
80931
80935
80946
80948
80964
80973
80975
80982
80985
80990
80991
80993
80995
81000
81003
81008
81009
81010
81013
81016
81017
81018
81023
81029
81042
81047
81049
81059
81063
81090
81099
81108
81144
81152
81167
81170
81172
81177
81180
81190
81191
81200
81201
81205
81216
81252
81270
81288
81313
81315
81329
81340
81344
81347
81349
81351
81354
81357
81359
81360
81361
81364
81379
81405
81411
81476
81508
81509
81510
81511
81512
81515
81519
81521
81522
81525
81526
81527
81528
81529
81530
81531
81532
81533
81534
81536
81538
81539
81540
81541
81542
81543
81544
81545
81546
81547
81551
81552
81553
81560
81561
81562
81590
81591
81595
81596
81600
81601
81605
81617
81641
81648
81655
81660
81661
81684
81693
81700
81708
81711
81713
81715
81718
81720
81721
81723
81725
81728
81743
81744
81774
81795
81840
81873
81874
81890
81895
81900
81901
81905
81910
81918
81920
81936
81972
82000
82001
82004
82025
82026
82062
82075
82076
82077
82080
82081
82082
82083
82085
82087
82095
82100
82101
82116
82125
82126
82150
82159
82160
82161
82175
82200
82205
82210
82215
82220
82225
82250
82251
82260
82264
82275
82296
82320
82332
82350
82351
82355
82360
82361
82365
82368
82393
82400
82401
82405
82408
82409
82416
82418
82422
82440
82441
82445
82446
82450
82451
82460
82485
82490
82493
82500
82507
82508
82509
82512
82517
82518
82520
82525
82530
82533
82535
82536
82548
82560
82561
82575
82585
82602
82608
82620
82623
82628
82632
82633
82639
82640
82641
82650
82653
82657
82683
82688
82689
82690
82691
82692
82695
82700
82701
82704
82705
82710
82711
82715
82720
82721
82723
82725
82728
82730
82731
82733
82735
82738
82739
82740
82741
82747
82748
82749
82750
82753
82754
82755
82756
82757
82758
82759
82760
82761
82762
82763
82764
82765
82766
82767
82768
82769
82770
82771
82772
82773
82774
82775
82776
82779
82780
82781
82782
82785
82788
82789
82790
82791
82795
82800
82801
82803
82805
82807
82810
82811
82813
82815
82817
82820
82824
82825
82835
82869
82889
82890
82896
82899
82900
82908
82916
82931
82932
82938
82941
82944
82945
82948
82985
82987
82992
82997
83008
83025
83026
83050
83070
83083
83160
83169
83170
83171
83174
83175
83179
83180
83230
83232
83250
83275
83276
83291
83292
83300
83301
83325
83326
83328
83330
83331
83335
83340
83349
83350
83351
83352
83356
83361
83362
83375
83400
83421
83422
83425
83426
83500
83501
83511
83527
83528
83538
83575
83600
83601
83605
83625
83628
83640
83641
83645
83650
83688
83700
83710
83715
83720
83725
83730
83776
83875
83902
83904
83905
83916
83930
83941
83942
83952
83969
83974
83975
84000
84001
84018
84020
84024
84025
84026
84030
84034
84037
84040
84041
84042
84044
84047
84048
84050
84051
84054
84058
84061
84068
84075
84076
84078
84079
84084
84089
84125
84128
84132
84133
84150
84161
84168
84214
84240
84241
84245
84250
84266
84280
84286
84287
84303
84326
84354
84355
84364
84371
84378
84388
84420
84422
84423
84435
84439
84448
84456
84460
84461
84465
84480
84481
84485
84500
84501
84524
84540
84564
84600
84601
84625
84630
84656
84657
84660
84665
84672
84679
84706
84720
84750
84812
84816
84994
85000
85001
85050
85063
85075
85076
85100
85116
85117
85125
85140
85158
85200
85225
85239
85250
85251
85254
85260
85261
85265
85272
85280
85281
85285
85290
85320
85353
85358
85360
85363
85375
85384
85385
85400
85401
85405
85410
85440
85441
85445
85455
85456
85457
85463
85470
85471
85488
85500
85512
85513
85518
85519
85526
85527
85536
85537
85540
85561
85562
85568
85569
85575
85576
85582
85602
85608
85616
85617
85624
85625
85631
85632
85633
85656
85657
85675
85680
85681
85687
85690
85691
85692
85701
85702
85736
85737
85750
85775
85776
85777
85844
85859
85862
85866
85869
85872
85876
85877
85879
85894
85901
85904
85925
85932
85936
85937
85950
85975
85976
85977
85995
86000
86001
86002
86005
86011
86012
86021
86022
86023
86025
86026
86030
86032
86033
86050
86056
86057
86072
86073
86086
86090
86091
86093
86095
86096
86097
86100
86101
86103
86105
86107
86108
86109
86110
86111
86113
86115
86117
86118
86125
86135
86146
86150
86152
86153
86154
86156
86175
86176
86200
86201
86205
86215
86219
86224
86225
86226
86230
86240
86250
86258
86260
86261
86265
86268
86269
86273
86274
86283
86295
86300
86301
86305
86306
86310
86315
86320
86325
86331
86345
86346
86350
86355
86375
86376
86400
86401
86422
86436
86439
86441
86445
86450
86457
86471
86475
86485
86486
86490
86491
86495
86499
86503
86505
86506
86510
86511
86515
86516
86518
86519
86520
86523
86525
86526
86527
86528
86530
86531
86533
86534
86535
86536
86537
86538
86539
86540
86543
86545
86548
86550
86551
86553
86554
86555
86556
86563
86565
86566
86569
86570
86571
86575
86576
86577
86580
86585
86586
86590
86600
86601
86602
86603
86605
86610
86615
86617
86618
86620
86625
86632
86633
86634
86635
86643
86658
86688
86689
86695
86696
86700
86702
86736
86737
86751
86765
86766
86770
86772
86773
86779
86789
86798
86800
86801
86805
86813
86814
86817
86823
86832
86835
86836
86840
86845
86846
86850
86860
86895
86920
86921
86925
86927
86930
86931
86935
86937
86940
86944
86975
87000
87002
87003
87025
87040
87050
87075
87120
87125
87126
87140
87150
87153
87160
87225
87240
87248
87249
87250
87262
87265
87275
87285
87295
87318
87320
87330
87331
87335
87340
87345
87349
87360
87403
87407
87408
87409
87413
87417
87418
87419
87430
87462
87480
87489
87494
87495
87499
87500
87501
87552
87561
87570
87571
87588
87625
87657
87662
87663
87664
87689
87691
87692
87693
87696
87699
87701
87702
87703
87720
87728
87737
87750
87751
87755
87768
87780
87781
87785
87801
87822
87823
87825
87840
87841
87845
87856
87906
87912
87945
87979
87980
87984
87987
87989
88000
88001
88040
88063
88077
88125
88126
88128
88129
88145
88150
88151
88164
88175
88185
88196
88200
88216
88217
88240
88241
88245
88250
88254
88280
88310
88311
88312
88315
88320
88321
88325
88330
88331
88335
88340
88350
88360
88365
88370
88380
88395
88400
88401
88405
88410
88448
88449
88452
88473
88480
88481
88483
88485
88536
88550
88551
88555
88560
88561
88565
88570
88571
88575
88580
88600
88601
88625
88634
88640
88641
88643
88645
88704
88740
88750
88751
88755
88760
88775
88777
88811
88812
88821
88830
88838
88875
88893
88920
88921
88925
88987
88997
89001
89025
89060
89064
89100
89115
89154
89172
89173
89175
89176
89180
89187
89200
89201
89208
89209
89225
89226
89239
89240
89249
89250
89280
89281
89285
89300
89320
89334
89360
89385
89390
89391
89400
89401
89416
89417
89424
89425
89440
89441
89455
89465
89466
89518
89523
89528
89540
89560
89585
89590
89596
89600
89610
89616
89617
89621
89625
89635
89640
89642
89648
89649
89661
89665
89670
89672
89674
89675
89680
89690
89691
89695
89698
89701
89705
89706
89707
89715
89716
89726
89730
89733
89735
89736
89737
89740
89743
89745
89746
89747
89748
89749
89750
89751
89756
89758
89763
89765
89766
89767
89771
89772
89773
89775
89776
89780
89781
89782
89785
89786
89787
89790
89791
89796
89800
89801
89804
89816
89817
89820
89821
89825
89830
89831
89838
89846
89847
89856
89857
89870
89880
89908
89920
89940
89947
89975
89976
90000
90001
90015
90018
90025
90026
90050
90072
90090
90091
90120
90125
90160
90200
90201
90225
90240
90248
90249
90272
90282
90283
90284
90288
90293
90294
90300
90301
90305
90324
90328
90329
90354
90355
90396
90447
90448
90449
90454
90461
90472
90473
90475
90480
90500
90503
90504
90505
90507
90508
90515
90517
90518
90519
90520
90521
90522
90525
90526
90529
90531
90532
90535
90536
90538
90539
90540
90544
90549
90550
90552
90553
90554
90558
90559
90562
90566
90572
90576
90579
90584
90585
90594
90601
90605
90608
90609
90610
90618
90619
90625
90633
90640
90648
90649
90658
90667
90678
90680
90681
90685
90692
90701
90711
90720
90728
90729
90730
90738
90740
90751
90761
90797
90810
90813
90818
90823
90882
90883
90885
90902
90909
90916
90923
90960
90967
90970
90971
90975
90980
90981
90985
90992
90993
91000
91001
91003
91016
91017
91020
91021
91025
91027
91030
91035
91036
91037
91047
91050
91057
91080
91081
91091
91125
91137
91140
91165
91168
91182
91185
91200
91201
91205
91225
91250
91260
91275
91290
91300
91307
91320
91325
91330
91335
91340
91345
91350
91355
91360
91364
91365
91368
91369
91370
91373
91375
91377
91380
91383
91385
91387
91390
91395
91397
91400
91401
91405
91410
91415
91420
91425
91430
91440
91441
91445
91455
91459
91460
91469
91470
91477
91500
91501
91505
91512
91575
91590
91595
91601
91605
91620
91630
91631
91641
91645
91650
91662
91663
91665
91673
91675
91676
91680
91685
91686
91687
91688
91689
91696
91697
91698
91699
91710
91720
91721
91722
91723
91725
91728
91730
91731
91733
91735
91759
91760
91761
91765
91770
91771
91781
91790
91791
91800
91839
91840
91841
91845
91847
91854
91871
91875
91881
91910
91920
91921
91925
91935
91944
91945
91961
91987
92000
92001
92043
92087
92092
92097
92106
92125
92127
92145
92157
92160
92161
92165
92220
92240
92241
92245
92250
92251
92260
92261
92264
92265
92269
92275
92279
92283
92293
92299
92300
92301
92309
92310
92311
92340
92344
92345
92375
92414
92415
92421
92430
92444
92445
92456
92465
92574
92575
92638
92655
92660
92661
92664
92665
92720
92742
92743
92760
92769
92790
92794
92820
92829
92871
92880
92881
92885
92925
92935
92955
92960
92970
92983
92991
92993
93000
93001
93002
93005
93024
93060
93071
93075
93095
93150
93169
93177
93184
93200
93201
93221
93222
93235
93240
93261
93275
93307
93312
93317
93357
93366
93375
93402
93408
93420
93421
93425
93435
93440
93465
93470
93471
93475
93477
93480
93481
93483
93485
93490
93491
93495
93501
93505
93540
93541
93545
93555
93581
93591
93600
93601
93625
93626
93632
93633
93636
93675
93695
93709
93730
93750
93751
93790
93873
93875
93933
93940
93951
94000
94050
94170
94203
94213
94240
94251
94269
94275
94276
94278
94279
94297
94300
94301
94305
94325
94326
94350
94375
94392
94458
94500
94501
94536
94545
94560
94600
94608
94610
94620
94625
94630
94640
94650
94680
94700
94711
94715
94720
94738
94751
94761
94765
94770
94820
94875
94876
94904
94905
94939
94940
94944
94945
94949
94950
94982
94984
94985
94987
94990
94992
94999
95000
95001
95004
95009
95013
95014
95025
95040
95041
95045
95095
95096
95100
95101
95105
95106
95110
95115
95116
95120
95125
95175
95186
95210
95220
95230
95238
95243
95256
95257
95258
95259
95263
95268
95274
95325
95367
95375
95376
95400
95419
95425
95450
95472
95475
95480
95485
95486
95491
95495
95500
95501
95506
95507
95510
95511
95516
95517
95518
95520
95536
95550
95580
95582
95583
95601
95625
95634
95682
95697
95732
95742
95743
95758
95759
95760
95768
95775
95776
95777
95858
95859
95865
95914
95930
95940
95941
95945
95950
95976
95985
96000
96045
96070
96080
96109
96120
96138
96145
96146
96147
96150
96151
96155
96156
96157
96174
96175
96180
96181
96185
96192
96193
96201
96228
96250
96251
96257
96264
96271
96278
96300
96318
96321
96327
96336
96350
96351
96354
96363
96375
96390
96403
96413
96417
96425
96426
96432
96433
96439
96440
96446
96448
96449
96453
96459
96460
96467
96498
96509
96513
96514
96515
96516
96523
96525
96526
96534
96537
96544
96545
96551
96593
96600
96607
96637
96642
96647
96678
96712
96713
96714
96719
96723
96740
96750
96751
96755
96760
96761
96762
96763
96768
96769
96773
96775
96776
96782
96785
96786
96789
96796
96799
96803
96805
96809
96813
96819
96820
96824
96825
96829
96831
96832
96833
96845
96849
96852
96858
96859
96871
96875
96881
96894
96900
96921
96924
96925
96965
96981
96996
96999
97003
97006
97007
97009
97013
97016
97027
97031
97052
97110
97111
97125
97149
97152
97153
97163
97170
97171
97175
97195
97196
97200
97201
97205
97209
97216
97223
97225
97275
97280
97281
97285
97290
97360
97365
97375
97376
97398
97400
97427
97434
97437
97500
97501
97524
97525
97552
97560
97578
97580
97581
97597
97601
97605
97608
97614
97615
97625
97636
97639
97649
97650
97681
97686
97691
97734
97750
97792
97793
97800
97801
97805
97812
97920
97981
97985
98000
98001
98005
98025
98040
98041
98045
98072
98073
98087
98098
98106
98169
98189
98253
98255
98280
98281
98287
98289
98294
98321
98325
98329
98390
98400
98401
98405
98410
98414
98415
98500
98512
98513
98521
98525
98560
98585
98616
98617
98644
98653
98658
98659
98663
98665
98680
98681
98685
98709
98714
98715
98719
98721
98735
98769
98770
98809
98810
98811
98815
98820
98826
98829
98840
98841
98876
98880
98881
98885
98886
98921
98952
98953
98974
98975
98991
98992
98993
99000
99001
99081
99085
99090
99096
99097
99099
99120
99144
99145
99176
99177
99180
99181
99185
99200
99215
99220
99225
99226
99230
99231
99235
99236
99240
99241
99243
99245
99246
99247
99250
99251
99255
99256
99257
99259
99260
99265
99268
99269
99270
99271
99275
99280
99281
99287
99297
99300
99301
99302
99303
99305
99306
99307
99308
99309
99310
99312
99313
99316
99317
99318
99319
99320
99324
99329
99330
99342
99345
99350
99355
99356
99360
99365
99366
99367
99370
99372
99375
99377
99378
99400
99414
99420
99440
99441
99445
99450
99456
99460
99463
99467
99473
99484
99497
99499
99500
99501
99504
99507
99509
99511
99535
99540
99545
99554
99558
99594
99600
99620
99630
99631
99632
99633
99635
99640
99672
99673
99675
99707
99708
99709
99712
99713
99716
99717
99718
99719
99720
99723
99728
99733
99750
99752
99753
99789
99792
99793
99799
99862
99869
99873
99876
99877
99905
99960
99961
99965
100000
100001
100015
100035
100050
100067
100068
100081
100122
100123
100125
100181
100188
100254
100265
100285
100320
100359
100368
100369
100375
100376
100385
100440
100441
100445
100450
100451
100457
100459
100461
100465
100469
100475
100485
100495
100497
100500
100513
100593
100614
100615
100620
100625
100632
100646
100672
100683
100793
100794
100800
100801
100805
100818
100828
100843
100850
100853
100860
100870
100903
100923
100928
100933
100940
100980
100984
101010
101024
101025
101031
101040
101043
101088
101094
101107
101147
101200
101201
101220
101225
101234
101250
101271
101275
101311
101343
101347
101357
101374
101440
101441
101445
101450
101475
101520
101521
101525
101529
101530
101556
101557
101569
101579
101592
101598
101619
101655
101675
101721
101722
101733
101738
101743
101754
101781
101817
101819
101821
101831
101834
101837
101841
101844
101847
101851
101854
101857
101867
101869
101871
101907
101913
101920
101927
101934
101990
102001
102005
102060
102069
102090
102125
102126
102144
102168
102222
102240
102250
102254
102255
102303
102312
102336
102337
102340
102375
102393
102396
102400
102401
102410
102441
102449
102456
102460
102476
102486
102521
102548
102549
102550
102561
102564
102565
102570
102582
102583
102593
102600
102624
102625
102626
102636
102648
102650
102664
102665
102672
102673
102699
102700
102703
102708
102709
102710
102713
102744
102745
102750
102784
102785
102789
102816
102825
102870
102880
102910
102911
102915
102971
103074
103075
103113
103120
103121
103125
103126
103140
103158
103194
103200
103201
103202
103205
103208
103230
103250
103260
103270
103275
103280
103320
103321
103325
103330
103350
103356
103360
103365
103366
103370
103375
103376
103380
103385
103386
103390
103392
103410
103428
103437
103490
103500
103501
103510
103513
103523
103536
103567
103608
103614
103615
103625
103626
103633
103641
103645
103649
103662
103670
103673
103680
103681
103685
103688
103689
103690
103698
103716
103720
103721
103725
103726
103730
103740
103741
103745
103750
103760
103770
103788
103794
103795
103797
103801
103811
103817
103819
103820
103829
103830
103832
103833
103835
103837
103839
103845
103847
103849
103852
103854
103855
103860
103867
103873
103883
103887
103889
103896
103904
103920
103921
103923
103968
103971
103972
103973
103981
103982
103983
104000
104001
104022
104034
104035
104076
104104
104125
104126
104130
104131
104135
104139
104141
104150
104160
104161
104165
104171
104176
104177
104181
104193
104197
104198
104199
104202
104203
104207
104208
104209
104220
104223
104231
104241
104247
104250
104256
104286
104292
104323
104325
104328
104331
104333
104387
104490
104500
104546
104550
104551
104555
104556
104575
104576
104580
104600
104625
104626
104650
104669
104750
104760
104832
104850
104895
104955
104961
104965
104975
104976
104985
105000
105001
105005
105006
105025
105029
105030
105060
105084
105085
105120
105125
105156
105192
105193
105207
105246
105288
105289
105300
105331
105336
105341
105372
105426
105462
105500
105501
105516
105575
105679
105693
105694
105703
105704
105728
105742
105750
105751
105780
105792
105793
105820
105825
105849
105850
105851
105852
105853
105854
105855
105857
105859
105860
105861
105862
105863
105864
105865
105875
105876
105877
105879
105893
105909
105910
105924
105939
105944
105945
105949
105961
105966
105977
105979
105980
105981
105984
105985
105987
105989
105990
105991
106001
106005
106012
106013
106024
106025
106027
106029
106032
106037
106038
106081
106106
106108
106109
106120
106180
106191
106195
106200
106201
106210
106225
106232
106233
106260
106267
106268
106269
106277
106278
106279
106291
106301
106312
106313
106349
106354
106355
106359
106375
106376
106460
106480
106500
106511
106524
106572
106575
106576
106585
106596
106600
106601
106614
106616
106617
106625
106626
106650
106675
106682
106683
106684
106699
106700
106705
106709
106725
106759
106764
106765
106767
106769
106794
106795
106807
106812
106817
106820
106857
106875
106884
106911
106919
106920
106925
106939
106941
106950
106951
106953
106955
106960
106965
106967
106969
106979
106981
106982
106983
106992
106995
107000
107001
107009
107016
107020
107025
107030
107031
107037
107100
107115
107120
107121
107125
107153
107163
107168
107220
107236
107243
107250
107251
107258
107259
107268
107304
107338
107339
107352
107353
107402
107406
107420
107448
107449
107450
107457
107458
107496
107505
107506
107507
107510
107511
107515
107516
107517
107520
107521
107525
107535
107563
107573
107575
107586
107588
107589
107601
107620
107635
107637
107640
107641
107645
107651
107673
107688
107704
107705
107733
107737
107793
107800
107844
107849
107855
107875
107892
107900
107925
107983
108000
108001
108005
108060
108066
108108
108180
108192
108220
108240
108241
108245
108250
108252
108290
108297
108337
108338
108360
108420
108450
108468
108480
108483
108486
108487
108504
108580
108581
108585
108612
108621
108647
108650
108651
108655
108675
108728
108729
108763
108764
108773
108774
108801
108808
108809
108857
108861
108864
108867
108871
108919
108920
108927
108970
108971
108975
108976
108980
108990
108999
109000
109009
109010
109020
109032
109038
109050
109056
109060
109070
109077
109080
109089
109090
109107
109116
109118
109128
109130
109142
109165
109175
109180
109185
109200
109208
109210
109260
109296
109297
109350
109375
109382
109430
109440
109441
109445
109450
109460
109461
109465
109476
109480
109481
109483
109485
109500
109564
109565
109570
109580
109590
109615
109620
109625
109650
109651
109656
109660
109661
109665
109670
109675
109680
109685
109725
109740
109746
109798
109799
109800
109802
109809
109881
109885
109890
109959
109963
109975
109980
109991
109992
110000
110007
110013
110016
110017
110019
110030
110052
110080
110081
110085
110088
110089
110110
110124
110126
110150
110160
110202
110203
110204
110205
110206
110208
110209
110212
110213
110214
110216
110220
110240
110250
110251
110275
110286
110287
110290
110297
110304
110316
110360
110361
110365
110395
110400
110401
110405
110410
110412
110422
110425
110440
110441
110445
110450
110451
110455
110474
110480
110481
110485
110500
110501
110505
110510
110511
110515
110520
110521
110525
110530
110531
110535
110545
110546
110550
110551
110555
110556
110560
110561
110565
110566
110568
110570
110571
110575
110576
110580
110590
110591
110592
110593
110595
110600
110601
110605
110610
110611
110615
110618
110619
110620
110621
110624
110625
110640
110641
110645
110649
110651
110653
110656
110659
110661
110663
110680
110681
110685
110688
110690
110700
110701
110710
110725
110760
110761
110765
110808
110823
110826
110833
110862
110864
110865
110880
110890
110925
110936
110943
110950
110952
110955
110968
111000
111001
111015
111025
111040
111041
111045
111060
111104
111125
111132
111137
111150
111177
111186
111195
111201
111202
111205
111206
111221
111222
111231
111233
111235
111240
111241
111245
111248
111249
111250
111251
111258
111276
111280
111281
111285
111294
111321
111330
111360
111366
111370
111375
111376
111442
111447
111452
111465
111483
111500
111520
111521
111530
111537
111545
111546
111547
111552
111555
111557
111566
111573
111600
111645
111646
111650
111726
111735
111750
111751
111757
111775
111776
111780
111800
111816
111820
111825
111826
111830
111870
111902
111924
111926
111927
111930
111931
111950
111967
111975
111976
111986
111990
111993
111996
112000
112001
112008
112009
112010
112014
112018
112025
112026
112050
112068
112077
112086
112094
112099
112105
112107
112109
112112
112117
112118
112122
112125
112131
112133
112134
112135
112143
112145
112150
112151
112152
112158
112160
112161
112165
112166
112168
112169
112170
112171
112172
112173
112175
112176
112177
112178
112179
112181
112182
112183
112185
112186
112190
112191
112192
112193
112194
112195
112200
112201
112207
112210
112211
112216
112217
112218
112221
112224
112230
112233
112234
112243
112245
112250
112251
112253
112257
112258
112266
112275
112284
112302
112320
112325
112326
112338
112340
112341
112350
112356
112357
112404
112425
112426
112428
112450
112455
112500
112520
112525
112526
112530
112536
112575
112576
112590
112600
112608
112609
112625
112626
112644
112658
112659
112675
112700
112752
112753
112770
112839
112840
112880
112889
112896
112903
113000
113001
113022
113050
113075
113076
113078
113079
113081
113085
113090
113100
113101
113105
113109
113121
113125
113148
113153
113168
113169
113178
113200
113201
113205
113240
113241
113245
113250
113269
113274
113275
113279
113295
113300
113340
113375
113386
113400
113401
113425
113460
113544
113563
113568
113573
113575
113600
113601
113605
113625
113634
113652
113653
113654
113664
113665
113696
113697
113700
113710
113715
113716
113719
113725
113726
113729
113735
113750
113751
113760
113761
113765
113775
113805
113814
113850
113886
113925
113960
114000
114001
114030
114048
114093
114094
114095
114103
114104
114105
114125
114129
114156
114200
114210
114220
114225
114226
114240
114250
114300
114310
114366
114380
114390
114450
114451
114457
114465
114475
114478
114480
114543
114544
114575
114576
114600
114601
114605
114615
114625
114626
114650
114660
114670
114696
114720
114750
114751
114775
114786
114800
114801
114810
114811
114815
114825
114842
114930
114975
115000
115001
115009
115020
115024
115025
115038
115040
115041
115076
115085
115091
115094
115096
115098
115100
115101
115104
115106
115108
115110
115111
115123
115126
115133
115175
115176
115200
115201
115211
115215
115218
115225
115226
115236
115250
115272
115290
115321
115325
115326
115331
115355
115365
115370
115374
115375
115380
115385
115390
115395
115400
115401
115411
115416
115421
115425
115441
115445
115450
115452
115472
115473
115488
115497
115500
115501
115506
115537
115542
115547
115570
115573
115575
115578
115583
115587
115588
115589
115632
115635
115663
115668
115673
115681
115712
115713
115740
115758
115780
115781
115785
115812
115825
115830
115864
115865
115866
115878
115897
115907
115920
115934
115992
115995
116010
116046
116073
116088
116100
116116
116154
116190
116280
116298
116424
116430
116431
116435
116440
116441
116445
116450
116451
116455
116460
116466
116480
116481
116503
116506
116544
116550
116604
116608
116630
116635
116640
116650
116655
116662
116676
116712
116725
116737
116760
116775
116781
116800
116803
116820
116825
116826
116850
116851
116868
116875
116876
116900
116902
116903
116904
116910
116911
116913
116917
116918
116919
116920
116921
116922
116923
116924
116925
116926
116930
116931
116932
116933
116934
116935
116936
116937
116938
116939
116943
116945
116952
116953
116954
116961
116965
116988
117000
117001
117003
117004
117013
117014
117024
117025
117036
117040
117053
117056
117057
117077
117096
117097
117120
117121
117125
117130
117198
117300
117312
117390
117415
117425
117450
117468
117507
117558
117567
117572
117577
117643
117648
117653
117738
117754
117810
117828
117865
117875
117885
117900
117911
117926
117929
117933
117936
117939
117943
117946
117961
118080
118098
118125
118126
118144
118150
118250
118295
118300
118305
118341
118408
118409
118427
118428
118429
118440
118481
118482
118485
118494
118500
118503
118524
118545
118576
118577
118579
118589
118625
118640
118641
118645
118654
118655
118674
118730
118745
118748
118750
118752
118755
118758
118760
118762
118765
118780
118845
118846
118848
118890
118891
118895
118901
118910
118911
118915
118925
118944
118968
118993
119016
119040
119052
119064
119070
119082
119089
119095
119106
119115
119160
119184
119185
119187
119210
119227
119232
119237
119259
119277
119376
119430
119480
119481
119485
119502
119511
119515
119525
119531
119546
119549
119551
119553
119556
119559
119561
119563
119566
119574
119581
119587
119597
119601
119610
119625
119626
119644
119658
119682
119700
119720
119721
119725
119736
119751
119756
119757
119761
119799
119808
119809
119826
119834
119852
119895
119943
119967
119975
119976
120000
120001
120006
120025
120026
120042
120050
120101
120125
120186
120240
120325
120330
120345
120375
120384
120400
120438
120470
120500
120523
120526
120533
120538
120540
120541
120545
120547
120575
120577
120582
120587
120618
120626
120666
120750
120766
120771
120776
120827
120869
120879
120883
120950
120951
120955
120960
120970
120975
120978
120996
121000
121014
121030
121050
121079
121093
121094
121095
121100
121109
121119
121123
121124
121133
121139
121140
121142
121146
121149
121152
121156
121157
121158
121159
121163
121167
121174
121180
121200
121201
121205
121206
121212
121225
121275
121281
121285
121351
121355
121359
121371
121373
121375
121394
121400
121401
121425
121441
121445
121472
121475
121500
121522
121525
121532
121540
121550
121555
121575
121576
121590
121600
121601
121625
121626
121650
121675
121680
121681
121685
121700
121716
121725
121734
121760
121770
121780
121791
121795
121800
121801
121824
121825
121834
121856
121857
121873
121875
121876
121900
121924
121950
121975
122000
122001
122010
122025
122056
122057
122080
122081
122085
122090
122096
122097
122120
122121
122125
122144
122145
122148
122160
122161
122165
122170
122176
122177
122184
122185
122200
122201
122208
122209
122219
122220
122221
122229
122230
122231
122232
122233
122235
122236
122240
122241
122245
122246
122247
122248
122249
122250
122251
122253
122254
122255
122259
122260
122262
122263
122264
122265
122266
122267
122268
122277
122278
122280
122281
122282
122283
122284
122285
122293
122294
122295
122299
122304
122305
122309
122312
122313
122319
122320
122321
122325
122328
122329
122330
122335
122336
122337
122359
122368
122369
122375
122400
122401
122404
122405
122409
122410
122414
122416
122417
122425
122456
122457
122472
122486
122584
122598
122656
122657
122689
122724
122801
122825
122850
122880
122925
122944
122958
123000
123001
123025
123026
123039
123050
123120
123140
123175
123200
123214
123223
123224
123225
123251
123255
123372
123410
123411
123415
123444
123475
123500
123531
123592
123600
123601
123605
123606
123625
123649
123670
123671
123715
123743
123750
123758
123759
123768
123804
123820
123821
123825
123828
123840
123849
123894
123925
123926
123948
123950
123951
123955
123975
123976
123979
123984
123985
123989
123991
124000
124020
124025
124040
124041
124045
124050
124051
124055
124060
124061
124065
124074
124075
124080
124081
124085
124095
124100
124125
124126
124130
124131
124135
124137
124140
124141
124145
124150
124151
124155
124164
124165
124175
124176
124190
124200
124201
124205
124210
124215
124220
124221
124225
124230
124231
124235
124236
124240
124241
124245
124271
124275
124290
124300
124320
124325
124326
124335
124345
124365
124370
124375
124380
124385
124390
124392
124395
124407
124411
124415
124416
124417
124421
124425
124435
124440
124470
124481
124485
124488
124500
124506
124515
124540
124545
124551
124555
124571
124575
124576
124577
124580
124581
124585
124600
124620
124625
124626
124630
124631
124635
124636
124640
124641
124644
124645
124646
124650
124651
124655
124656
124660
124665
124670
124675
124700
124701
124705
124710
124711
124715
124720
124722
124723
124730
124731
124735
124736
124737
124740
124775
124800
124801
124805
124826
124886
124887
124915
124920
125040
125041
125045
125050
125051
125055
125060
125061
125065
125075
125076
125100
125125
125127
125128
125129
125137
125138
125139
125225
125226
125244
125289
125290
125291
125292
125293
125294
125295
125297
125298
125299
125300
125301
125302
125303
125304
125305
125330
125379
125383
125388
125393
125398
125401
125425
125455
125456
125457
125460
125461
125465
125466
125467
125478
125542
125543
125550
125580
125660
125706
125707
125735
125745
125755
125870
125871
125874
125875
125975
126000
126001
126025
126060
126063
126100
126125
126126
126145
126150
126155
126165
126170
126175
126205
126220
126243
126360
126401
126409
126425
126450
126464
126465
126490
126500
126526
126527
126565
126568
126575
126585
126653
126663
126684
126775
126785
126800
126816
126817
126819
126821
126825
126827
126829
126831
126840
126846
126854
126855
126985
126990
126995
127008
127073
127075
127100
127101
127125
127200
127201
127225
127239
127281
127285
127296
127390
127400
127405
127410
127413
127495
127512
127575
127610
127645
127666
127680
127710
127720
127721
127725
127801
127805
127818
127840
127841
127845
127872
127875
127883
127889
127890
127897
127904
127908
127910
127911
127915
127927
127930
127931
127932
127935
127937
127953
127960
127967
127975
127980
127985
128000
128001
128005
128025
128069
128089
128112
128113
128115
128121
128125
128128
128129
128135
128140
128160
128161
128165
128191
128195
128200
128211
128215
128219
128220
128229
128235
128240
128241
128244
128245
128250
128254
128257
128272
128273
128280
128281
128282
128285
128286
128304
128312
128313
128338
128340
128375
128385
128400
128401
128416
128417
128430
128480
128577
128601
128605
128674
128688
128744
128775
128865
128900
128908
128909
128934
128987
129000
129024
129033
129064
129116
129117
129142
129150
129151
129155
129157
129175
129200
129201
129210
129220
129225
129230
129272
129276
129375
129400
129401
129402
129420
129425
129437
129472
129519
129560
129561
129565
129575
129576
129585
129600
129601
129605
129616
129617
129625
129626
129650
129660
129675
129700
129710
129717
129724
129725
129727
129778
129780
129800
129801
129825
129846
129858
129868
129870
129872
129880
129881
129887
129890
129894
129897
129900
129904
129906
129907
129922
129926
129936
129942
129948
130000
130001
130016
130025
130050
130067
130123
130175
130176
130200
130225
130241
130322
130464
130494
130500
130560
130561
130565
130620
130627
130641
130645
130647
130705
130725
130736
130737
130750
130800
130801
130805
130851
130872
130873
130879
130893
130910
130995
131000
131001
131025
131030
131040
131041
131045
131050
131058
131100
131115
131119
131140
131148
131159
131201
131205
131210
131220
131235
131238
131250
131306
131323
131328
131333
131364
131395
131415
131418
131446
131447
131491
131501
131508
131539
131544
131549
131587
131597
131600
131601
131610
131625
131652
131675
131688
131706
131750
131760
131774
131775
131801
131815
131836
131840
131841
131845
131846
131872
131881
132000
132001
132020
132021
132025
132030
132125
132192
132210
132240
132241
132245
132247
132250
132257
132300
132320
132321
132325
132411
132412
132416
132417
132420
132421
132422
132427
132432
132437
132468
132480
132481
132485
132495
132500
132540
132594
132666
132673
132677
132678
132687
132720
132721
132725
132750
132751
132775
132780
132860
132875
133049
133056
133057
133120
133147
133148
133154
133175
133250
133251
133275
133308
133325
133350
133371
133375
133381
133398
133406
133441
133470
133511
133525
133600
133601
133625
133630
133650
133672
133675
133686
133700
133725
133750
133751
133770
133824
133825
133857
133861
133875
133900
133906
133907
134001
134070
134071
134075
134082
134125
134160
134161
134165
134190
134191
134195
134217
134275
134311
134312
134316
134317
134321
134322
134350
134360
134368
134375
134395
134400
134401
134405
134460
134464
134465
134475
134498
134500
134545
134550
134551
134555
134600
134601
134605
134607
134611
134620
134621
134625
134670
134671
134675
134680
134726
134727
134784
134785
134810
134875
134880
134881
134885
134888
134900
134901
134905
135000
135001
135025
135030
135031
135035
135044
135115
135135
135168
135198
135275
135300
135301
135325
135360
135375
135408
135432
135450
135456
135464
135465
135513
135539
135590
135625
135700
135705
135710
135711
135715
135875
135949
135954
135959
135960
135961
135965
136000
136001
136037
136080
136081
136085
136090
136118
136119
136125
136133
136134
136143
136290
136296
136297
136318
136320
136321
136325
136345
136350
136369
136380
136386
136440
136456
136460
136500
136525
136533
136545
136560
136575
136640
136641
136645
136680
136705
136710
136737
136768
136769
136775
136800
136825
136836
136859
136869
136890
136927
136940
136941
136944
136945
136950
136980
137001
137022
137023
137025
137046
137082
137088
137105
137116
137124
137125
137160
137186
137187
137193
137214
137228
137250
137286
137313
137330
137340
137350
137358
137365
137376
137385
137394
137410
137412
137420
137425
137430
137440
137448
137457
137460
137475
137484
137497
137505
137507
137510
137511
137513
137514
137515
137520
137525
137528
137529
137530
137531
137533
137535
137538
137539
137541
137543
137545
137547
137548
137549
137551
137556
137561
137563
137564
137565
137567
137569
137571
137577
137578
137579
137580
137581
137584
137592
137599
137600
137601
137605
137610
137615
137619
137620
137628
137643
137664
137675
137680
137681
137685
137690
137700
137710
137718
137720
137725
137736
137745
137750
137751
137754
137755
137760
137761
137763
137765
137770
137771
137774
137775
137776
137777
137780
137790
137800
137805
137808
137809
137810
137825
137840
137841
137845
137860
137870
137880
137890
137910
137920
137921
137925
137930
137940
137955
137956
137975
137984
137985
137988
137990
137993
138000
138008
138009
138010
138018
138019
138020
138024
138029
138030
138060
138064
138065
138137
138138
138150
138156
138160
138161
138165
138168
138169
138170
138176
138180
138188
138203
138204
138208
138213
138223
138224
138230
138231
138233
138235
138236
138240
138241
138245
138250
138251
138255
138256
138257
138260
138270
138280
138285
138290
138305
138315
138320
138321
138325
138330
138350
138360
138370
138375
138376
138377
138400
138401
138408
138409
138412
138422
138431
138432
138433
138435
138436
138443
138444
138445
138446
138447
138449
138450
138453
138454
138457
138459
138460
138463
138464
138466
138467
138468
138477
138478
138480
138481
138482
138488
138489
138492
138497
138502
138507
138512
138513
138536
138537
138580
138581
138585
138590
138600
138610
138656
138657
138658
138668
138679
138684
138689
138693
138697
138728
138729
138730
138841
138847
138848
138849
138856
138857
138859
138861
138863
138869
138870
138871
138873
138876
138880
138881
138883
138884
138885
138890
138891
138893
138894
138915
138923
138928
138929
138930
138936
138937
138943
138944
138950
138957
138964
138971
138978
138980
138988
139000
139001
139022
139023
139024
139031
139033
139034
139037
139038
139039
139040
139041
139042
139043
139044
139045
139046
139048
139050
139051
139052
139053
139054
139055
139056
139057
139058
139059
139063
139065
139072
139073
139074
139087
139090
139094
139097
139100
139104
139105
139107
139108
139111
139122
139125
139154
139155
139173
139191
139200
139201
139205
139220
139223
139225
139227
139230
139233
139235
139237
139240
139255
139260
139407
139412
139417
139430
139440
139450
139482
139483
139500
139526
139536
139589
139594
139599
139646
139647
139680
139704
139725
139729
139748
139776
139825
139878
139950
139958
139963
139968
139969
139973
140000
140001
140046
140051
140052
140058
140061
140062
140070
140097
140120
140125
140128
140129
140140
140148
140175
140176
140200
140217
140220
140250
140251
140270
140295
140300
140305
140320
140322
140328
140375
140384
140385
140400
140401
140405
140410
140425
140466
140467
140504
140590
140591
140607
140616
140617
140624
140625
140630
140631
140635
140637
140641
140679
140686
140692
140693
140709
140760
140761
140777
140850
140851
140868
140875
140880
140954
140955
140958
140959
141020
141021
141025
141030
141035
141036
141045
141046
141050
141055
141059
141060
141069
141070
141075
141141
141174
141175
141179
141180
141183
141194
141195
141197
141198
141201
141202
141204
141205
141207
141208
141211
141212
141214
141215
141220
141227
141229
141230
141235
141237
141238
141242
141248
141250
141252
141255
141267
141270
141312
141313
141349
141363
141364
141373
141374
141376
141425
141440
141443
141447
141450
141451
141453
141457
141460
141475
141672
141697
141720
141726
141750
141759
141769
141778
141779
141942
141943
141960
142000
142001
142024
142025
142081
142085
142096
142101
142105
142125
142140
142141
142142
142145
142179
142200
142250
142272
142302
142308
142320
142324
142345
142347
142348
142357
142358
142375
142376
142398
142400
142401
142425
142426
142450
142475
142500
142506
142560
142595
142605
142650
142668
142677
142755
142762
142763
142765
142868
142901
142916
142919
142923
142926
142927
142929
142933
142936
142951
143024
143025
143087
143097
143100
143175
143208
143254
143255
143264
143265
143416
143475
143476
143500
143501
143504
143505
143507
143510
143525
143526
143544
143545
143550
143579
143580
143581
143584
143589
143590
143591
143598
143624
143625
143664
143665
143671
143673
143725
143750
143756
143775
143780
143781
143820
143856
143857
143898
143899
143900
143910
143920
143927
143975
144000
144001
144025
144026
144050
144072
144083
144093
144125
144126
144130
144144
144145
144162
144165
144166
144180
144200
144201
144205
144207
144215
144218
144222
144225
144226
144233
144234
144235
144243
144250
144252
144301
144306
144320
144321
144325
144330
144333
144340
144351
144375
144425
144426
144450
144468
144480
144481
144485
144486
144503
144522
144540
144560
144585
144586
144620
144621
144625
144626
144650
144669
144675
144690
144695
144716
144720
144725
144726
144730
144732
144736
144740
144861
144871
144900
144961
144965
144984
144985
145001
145008
145019
145020
145029
145030
145064
145065
145147
145157
145180
145222
145223
145225
145229
145236
145250
145275
145431
145441
145475
145525
145526
145550
145551
145575
145576
145590
145600
145610
145680
145728
145729
145770
145775
145794
145800
145818
145825
145834
145841
145845
145905
145936
145937
146000
146001
146005
146016
146025
146097
146160
146161
146165
146176
146200
146201
146203
146205
146208
146211
146213
146215
146240
146250
146260
146280
146286
146300
146301
146304
146305
146360
146380
146500
146510
146520
146540
146575
146608
146609
146640
146648
146649
146673
146683
146684
146686
146692
146693
146694
146695
146704
146705
146728
146729
146768
146769
146784
146785
146880
146881
146885
146940
146944
146945
146948
146986
146993
147000
147015
147048
147073
147078
147137
147150
147200
147201
147300
147325
147350
147361
147362
147375
147420
147430
147431
147435
147440
147456
147471
147472
147481
147482
147560
147575
147576
147591
147592
147600
147601
147625
147626
147648
147650
147682
147683
147744
147840
147889
147987
148000
148001
148050
148086
148087
148088
148092
148093
148096
148097
148098
148122
148125
148130
148135
148140
148200
148201
148205
148230
148315
148320
148325
148330
148345
148350
148355
148390
148395
148410
148459
148500
148501
148502
148503
148536
148542
148543
148625
148666
148716
148736
148750
148752
148753
148800
148860
148861
148865
148870
148890
148950
148968
149040
149058
149166
149240
149241
149245
149251
149261
149266
149280
149317
149327
149346
149375
149400
149425
149445
149448
149473
149483
149500
149544
149562
149565
149569
149640
149650
149651
149665
149675
149688
149760
149761
149765
149820
149850
149893
149898
149903
149968
150000
150012
150120
150144
150145
150150
150161
150212
150220
150300
150301
150311
150313
150480
150481
150485
150528
150660
150750
150818
150875
150930
150962
150963
151060
151175
151200
151225
151236
151250
151272
151308
151372
151373
151398
151424
151475
151500
151501
151536
151537
151547
151580
151625
151632
151641
151650
151668
151701
151705
151800
151875
151960
151963
151970
151975
151980
151996
152000
152001
152025
152064
152065
152075
152100
152108
152125
152152
152196
152201
152225
152251
152255
152320
152376
152400
152401
152405
152425
152426
152433
152448
152449
152450
152458
152473
152480
152481
152485
152500
152501
152520
152521
152525
152530
152553
152563
152570
152580
152585
152586
152600
152601
152616
152617
152620
152625
152643
152670
152680
152684
152741
152745
152750
152760
152768
152770
152771
152775
152781
152785
152790
152795
152800
152803
152807
152810
152812
152813
152815
152816
152817
152820
152822
152823
152825
152826
152827
152828
152829
152830
152832
152837
152838
152842
152843
152845
152847
152852
152855
152860
152861
152865
152870
152871
152875
152880
152885
152890
152895
152900
152901
152905
152910
152940
152960
152985
152996
153000
153001
153016
153017
153020
153025
153080
153090
153100
153153
153175
153176
153200
153201
153218
153225
153226
153250
153258
153259
153265
153270
153320
153333
153360
153384
153400
153401
153425
153468
153504
153505
153510
153530
153545
153601
153605
153660
153720
153750
153756
153768
153780
153790
153800
153822
153823
153840
153846
153853
153864
153883
153893
153900
154008
154051
154062
154154
154380
154440
154500
154548
154649
154650
154700
154728
154729
154735
154775
154776
154777
154778
154784
154785
154791
154792
154798
154800
154836
154840
154841
154847
154890
154950
154951
154970
154980
154981
154985
154990
154998
155034
155059
155069
155070
155150
155160
155170
155196
155232
155250
155272
155282
155322
155340
155376
155420
155430
155439
155440
155460
155505
155510
155515
155520
155525
155530
155535
155538
155554
155555
155580
155600
155601
155610
155620
155625
155646
155673
155675
155676
155700
155701
155705
155709
155725
155726
155731
155736
155738
155740
155741
155749
155750
155753
155756
155759
155760
155766
155770
155771
155773
155776
155786
155788
155790
155791
155793
155795
155799
155800
155801
155805
155808
155809
155810
155811
155815
155818
155825
155826
155835
155851
155853
155861
155875
155876
155900
155901
155905
155925
155926
155941
155950
155961
155964
155965
155974
155988
155995
156000
156001
156015
156025
156069
156090
156114
156125
156151
156155
156156
156204
156240
156244
156250
156254
156276
156294
156300
156303
156304
156338
156420
156479
156481
156485
156490
156492
156511
156515
156531
156535
156541
156543
156545
156546
156551
156555
156558
156559
156560
156561
156563
156565
156566
156567
156568
156570
156571
156576
156577
156578
156579
156580
156588
156590
156591
156595
156596
156600
156610
156611
156615
156620
156621
156625
156640
156641
156642
156643
156645
156650
156660
156675
156695
156702
156740
156742
156750
156751
156755
156817
156825
156826
156850
156864
156865
156870
156905
156961
156965
156970
156971
156975
156985
156993
157016
157035
157045
157046
157052
157055
157101
157113
157115
157122
157243
157244
157245
157248
157253
157263
157416
157430
157440
157441
157451
157464
157465
157470
157500
157521
157535
157536
157575
157600
157625
157626
157644
157690
157700
157710
157770
157775
157800
157825
157850
157851
157866
157875
157940
157950
157960
157976
158000
158001
158080
158125
158130
158158
158193
158260
158261
158427
158497
158500
158501
158522
158525
158530
158589
158592
158595
158620
158670
158725
158760
158778
158779
158780
158781
158782
158784
158785
158788
158789
158790
158792
158816
158840
158875
158897
158928
158929
158971
158976
158981
159000
159012
159082
159240
159250
159260
159285
159327
159328
159329
159354
159405
159409
159471
159500
159614
159750
159768
159775
159786
159840
159894
159900
160000
160001
160095
160096
160100
160125
160140
160160
160175
160181
160190
160250
160261
160265
160290
160293
160295
160305
160308
160309
160318
160320
160321
160340
160341
160345
160380
160390
160425
160447
160500
160503
160519
160524
160529
160632
160641
160645
160673
160680
160681
160685
160688
160689
160698
160704
160720
160721
160725
160770
160771
160776
160781
160848
160875
160888
160902
160920
160930
160938
161000
161013
161023
161033
161070
161082
161100
161118
161172
161208
161262
161266
161270
161280
161281
161285
161290
161295
161340
161352
161370
161406
161424
161434
161442
161455
161460
161465
161478
161487
161491
161500
161501
161507
161514
161520
161522
161525
161527
161529
161532
161535
161537
161539
161542
161550
161557
161563
161573
161577
161586
161595
161599
161609
161622
161625
161640
161658
161694
161712
161784
161798
161838
161856
161892
161928
161929
161946
161950
161951
161954
161975
161982
162000
162001
162025
162031
162036
162041
162125
162126
162136
162137
162162
162180
162198
162216
162250
162288
162350
162360
162370
162432
162435
162436
162440
162442
162443
162500
162501
162526
162540
162576
162603
162625
162630
162689
162703
162713
162720
162725
162740
162750
162810
162919
162920
162975
163016
163017
163020
163023
163065
163067
163069
163075
163077
163079
163107
163116
163147
163157
163197
163250
163296
163303
163400
163401
163405
163431
163441
163458
163572
163591
163595
163615
163618
163800
163836
163863
163904
163920
163925
163944
163975
163976
163982
164000
164001
164025
164026
164050
164052
164112
164160
164178
164250
164346
164370
164400
164420
164423
164430
164440
164484
164490
164500
164592
164710
164760
164761
164808
164809
164902
164903
164934
164970
164979
164993
165000
165001
165008
165009
165018
165019
165024
165025
165029
165042
165055
165065
165069
165074
165114
165120
165132
165150
165240
165241
165307
165308
165312
165313
165317
165318
165319
165329
165355
165360
165361
165365
165366
165375
165420
165451
165460
165461
165465
165477
165480
165500
165505
165506
165510
165511
165515
165516
165520
165521
165522
165523
165524
165525
165526
165527
165529
165530
165531
165532
165533
165534
165535
165536
165537
165540
165545
165546
165550
165555
165564
165571
165580
165581
165585
165595
165600
165601
165605
165615
165620
165625
165675
165722
165723
165801
165805
165807
165833
165848
165849
165851
165858
165875
165880
165881
165883
165884
165885
165887
165893
165894
165895
165905
165928
165929
165930
165931
165941
165975
165979
165984
165989
166000
166001
166025
166027
166037
166043
166050
166051
166058
166059
166068
166075
166125
166227
166228
166250
166251
166257
166275
166320
166321
166325
166380
166428
166455
166460
166461
166467
166500
166530
166651
166661
166668
166747
166779
166860
166861
166865
166894
166913
166920
166968
166969
167022
167034
167035
167184
167185
167250
167313
167323
167328
167333
167346
167741
167743
167832
167855
167958
167985
168000
168016
168017
168047
168075
168080
168097
168107
168156
168157
168182
168183
168295
168296
168300
168315
168316
168320
168350
168469
168475
168480
168500
168511
168515
168520
168708
168709
168723
168742
168839
168879
168912
168920
168921
168925
169002
169003
169071
169125
169126
169224
169290
169330
169331
169335
169371
169442
169905
169911
169986
169987
170000
170001
170016
170017
170093
170125
170150
170151
170175
170191
170233
170280
170478
170496
170500
170560
170561
170586
170640
170755
170756
170760
170775
170776
170780
170800
170807
170940
170941
170960
170980
170981
170985
171000
171036
171063
171072
171144
171148
171270
171347
171360
171370
171390
171395
171490
171500
171693
171733
171743
171900
171918
171954
171955
171990
172000
172008
172033
172059
172125
172143
172190
172200
172201
172205
172210
172225
172250
172325
172350
172364
172365
172375
172400
172500
172550
172575
172610
172634
172640
172690
172691
172800
172844
172875
172900
172925
172942
172982
172989
172990
172991
172995
172997
172998
172999
173000
173001
173005
173007
173031
173033
173035
173036
173040
173045
173046
173048
173049
173058
173061
173063
173070
173078
173079
173080
173081
173085
173088
173090
173091
173110
173111
173112
173115
173119
173122
173127
173128
173129
173130
173137
173138
173147
173150
173151
173152
173155
173160
173169
173187
173225
173235
173236
173241
173245
173250
173252
173256
173257
173259
173260
173261
173266
173267
173268
173270
173277
173285
173286
173299
173332
173333
173382
173390
173391
173432
173447
173457
173460
173502
173503
173600
173670
173671
173675
173677
173705
173775
173796
173797
173803
173810
173817
173880
173922
173923
173929
174051
174069
174125
174132
174139
174195
174250
174251
174255
174275
174300
174375
174385
174391
174466
174481
174489
174490
174496
174497
174503
174504
174510
174512
174513
174517
174524
174531
174608
174609
174615
174660
174715
174720
174725
174960
175000
175070
175071
175075
175077
175104
175140
175141
175152
175153
175157
175200
175275
175375
175387
175392
175397
175500
175507
175517
175557
175630
175644
175645
175695
175824
175825
175867
175950
175994
176000
176001
176043
176125
176231
176256
176275
176352
176375
176400
176401
176425
176472
176500
176508
176515
176516
176520
176617
176624
176631
176640
176641
176645
176720
176730
176896
176897
176904
177120
177121
177125
177130
177160
177161
177165
177205
177288
177375
177408
177450
177500
177530
177624
177625
177633
177642
177750
177786
177940
177941
177944
177945
177975
177979
177980
177989
177990
178024
178025
178200
178250
178266
178344
178345
178350
178360
178391
178401
178416
178596
178623
178633
178640
178760
178761
178765
178780
178794
178800
178801
178825
178841
178845
178905
178936
178937
179000
179001
179005
179025
179088
179089
179095
179096
179100
179175
179176
179200
179201
179220
179225
179226
179244
179250
179280
179310
179321
179325
179375
179380
179385
179391
179395
179400
179401
179411
179415
179416
179417
179425
179475
179480
179481
179485
179487
179545
179550
179551
179555
179570
179571
179575
179576
179577
179580
179600
179601
179625
179640
179641
179645
179740
179816
179961
179965
179990
179991
179995
180000
180025
180036
180056
180057
180091
180110
180120
180121
180125
180144
180145
180180
180425
180451
180461
180561
180576
180600
180671
180675
180728
180729
180752
180757
180775
180800
180801
180805
180810
180811
180815
180820
180821
180825
180873
180940
181016
181017
181051
181052
181053
181061
181062
181063
181090
181096
181097
181115
181116
181125
181133
181135
181143
181281
181285
181440
181476
181493
181500
181508
181509
181518
181620
181630
181631
181635
181750
182000
182001
182025
182050
182073
182075
182100
182125
182182
182185
182250
182350
182400
182401
182405
182450
182451
182455
182460
182532
182533
182585
182639
182640
182646
182690
182700
182704
182710
182720
182730
182738
182739
182740
182747
182749
182750
182753
182754
182755
182756
182757
182758
182759
182760
182761
182762
182765
182766
182767
182768
182769
182770
182771
182772
182773
182774
182775
182779
182781
182788
182789
182790
182800
182807
182810
182824
182850
182860
182861
182865
182889
182932
182988
183005
183015
183025
183150
183151
183170
183260
183261
183265
183270
183271
183275
183280
183281
183285
183300
183325
183333
183336
183337
183340
183355
183360
183361
183365
183369
183375
183400
183401
183429
183433
183460
183557
183600
183620
183621
183625
183665
183666
183670
183671
183675
183676
183680
183681
183685
183686
183690
183691
183695
183696
183700
183740
183741
183745
183845
183874
183875
183940
183967
183985
183990
183995
184000
184001
184005
184010
184015
184060
184080
184081
184085
184090
184091
184095
184100
184101
184105
184125
184500
184501
184505
184510
184527
184675
184680
184758
184860
184875
184910
184911
184915
185025
185026
185090
185295
185355
185395
185396
185405
185406
185409
185472
185495
185505
185515
185525
185592
185593
185640
185649
185652
185655
185730
185731
185735
185775
185776
185803
185807
185817
185860
185890
185895
185905
185910
185915
185925
185930
185935
185940
185943
185953
185980
185999
186010
186011
186015
186048
186075
186076
186080
186093
186100
186140
186141
186145
186286
186300
186325
186335
186345
186354
186368
186369
186394
186422
186540
186541
186545
186550
186551
186555
186560
186561
186565
186579
186619
186624
186629
186669
186732
186750
186865
186875
186885
186960
186961
186965
186970
186990
187020
187165
187320
187370
187371
187375
187390
187425
187446
187460
187492
187534
187535
187575
187650
187651
187695
187699
187839
187842
187843
187867
187868
187877
187878
187902
187903
187938
187939
187940
187941
187942
187944
187945
187948
187949
187950
187952
187995
188032
188034
188067
188082
188090
188100
188125
188146
188160
188187
188191
188252
188279
188289
188354
188355
188410
188454
188455
188461
188500
188556
188557
188594
188600
188601
188605
188784
188815
188825
188835
188846
188847
188853
188916
188976
189000
189001
189018
189025
189175
189240
189280
189383
189384
189420
189421
189425
189500
189520
189521
189525
189540
189612
189655
189750
189751
189821
189826
189959
189975
190000
190001
190075
190080
190125
190152
190153
190210
190211
190215
190220
190231
190241
190289
190339
190349
190350
190375
190399
190400
190425
190440
190476
190500
190512
190569
190626
190632
190650
190651
190675
190729
190750
190751
190775
190776
190800
190825
190876
190900
190944
190968
190975
190976
190983
190984
190993
191000
191001
191008
191009
191010
191011
191016
191018
191020
191025
191026
191031
191032
191035
191036
191041
191042
191043
191045
191050
191061
191068
191083
191084
191090
191093
191100
191107
191108
191110
191149
191175
191176
191200
191207
191225
191250
191251
191268
191275
191276
191300
191425
191426
191450
191475
191525
191580
191730
191835
191880
191925
192000
192001
192096
192097
192125
192151
192155
192183
192276
192290
192291
192295
192319
192361
192365
192375
192376
192402
192403
192456
192521
192528
192535
192570
192571
192575
192591
192625
192636
192654
192672
192726
192780
192808
192811
192821
192864
192865
192871
192906
192920
192941
192996
193075
193076
193100
193102
193151
193192
193193
193223
193250
193284
193356
193375
193432
193438
193446
193480
193495
193496
193505
193513
193514
193519
193523
193524
193531
193541
193543
193544
193550
193552
193562
193572
193590
193613
193626
193640
193648
193662
193716
193725
193747
193757
193830
193842
193875
194007
194017
194194
194335
194336
194340
194355
194356
194360
194570
194586
194590
194635
194796
194820
194859
194922
195048
195156
195172
195173
195360
195408
195548
195575
195700
195701
195705
195981
195985
195990
196080
196326
196425
196434
196560
196800
197040
197041
197045
197100
197201
197205
197235
197280
197640
197649
197653
197654
197755
197760
197765
197785
197802
197872
197873
197889
197892
197929
197960
197961
198000
198001
198016
198041
198072
198073
198112
198113
198216
198217
198240
198288
198320
198321
198325
198440
198450
198456
198470
198471
198475
198480
198481
198485
198486
198490
198491
198495
198500
198504
198510
198520
198529
198530
198540
198600
198618
198625
198640
198641
198666
198693
198696
198710
198720
198721
198730
198848
198851
198855
198900
198940
198999
199008
199009
199080
199250
199260
199270
199290
199350
199424
199425
199432
199440
199456
199660
199670
199671
199827
199875
199920
199921
199925
199980
200000
200070
200080
200081
200085
200160
200187
200227
200237
200244
200277
200382
200550
200637
200640
200718
200818
200819
200880
200901
200905
200910
200961
200962
200970
200992
201036
201080
201147
201150
201186
201204
201292
201303
201375
201474
201575
201600
201625
201636
201720
201721
201783
201784
201793
201794
201817
201825
201843
201856
201915
201995
202015
202023
202027
202037
202050
202086
202095
202125
202126
202136
202176
202294
202295
202370
202405
202419
202475
202500
202520
202525
202541
202563
202615
202616
202620
202622
202635
202662
202699
202709
202860
202868
202869
202950
203058
203143
203153
203238
203267
203273
203274
203283
203284
203417
203418
203432
203433
203435
203436
203439
203440
203442
203443
203445
203446
203449
203450
203452
203453
203458
203467
203468
203473
203476
203480
203486
203490
203493
203508
203562
203634
203643
203647
203657
203663
203678
203681
203683
203685
203688
203689
203691
203693
203695
203698
203713
203719
203729
203733
203742
203814
203840
203868
204138
204590
204591
204595
204750
204761
204786
204918
205024
205091
205092
205101
205102
205114
205120
205164
205179
205189
205200
205339
205342
205344
205349
205578
205625
205632
205650
205660
205738
205739
205752
205762
205842
205875
205876
205900
205923
205924
206172
206253
206280
206307
206316
206325
206400
206401
206405
206460
206640
206641
206645
206655
206700
206725
206726
206750
206751
206755
206760
206775
206776
206800
206801
206820
206825
206826
206850
206874
206875
206880
206881
206885
206890
206891
206895
206900
206901
206905
206910
206911
206915
206925
206935
206940
206975
206976
207000
207001
207025
207026
207050
207085
207240
207360
207361
207365
207375
207420
207460
207461
207465
207470
207480
207490
207540
207594
207679
207689
207774
207808
207809
207825
207870
207871
207875
207925
207926
207950
208065
208247
208278
208320
208325
208326
208350
208494
208920
208980
209160
209231
209232
209275
209300
209325
209400
209484
209664
209700
209825
209990
210000
210001
210075
210095
210100
210105
210115
210120
210121
210125
210239
210375
210405
210500
210600
210672
210715
210826
211712
211713
211716
211872
211888
211889
211922
211944
211968
211969
212180
212380
212758
212940
213000
213150
213200
213201
213225
213361
213362
213366
213367
213371
213372
213381
213404
213409
213411
213414
213421
213451
213453
213500
213534
213619
213624
213629
213714
213840
213850
214025
214032
214039
214081
214085
214140
214161
214165
214214
214225
214256
214257
214320
214321
214325
214326
214472
214500
214501
214961
214965
215001
215020
215021
215025
215046
215056
215057
215072
215073
215098
215120
215121
215124
215125
215240
215250
215251
215260
215275
215280
215281
215306
215373
215377
215460
215670
215993
216000
216001
216005
216006
216008
216009
216018
216060
216108
216125
216275
216500
216510
216524
216580
216972
217000
217001
217008
217125
217224
217338
217339
217501
217502
217602
217672
217710
217711
217715
217721
217728
217735
217740
217745
217764
217854
217980
218050
218106
218120
218121
218125
218127
218155
218250
218328
218329
218339
218360
218361
218365
218372
218400
218407
218500
218504
218520
218521
218525
218540
218541
218545
218592
218625
218700
218725
218745
218750
218880
218940
218941
218945
218950
219000
219085
219135
219149
219165
219175
219179
219180
219189
219205
219219
219225
219230
219235
219240
219245
219250
219255
219259
219269
219300
219307
219310
219312
219317
219350
219351
219355
219365
219563
219564
219674
219765
219780
219849
219863
220003
220004
220013
220014
220032
220105
220365
220375
220402
220410
220415
220416
220417
220420
220425
220453
220454
220480
220500
220600
220601
220625
220775
220776
220780
220796
220800
220801
220825
220826
220850
220875
220900
220925
220928
220929
221000
221001
221025
221040
221041
221045
221048
221049
221050
221067
221072
221073
221103
221104
221105
221107
221108
221110
221111
221115
221117
221118
221119
221120
221121
221122
221125
221126
221130
221131
221132
221135
221136
221138
221139
221140
221149
221150
221152
221153
221154
221184
221185
221200
221201
221205
221208
221209
221210
221307
221312
221317
221328
221329
221400
221616
221652
221676
221830
221844
221886
221900
222025
222030
222075
222222
222390
222475
222480
222485
222606
222642
222678
222679
222687
222696
222697
222705
222732
222743
222750
222751
222758
222759
222768
222831
222876
222930
222950
222966
222993
223095
223104
223110
223146
223290
223291
223295
223314
223475
223500
223560
223650
223651
223655
223727
223740
223930
223975
224000
224011
224015
224025
224105
224117
224118
224151
224161
224172
224175
224231
224245
224246
224250
224251
224252
224255
224262
224316
224322
224339
224340
224341
224343
224345
224347
224350
224351
224353
224355
224357
224358
224359
224360
224361
224365
224368
224371
224375
224385
224388
224391
224395
224403
224405
224406
224411
224415
224416
224418
224419
224420
224423
224425
224426
224427
224428
224430
224431
224436
224437
224438
224439
224440
224442
224448
224450
224451
224455
224456
224469
224470
224471
224475
224500
224501
224502
224503
224505
224510
224520
224532
224550
224551
224575
224595
224596
224600
224602
224651
224665
224721
224800
224830
224831
224835
224910
225000
225001
225050
225051
225055
225125
225180
225225
225330
225375
225500
225750
226320
226321
226325
226380
226525
226548
226845
226875
226954
227125
227304
227305
227361
227365
227367
227370
227425
227426
227450
227500
227545
227550
227551
227565
227575
227625
227700
227994
228000
228001
228125
228265
228365
228375
228385
228410
228420
228500
228575
228625
228774
229068
229080
229125
229170
229171
229175
229190
229191
229195
229200
229220
229221
229225
229227
229231
229240
229241
229245
229290
229291
229295
229320
229405
229600
229625
229632
229633
229658
229736
229773
229797
230040
230041
230045
230049
230076
230175
230197
230202
230207
230220
230240
230580
230607
230649
230652
230680
230681
230685
230720
230750
230751
230755
230760
230770
230771
230775
230827
230837
230840
230841
230845
230904
230994
231000
231012
231079
231089
231174
231176
231177
231264
231321
231352
231353
231375
231392
231393
231480
231481
231485
231492
231583
231721
231722
231728
231729
231735
231736
231742
231749
231756
231763
231897
231985
232000
232020
232029
232050
232106
232388
232460
232480
232633
232635
232643
232780
232880
232881
232885
232890
232960
233037
233040
233050
233235
233280
233290
233455
233458
233688
233772
233784
233820
233849
233851
233853
233859
233861
233863
233955
233975
234000
234011
234012
234021
234022
234025
234041
234042
234080
234081
234085
234192
234193
234209
234260
234324
234360
234396
234423
234433
234593
234600
234603
234695
234841
234845
234909
234962
235008
235009
235025
235076
235144
235212
235503
235508
235627
235628
235634
235683
235750
235867
235877
235914
235915
236054
236060
236061
236096
236170
236250
236375
236457
236467
236575
236600
236625
236682
236782
236816
236817
236854
236856
236857
236895
236900
236905
236964
237048
237062
237063
237120
237121
237125
237273
237315
237475
237505
237510
237515
237588
237636
237750
237800
237801
237805
237810
238032
238171
238172
238176
238177
238181
238182
238183
238193
238210
238219
238224
238229
238238
238374
238459
238464
238469
238554
238784
238785
238909
238955
238956
238965
238966
239022
239071
239072
239078
239107
239117
239200
239202
239250
239251
239337
239358
239367
239377
239522
239523
239625
239626
239630
239704
239775
239850
239851
239875
239886
239927
239928
239932
239937
239938
239953
240000
240004
240005
240033
240270
240342
240343
240345
240355
240365
240366
240370
240385
240386
240390
240670
240750
240786
240945
241038
241080
241110
241125
241126
241130
241150
241351
241353
241542
241696
241758
241839
241849
241860
241861
241920
241938
242010
242190
242277
242293
242303
242311
242312
242334
242433
242443
242604
242638
242639
242721
242725
242730
242775
242802
242803
242820
242853
242863
242925
242991
243000
243043
243044
243053
243054
243080
243081
243082
243085
243092
243130
243225
243232
243233
243243
243273
243375
243458
243459
243540
243570
243590
243698
243810
243865
243900
243910
243945
244311
244321
244340
244432
244433
244472
244473
244507
244508
244509
244517
244518
244519
244552
244553
244592
244593
244603
244608
244613
244638
244723
244733
244779
244818
245140
245427
245518
245597
245700
245763
245854
245916
246000
246001
246007
246015
246017
246025
246064
246240
246427
246574
246575
246645
246675
246775
246795
246865
246895
247025
247200
247201
247205
247260
247281
247340
247431
247441
247472
247473
247500
247501
247520
247555
247570
247571
247680
247698
247900
248100
248101
248105
248110
248150
248175
248280
248281
248285
248286
248287
248288
248289
248290
248292
248293
248296
248297
248298
248300
248310
248375
248400
248425
248460
248461
248465
248470
248490
248544
248580
248625
248660
248670
248679
248680
248700
248706
248710
248742
248744
248745
248746
248750
248755
248756
248759
248760
248762
248765
248766
248770
248772
248775
248776
248779
248782
248792
248794
248796
248820
248832
248840
248850
248859
248860
248940
248976
248994
249030
249120
249121
249125
249130
249200
249201
249205
249240
249260
249265
249270
249271
249275
249280
249281
249285
249290
249291
249295
249296
249297
249300
249310
249320
249330
249360
249361
249365
249440
249441
249445
249450
249475
249495
249581
249600
249840
250100
250101
250105
250110
250441
250472
250473
250476
250486
250507
250508
250517
250518
250521
250533
250552
250553
250592
250593
250596
250978
251161
251167
251257
251288
251289
251384
251385
251391
251490
251625
251940
252000
252150
252235
252236
252240
252310
252320
252330
252540
252560
252561
252565
252720
252721
252725
252915
253000
253062
253063
253113
253134
253135
253141
253150
253368
253462
253463
253521
253552
253553
253575
253601
253625
253648
253692
253800
253801
253825
253890
253968
253969
254375
254692
254693
254938
254939
254975
255150
255225
255266
255267
255343
255344
255353
255354
255401
255405
255440
255441
255445
255487
255488
255502
255503
255505
255506
255509
255510
255515
255516
255519
255520
255522
255523
255528
255537
255538
255543
255546
255550
255556
255560
255563
255578
255640
255671
255672
255681
255682
255750
255751
255758
255759
255780
255816
255840
255841
255845
255850
255864
255900
255921
255925
255960
256000
256074
256080
256086
256087
256121
256125
256185
256216
256217
256221
256250
256265
256280
256281
256285
256289
256332
256333
256369
256370
256371
256375
256401
256405
256409
256410
256440
256441
256476
256486
256500
256512
256513
256521
256552
256553
256556
256557
256578
256579
256585
256587
256592
256593
256680
256681
256685
256696
256697
256704
256745
256760
256776
256777
256780
256840
256841
256845
257040
257041
257045
257048
257049
257083
257084
257093
257094
257128
257129
257145
257146
257152
257153
257159
257160
257166
257495
257500
257505
257560
257561
257562
257563
257565
257580
257593
257600
257607
257726
257727
257733
257798
258047
258228
258300
258301
258325
258336
258375
258379
258457
258467
258603
258618
258621
258625
258631
258635
258638
258653
258750
258789
258795
258799
258840
258877
258960
259000
259121
259125
259175
259200
259201
259209
259225
259325
259458
259497
259515
259595
259615
259650
259695
259707
259709
259760
259789
259799
259812
259848
259875
259879
259896
259930
259931
259935
259950
259951
259955
260208
260209
260271
260281
260288
260295
260316
260352
260415
260495
260496
260500
260505
260506
260510
260515
260516
260520
260625
260703
260761
260765
260810
260820
260830
260869
261170
261171
261177
261417
261440
261441
261445
261450
261625
261655
262390
262410
262564
262565
262687
262808
262810
262887
262897
262986
262987
263039
263057
263097
263250
263304
263340
263354
263376
263520
263521
263525
264000
264001
264204
264205
264250
264320
264355
264384
264450
264580
264581
264585
264625
264626
264630
264631
264635
264636
264640
264641
264645
264646
264650
264651
264655
264656
264660
264690
264700
264701
264705
264740
264832
264833
264840
264850
264860
264861
264864
264865
264870
264900
264945
264950
264955
264965
264970
264975
265020
265030
265188
265189
265265
265304
265305
265339
265340
265349
265350
265351
265361
265384
265385
265600
265601
265605
265650
265670
265671
265675
265690
265691
265695
265720
265760
265761
265765
265766
265875
265895
265986
266000
266500
266501
266505
266760
266796
266900
266920
266940
267000
267001
267047
267125
267169
267295
267351
267355
267365
267375
267425
267426
267435
267445
267491
267500
267505
267540
267566
267567
267800
267801
267805
267840
267841
267845
267971
267972
267976
267977
267981
267982
268014
268019
268024
268090
268125
268386
268387
268422
268450
268765
268766
268770
268775
268776
268780
268785
268786
268790
268800
268801
268805
268860
268910
268930
269080
269090
269094
269095
269100
269110
269220
269221
269225
269230
269274
269275
269299
269300
269309
269310
269334
269335
269514
269515
269568
269750
269780
269781
269785
269790
269860
270000
270001
270125
270250
270600
270601
270625
270829
271239
271244
271249
271250
271461
271581
271585
271625
271659
271920
271921
271925
272000
272001
272083
272084
272090
272125
272160
272223
272250
272251
272327
272412
272425
272426
272450
272544
272620
272640
272700
272910
272911
272915
273025
273070
273150
273240
273504
273505
273575
273600
273625
273636
273780
273910
273911
273925
273950
273975
273980
274040
274050
274060
274080
274125
274130
274140
274150
274175
274176
274200
274208
274209
274219
274252
274500
274626
274680
274701
274716
274725
274820
274824
274860
274896
274914
274950
274968
274986
274999
275009
275022
275030
275031
275035
275040
275041
275045
275050
275051
275058
275066
275069
275071
275073
275075
275079
275081
275083
275086
275094
275100
275101
275107
275117
275121
275130
275143
275153
275166
275184
275200
275202
275220
275238
275256
275328
275400
275436
275500
275501
275520
275521
275525
275526
275530
275600
275625
275630
275711
275720
275721
275725
275730
275740
275832
275833
275930
275931
275946
275976
276000
276001
276025
276040
276125
276304
276305
276331
276335
276340
276371
276375
276400
276403
276410
276415
276416
276418
276419
276425
276426
276428
276435
276450
276451
276455
276480
276481
276485
276490
276491
276495
276500
276501
276540
276580
276590
276625
276630
276635
276645
276650
276655
276700
276750
276784
276785
276822
276824
276825
276859
276860
276869
276870
276872
276873
276904
276905
276907
276908
276909
276917
276918
276919
276944
276945
276952
276953
277020
277045
277046
277050
277109
277186
277271
277281
277380
277424
277425
277536
277540
277550
277552
277560
277727
277737
277780
277816
277873
277980
277992
277993
278089
278091
278093
278099
278100
278101
278103
278189
278199
278406
278455
278460
278465
278640
278641
278642
278645
278771
278855
278880
278964
279006
279279
279331
279341
279370
279450
279538
279539
279901
279930
279975
280000
280001
280025
280098
280125
280224
280225
280260
280296
280320
280350
280430
280440
280441
280445
280450
280458
280500
280530
280610
280620
280630
280641
280656
280800
280826
281384
281385
281418
281554
281781
281821
281831
281871
281998
281999
282403
282404
282405
282413
282414
282415
282485
282495
282699
282701
282725
282726
282807
282818
282819
282893
282895
282905
282908
282909
282918
282947
283062
283100
283101
283125
283350
283557
284000
284001
284125
284211
284280
284281
284285
284310
284355
284356
284360
284375
284500
284544
284625
284626
284832
284833
284908
284961
285116
285235
285236
285240
285246
285255
285256
285260
285278
285279
285336
285437
285525
285714
285775
285847
285857
286135
286136
286140
286200
286267
286340
286650
287000
287500
287550
287560
287640
287810
287820
287830
287924
288000
288001
288005
288060
288225
288243
288252
288315
288331
288360
288400
288440
288450
288460
288477
288495
288501
288505
288533
288535
288540
288541
288545
288548
288549
288558
288576
288580
288581
288585
288612
288621
288630
288666
288702
288750
288751
288757
288765
288783
288873
288936
288945
289100
289170
289171
289179
289219
289229
289240
289269
289350
289451
289455
289460
289660
289661
289665
289667
289695
289755
290000
290001
290125
290304
290444
290445
290472
290500
290598
290950
291100
291101
291125
291150
291200
291575
291600
291625
291636
291746
291840
291841
291845
291900
292050
292080
292125
292320
292411
292416
292421
292449
292474
292500
292600
292734
292740
292875
293020
293301
293352
293377
293500
293573
293760
293888
293889
293896
293986
294083
294120
294147
294156
294163
294173
294253
294300
294400
294580
294750
294763
294840
295250
295680
295750
296001
296100
296125
296250
296400
296460
296500
296569
296640
296641
296645
297000
297024
297206
297432
297433
297472
297480
297481
297485
297540
297570
297675
297720
297721
297725
297735
297738
297780
297840
297900
297927
297937
297960
297961
297965
298020
298080
298111
298121
298320
298467
298507
298517
298557
298700
298726
298727
298800
298880
298900
298980
299026
299131
299132
299136
299137
299141
299142
299143
299153
299179
299184
299189
299376
299380
299400
299546
299547
299628
299629
299715
300150
300600
300664
300760
301000
301210
301320
301336
301350
301563
301860
302001
302125
302369
302375
302400
302425
302544
302779
302784
302789
303199
303264
303282
303750
303940
303985
304016
304017
304122
304320
304425
304476
304486
304500
304806
305200
305201
305214
305225
305243
305258
305259
305268
305400
305401
305425
305481
305485
305540
305545
305551
305555
305571
305575
305576
305577
305600
305601
305625
305626
305635
305640
305641
305645
305650
305705
305710
305711
305715
305730
305731
305735
305736
305737
305740
305750
305760
305770
305800
305801
305805
305825
305942
305943
305949
306000
306001
306025
306125
306180
306229
306666
306929
306936
306943
307125
307200
307440
307580
307692
307728
308124
308205
308320
308321
308325
308854
308926
309000
309320
309321
309375
309420
309582
309600
309673
309727
309780
309825
309826
309946
309950
309960
309970
309996
310000
310068
310080
310140
310311
310320
310464
310473
310500
310549
310559
310590
310624
310644
310692
310760
310842
310851
310860
310861
310878
311000
311030
311040
311041
311045
311050
311076
311100
311220
311280
311346
311382
311400
311418
311427
311467
311472
311477
311481
311485
311495
311501
311503
311513
311516
311517
311519
311521
311523
311529
311531
311533
311536
311551
311557
311562
311567
311571
311580
311584
311590
311598
311600
311601
311605
311610
311650
311652
311706
311766
311800
311976
312000
312001
312010
312011
312015
312080
312102
312125
312130
312138
312408
312420
312421
312425
312480
312493
312500
312503
312588
312741
312820
312821
312825
312830
312831
312835
312840
312841
312845
312858
312984
313035
313045
313070
313071
313081
313085
313113
313115
313116
313125
313126
313128
313129
313138
313160
313161
313165
313170
313171
313180
313181
313185
313210
313225
313226
313230
313231
313235
313236
313240
313241
313245
313246
313250
313251
313255
313256
313260
313300
313301
313305
313379
313394
313397
313401
313404
313407
313411
313414
313419
313429
313470
313485
313486
313491
313495
313500
313501
313506
313507
313510
313511
313516
313517
313518
313520
313527
313536
313537
313582
313583
313640
313641
313645
313650
313651
313655
313660
313661
313665
313682
313763
313773
313880
313929
313943
313950
313956
314020
314060
314061
314065
314076
314090
314091
314097
314139
314153
314169
314179
314183
314193
314209
314223
314260
314261
314265
314307
314419
314433
314470
314471
314475
314488
314489
314496
314526
314640
314678
314928
315000
315042
315224
315252
315288
315400
315454
315455
315815
315900
315947
315957
316230
316386
316635
316645
316655
316862
316920
316921
317000
317045
317050
317055
317065
317070
317075
317120
317184
317226
317241
317245
317337
317465
317475
317485
317562
317568
317569
317625
317632
317750
317751
317755
317824
317825
317832
317833
317850
317875
317883
317890
317898
317952
317954
318087
318160
318161
318165
318305
318475
318500
318525
318577
319300
319301
319500
319725
320001
320040
320125
320251
320255
320436
320500
320531
320590
320600
320618
320633
320634
320640
320643
320670
320671
320810
320866
320880
320922
320923
320929
320950
320951
320955
321360
321625
321708
321743
321750
321751
321758
321759
321768
321804
322040
322322
322344
322759
322760
322769
322770
322798
322808
322884
322974
323025
323050
323059
323064
323065
323069
323071
323075
323154
323244
323676
324000
324275
324324
324675
324700
324720
324725
325080
325125
325458
325480
325481
325485
325875
326144
326214
326299
326309
326394
326592
326800
327492
327493
327540
327551
327558
327575
327600
327625
327782
327888
327969
328000
328001
328025
328320
328356
328500
328687
328692
328697
328860
329025
329184
329600
329601
329602
329605
329868
329958
330043
330048
330050
330051
330053
330075
330084
330138
330228
330240
330264
330296
330297
330349
330480
330528
330600
330615
330625
330723
331000
331030
331031
331035
331040
331041
331045
331050
331051
331055
331056
331057
331060
331070
331080
331090
331226
331240
331628
331660
331680
331681
331685
331695
331752
331777
332019
332150
333000
333072
333681
333685
333704
333713
333720
333728
333729
333738
333760
333761
333765
333810
334044
334075
334109
334125
334126
334147
334148
334324
334554
334611
334692
334807
335062
335351
335361
335758
335768
335972
336000
336001
336125
336336
336500
336525
336526
336532
336610
336611
336615
336620
336960
337020
337185
337416
337417
337433
337484
337688
337824
338169
338247
338248
338250
338251
338257
338258
338332
338333
338520
338580
338659
338669
339000
339031
339032
339291
339292
339306
339307
339309
339310
339313
339314
339316
339317
339319
339320
339323
339324
339326
339327
339332
339341
339342
339347
339350
339354
339360
339364
339367
339382
339438
339486
339822
339898
340200
340201
340225
340252
340704
341012
341500
341530
341531
341535
341540
341551
341552
341649
341694
341695
341760
341761
341765
341775
341820
341880
341940
341964
342000
342018
342144
342350
342351
342357
342358
342375
342376
342458
342500
342760
342774
343191
343192
343201
343202
343350
343386
343454
343575
343603
343613
343773
343775
343800
343825
343836
343845
343925
343945
343953
343980
344000
344001
344025
344032
344033
344250
344286
344375
344376
344377
344385
344400
344401
344405
344416
344417
344425
344426
344427
344437
344448
344450
344460
344475
344482
344483
344487
344500
344501
344525
344625
344675
344700
344725
344736
344775
344800
344801
344825
344975
345000
345025
345150
345254
345303
345380
345400
345401
345425
345493
345499
345508
345509
345518
345575
345576
345600
345601
345625
345626
345650
345675
345681
345682
345691
345692
345700
345725
345790
345800
345801
345810
345825
345861
345875
345900
345925
345980
346075
346080
346081
346085
346099
346109
346164
346180
346402
346450
346451
346475
346493
346500
346501
346508
346509
346518
346525
346625
346780
346825
347175
347200
347225
347244
347361
347362
347620
347750
347778
348138
348140
348257
348264
348271
348390
348575
348600
348612
348625
348683
348936
348992
348993
348999
349279
349320
349321
349325
349380
349821
349822
349920
350200
350201
350205
350244
350280
350350
350675
350779
350784
350789
351000
351001
351025
351260
352260
352550
352551
352575
352625
352660
352737
352944
353045
353580
353584
353585
354200
354240
354241
354245
354300
354750
354751
355095
355500
355863
355864
355868
355869
355873
355874
355906
355911
355916
357000
357435
357552
357588
357840
357841
357845
357896
358176
358177
358202
358280
358440
358488
358560
358750
358751
358775
358777
358800
358801
358805
358808
358809
358810
358875
358880
358881
358885
358945
358950
358951
358955
358970
358971
358975
358976
358977
359017
359040
359041
359045
359048
359049
359052
359062
359083
359084
359093
359094
359097
359120
359121
359125
359128
359129
359130
359337
359368
359369
359375
359424
359425
359450
359478
359528
359736
359919
360000
360080
360081
360085
360542
360800
360801
360825
361035
361088
361550
361620
361621
361625
361630
361825
362155
362175
362194
362195
362250
362472
362544
362825
362880
363001
363125
363295
363447
363880
363881
363885
363916
363917
363923
363975
364000
364025
364144
364145
364155
364188
364320
364500
364550
364707
364708
364714
364800
365000
365148
365460
365505
365510
365515
365521
365523
365525
365530
365531
365533
365535
365580
365750
365761
365765
365820
365884
365885
366002
366030
366212
366213
366376
366377
366540
366541
366545
366550
366592
366611
366641
366645
366705
366736
366737
366765
366769
366781
366782
366791
366792
366800
366801
366805
366850
366907
366912
366917
367114
367115
367125
367196
367197
367227
367350
367351
367355
367360
367361
367365
367370
367371
367375
367380
367420
367430
367659
367660
367680
367681
367685
367688
367689
367740
367765
367766
367775
367776
367822
367909
367910
367924
367925
367927
367928
367931
367932
367937
367938
367941
367942
367944
367945
367959
367960
367990
368000
368010
368093
368094
368103
368104
368180
368181
368185
368190
368354
368508
368509
368550
368565
368568
368572
368575
368576
368578
368582
368585
368600
368672
368673
368754
368755
369000
369077
369078
369087
369088
369492
369493
369656
369657
369720
369730
369984
369985
370300
370346
370489
370490
370496
370497
370503
370504
370510
370678
370710
370734
370800
370804
370818
370844
370937
370944
370951
371010
371145
371254
371264
371304
371591
371674
371790
371830
371840
371850
371952
371953
371959
372150
372151
372172
372175
372225
372239
372250
372260
372396
372411
372414
372418
372424
372428
372431
372446
372582
372592
372600
372670
372708
372860
373002
373100
373101
373105
373110
373140
373158
373168
373243
373251
373253
373282
373295
373315
373338
373500
373578
373588
373674
373675
373680
373681
373685
373740
373750
373920
373921
373925
373935
373980
373998
374160
374161
374164
374165
374220
374311
374325
374395
374409
374496
374920
375102
375361
375375
375678
375755
375775
375830
375882
375889
375904
375905
375921
376164
376285
376286
376292
376488
376740
376980
377286
377650
378000
378036
378231
378240
378480
378560
378720
379500
379501
380000
380001
380125
380205
380500
381225
381385
381405
381500
381565
381651
381654
381655
381851
381875
381950
381951
381955
381975
381979
381981
381985
381990
382000
382011
382015
382025
382031
382035
382040
382041
382043
382045
382046
382051
382055
382058
382059
382060
382061
382063
382065
382066
382067
382068
382070
382071
382074
382075
382076
382077
382078
382079
382080
382088
382090
382091
382095
382096
382110
382111
382115
382140
382141
382142
382143
382145
382150
382151
382155
382160
382200
382240
382242
382250
382251
382275
382284
382285
382470
382471
382475
382500
382536
382564
382585
382725
382950
382970
383625
383670
383796
384600
384709
384751
384792
384793
386022
386750
386946
387289
387296
387303
387450
387468
387750
387900
388206
388570
388575
388690
388691
388695
388700
388752
388775
388800
388825
389025
389160
389340
389500
389501
389625
389844
390250
390474
391515
391875
391876
391986
392000
392616
392652
392868
393600
393601
393605
393660
394095
394250
394875
394940
395010
395520
395604
395889
396000
396112
396113
396760
396900
396960
396961
396965
397040
397243
397244
397248
397249
397253
397254
397255
397265
397280
397291
397296
397301
397440
398016
398400
398520
398848
398849
398912
399343
399344
399350
399490
399654
400374
400459
400469
400554
400625
401128
401274
401300
401310
401320
401700
402300
402570
402606
402749
402750
402948
403130
403175
403200
403225
403236
403650
403659
403662
403686
403712
403740
403767
403820
403830
403840
403848
403920
403929
403969
403979
404000
404010
404019
404020
404046
404096
404097
404100
404107
404190
404289
404352
404800
404950
405090
405126
405132
405270
405324
405860
405900
406760
406770
406780
406879
406880
406881
406889
406890
406891
406961
406971
407286
407371
407381
407466
407620
407665
407670
407675
407685
407690
407695
407740
408044
408539
408580
408590
408600
409024
409500
410410
410500
410501
410625
411000
411019
411020
411075
411312
411313
411378
411516
411642
412230
412506
412560
412578
412650
413140
413445
413640
413760
413761
413765
413800
413801
413805
413806
413810
413811
413815
413816
413820
413821
413825
413826
413830
413831
413835
413836
413840
413850
413880
413881
413885
414040
414050
414060
414960
415365
415369
415870
415998
416234
416328
416500
416501
416556
416603
416625
416725
416780
416781
416785
417000
417139
417149
418000
418054
418383
418446
418462
418463
418600
418968
419146
419328
420000
420145
420210
420245
420265
420365
420420
420750
420751
420869
422076
422077
422127
422874
422892
423424
423425
423432
423489
423609
423613
423776
423777
423793
423844
423936
424875
426790
427350
427513
427523
427785
427791
427881
427912
427913
428008
428009
428015
428480
428481
428485
428792
428944
428985
429016
429017
429335
429355
430000
430001
430080
430081
430085
430125
430140
430500
430501
430525
430540
430560
430561
430565
430625
430750
430755
431000
431001
431125
431172
431250
431525
431694
431695
431725
431750
431781
432216
432476
432495
432500
432595
432600
432601
432605
432668
432675
432683
432684
432693
432875
432876
432900
433125
433475
433862
433863
433920
433944
434269
434660
435250
435750
436240
436250
436450
436650
436653
437040
437060
437061
437065
437070
437250
437251
437470
437850
437962
437963
437969
438470
438480
438481
438485
438490
438529
438530
438536
438537
438543
438544
438550
438628
438629
438681
438725
438782
438783
439110
439111
439117
439153
439187
439188
439197
439198
439599
439602
439603
439609
439920
440422
440423
440827
440828
440837
440838
440839
440849
441242
441243
441375
441595
441605
441610
442216
442217
442251
442252
442253
442261
442262
442263
442296
442297
442390
442624
442800
442801
442825
443303
443665
443702
443703
443825
443877
443884
443891
443961
444080
444133
444276
444277
444405
444465
444475
444522
444523
444543
444553
444939
444960
444963
445050
445212
445410
445500
445626
445662
445718
445752
445783
445793
445986
446001
446125
446203
446213
446220
446256
446257
446623
447300
447615
447985
448016
448017
448322
448350
448490
448491
448500
448686
448690
448700
448701
448705
448710
448742
448777
448790
448791
448794
448801
448805
448812
448833
448835
448836
448840
448845
448846
448848
448849
448858
448860
448861
448866
448870
448875
448880
448881
448882
448885
448886
448890
448891
448892
448893
448895
448900
448910
448911
448924
448930
448950
448957
448958
448994
449057
449113
449190
449191
449417
449432
449435
449439
449442
449445
449449
449452
449467
449694
449943
450000
450001
450100
450125
450268
451173
451183
451440
451441
451445
452088
452560
452561
452565
452630
452631
452635
452650
452651
452655
452720
452721
452725
452835
452855
453091
453101
453530
454090
454897
454923
455110
455247
455257
455260
455607
455875
456638
456725
456750
456775
456800
456825
456890
456900
456910
456960
456975
457000
457025
457209
457320
457321
457325
457925
458400
458401
458405
458442
458443
458460
458461
458465
458467
458468
458470
458477
458478
458502
458503
458640
458880
459380
460460
461250
461251
461275
461304
461305
461329
461370
461440
461520
461521
461525
461530
461538
461624
461625
461659
461660
461669
461670
461704
461705
462000
462024
462025
462231
462275
462672
462673
463400
463457
464352
464725
464940
466125
466263
466560
466803
467203
467213
467400
467401
467425
467475
467568
467711
467712
467930
468071
468081
468153
468425
468441
470251
470288
471361
471366
471371
471500
471501
471625
472878
473100
473550
474375
474720
474721
474725
474935
475020
475072
475280
475525
475526
475550
475776
476100
476256
476328
476343
476353
477250
479700
479864
479865
479941
480375
480501
480525
480526
480750
480751
480755
480760
480795
480895
480896
480905
480906
481275
481276
481401
481509
482040
482076
482220
482328
482643
483210
483840
483876
483975
484020
484120
484380
485020
485040
485716
486000
486750
486751
486850
486932
487160
487307
487317
487692
488220
489216
489951
489975
490875
491589
492000
493290
493339
493570
493669
493719
493729
493779
494109
494401
494405
494912
494913
495000
495001
495117
495140
495319
496125
496175
496176
496200
496201
496205
496225
496226
496250
496260
496275
496300
496320
496321
496325
496350
496380
496460
496560
496561
496565
496575
496578
496585
496620
496775
496800
496801
496805
496825
496860
497088
497250
497340
497358
497412
497484
497493
497497
497507
497510
497513
497520
497528
497530
497531
497533
497535
497541
497543
497545
497548
497563
497569
497579
497583
497592
497664
497700
497718
497988
498150
498560
498561
498565
498570
498640
498970
499125
500912
500913
500952
500953
500987
500988
500997
500998
501032
501033
501066
501072
501073
501184
501185
501192
501375
501399
501409
502038
502251
502275
502320
502425
502544
502545
502551
503727
504018
504240
504300
504504
504640
504874
504875
506250
506760
507031
507072
507073
507296
507489
507870
508690
509130
509210
509230
509310
509432
509433
510048
510614
510615
511019
511020
511021
511029
511030
511031
511101
511111
511434
511435
511500
511501
511721
511728
511735
512401
512405
512785
512800
512849
512889
512929
512940
512960
512961
513041
513072
513073
513112
513113
513216
513217
513520
513521
513525
513540
515625
516048
516049
516074
516076
516152
516375
516672
516841
516875
516876
516900
517041
517251
517261
517500
517590
517671
518400
518643
518650
518651
518675
518800
518810
518967
519030
519120
519121
519125
519200
519210
519220
519327
519367
519377
519390
519417
519777
519792
519880
519881
519885
519890
520506
520542
520632
520830
520960
521010
521011
521015
521020
521180
521640
521837
521838
522411
522421
522468
522627
522751
522755
524318
524319
524800
524801
524952
524975
525000
525047
525206
525216
525616
525621
525844
525948
525949
526071
526162
526171
526176
526181
526194
526195
526353
526354
526363
526364
526680
526768
526769
527355
527365
527472
527473
527626
527627
527879
528264
528448
528449
528458
528459
528490
528491
528495
528756
528768
529087
529097
529270
529271
529275
529280
529281
529285
529290
529291
529295
529300
529664
529665
529720
529728
529910
529914
529920
529921
529925
529930
529980
529984
530004
530082
530083
530097
530098
530100
530101
530104
530105
530110
530111
530114
530115
530117
530118
530132
530133
530160
530664
530689
530723
530738
530741
530745
530751
530755
530758
530773
530950
531360
531361
531365
531370
531480
531622
531756
531757
531766
531767
531770
532219
532299
532309
532350
532362
532389
532399
532409
532527
532537
532588
532589
532611
532772
532782
532872
532873
533000
533001
533125
533192
533232
533442
533500
533520
533760
533820
533912
533913
533947
533948
533953
533957
533958
533992
533993
534060
534359
534369
534730
534800
534835
534849
534856
534865
534870
534871
534875
534877
534879
534889
534905
534919
534935
535032
535033
535311
535339
535600
535896
535897
536250
536251
536419
536429
536544
537509
537550
537551
537555
537560
537600
537840
538200
538377
538378
538538
538764
538902
539028
539443
539453
539500
540358
540375
540432
540433
540849
542184
542185
542271
542934
543840
543841
543845
544500
544501
544950
545020
545021
545025
545139
545286
545300
545615
545900
546216
546217
546282
547272
547274
547350
547351
547375
548100
548280
548287
548297
548375
548625
548796
549972
550062
550147
550157
550242
550332
550782
550783
551040
551041
551045
551055
551448
551460
552000
552081
552085
552600
552601
552625
552750
552775
552776
552800
552801
552825
552826
552850
553000
553001
553025
553270
553280
553290
553500
554140
555100
556192
556200
556776
556812
556875
556956
557235
557760
559062
559125
560000
560001
560125
560520
560560
560700
560865
560870
560875
560876
560880
560885
560890
560900
560916
561060
561240
561834
562562
562625
562768
562769
562785
562836
563526
563562
563571
563611
563621
563647
563657
563661
563706
563742
563823
563833
565292
565362
565398
565614
565838
566370
566556
566566
566743
566753
567000
567087
567102
567105
567109
567115
567119
567122
567137
567471
567481
567658
567840
568000
568386
568521
568525
568553
568568
568569
568578
568600
568601
568605
568620
568650
568932
569250
569251
569478
570223
570224
570456
570490
570491
570492
570495
570500
570663
570664
570673
570674
570745
570752
570759
571050
571113
571114
571428
571662
572026
573000
573001
573125
573300
573375
574912
574913
574938
575495
575505
575515
575640
576000
576001
576125
576486
576630
576800
576900
576990
577062
577075
577080
577085
577118
577125
577126
577133
577134
577143
577152
577206
577242
577251
577332
577368
577500
577530
577566
577710
577746
577773
577890
578340
578358
578443
578453
578538
579341
579342
579348
579349
579355
579356
579362
579510
579670
580461
580986
582200
582201
582208
582209
582219
582225
582764
582912
583200
583225
583887
584000
584251
584375
584580
584625
584630
584635
584645
584650
584655
584700
584832
584907
585040
585041
585045
585468
586404
587100
587860
588240
588357
588588
589375
589670
589690
589875
590976
591500
591794
591795
592825
592920
593406
593765
593775
593785
593866
594000
594001
594500
594501
594525
594771
594776
594781
595525
595686
596160
596934
597019
597029
597114
597600
597770
597780
597790
597960
598125
598176
598248
598273
598780
599011
599481
599676
600000
600001
600125
600281
600403
600651
600691
600701
600741
601083
601675
601911
602250
602640
602910
603855
605570
605626
605640
605735
605755
606801
606825
607500
607635
607825
607986
608000
608001
608125
608500
608608
608850
609141
609145
609588
610203
610323
610327
611120
611121
611125
611130
611200
611201
611205
611241
611265
611270
611271
611272
611273
611275
611276
611286
611290
611291
611295
611296
611297
611307
611308
611317
611318
611321
611352
611353
611360
611361
611365
611440
611441
611445
611450
611520
611820
612000
612045
615384
616000
618640
618750
619750
619751
619875
619920
620250
620251
620275
620375
620438
620500
620622
620700
620701
620725
620750
620751
620775
620875
621000
621150
621151
621175
621384
621500
621675
621684
621875
621900
621925
622080
622125
622764
622801
622825
622854
622939
622949
622962
623034
623047
623057
623124
623142
623175
623176
623185
623200
623201
623216
623217
623225
623226
623250
623275
623300
623325
623600
623601
623625
624204
624512
624513
624529
625250
625251
625275
625482
625600
625660
625661
625665
625670
625742
625743
625898
625988
625989
626140
626235
626245
626316
626317
626340
626393
626394
626403
626404
626470
626471
626475
626480
626481
626485
626490
626491
626495
626500
626537
626538
626552
626553
626555
626556
626559
626560
626565
626566
626569
626570
626572
626573
626587
626588
626721
626722
626731
626732
626803
626808
626809
626813
626940
626993
627008
627009
627018
627136
627137
627300
627301
627305
627310
627382
627383
627718
628180
628612
628613
628725
630000
630504
630775
630800
630825
631001
631002
631764
632128
632875
633178
633290
633373
633622
633696
633697
633703
633840
633954
633983
634000
634032
634042
634110
634120
634130
634178
634193
634196
634200
634206
634210
634213
634228
634364
634374
634452
634784
634950
635033
635131
635132
635141
635142
635143
635153
635251
635899
635909
636278
637252
637253
637329
639271
639272
639375
639600
639601
639625
639660
640000
640044
640098
640099
640227
640625
640872
641001
641025
641181
641200
641250
641320
641321
641340
641900
643500
644644
646000
646776
647433
648000
648001
648125
648128
648129
648154
648232
648500
649315
649475
649495
649655
651000
651750
651751
652288
655427
655875
656032
656574
656575
656640
657025
657480
657720
657960
659201
659205
660000
660001
661260
662080
662081
662085
662112
662113
662120
662160
663026
663381
663385
663931
663936
663941
664125
664581
664846
665028
666750
668243
668250
668258
668259
668268
668486
668500
669222
671580
671581
671585
671775
672000
672750
673050
673051
673075
674450
674451
674475
675625
678627
678628
678629
678637
678638
678639
678709
678719
679042
679770
682675
684000
684036
684320
686700
687150
687510
687546
687575
687600
687625
687680
687681
687690
687700
687708
687721
687731
687771
687780
687860
687870
687880
687906
688050
688500
688800
688801
688825
689075
689128
689129
689139
689825
690120
690121
690125
690826
690850
691018
691033
691034
691043
691225
691226
691250
691475
691600
692081
692085
692145
692176
692177
692200
692201
692205
692240
692241
692245
692270
692271
692275
692290
692291
692295
692360
692361
692365
692510
693000
693001
693315
693420
694260
694320
694330
694340
694440
694441
694445
694488
694950
695180
695225
695230
695235
695245
695250
695255
695300
695475
695495
696140
696150
696160
697060
697125
697532
697655
697970
699840
700154
700280
700281
700285
701118
701250
701251
701500
701550
701568
702000
705200
705201
705205
705250
705320
705321
705325
705375
705432
705452
706010
706011
706015
706030
706031
706035
706160
706215
706235
706840
706841
706845
707240
707260
708820
711760
711761
711765
712000
712001
712125
712759
712769
712908
713000
713800
714620
714640
715104
715460
717500
717501
717584
717585
717625
717750
717920
717921
717925
717930
718064
718065
718104
718105
718139
718140
718149
718150
718184
718185
718224
718225
718704
718705
718750
719550
720000
720012
720013
720099
720440
721125
722750
722925
723492
723626
723650
723991
724330
724551
724561
725120
725121
725125
725760
726250
726894
727180
727750
727751
727875
729000
731030
731040
731050
731056
731850
732550
732998
732999
733096
733440
733441
733445
733500
734275
735458
735459
735863
735864
735865
735873
735874
735875
736278
736279
736625
737145
737155
737380
737381
737385
738000
738001
738125
738738
738739
740025
740460
740461
740465
740675
741147
741600
741750
741937
742500
744427
744837
744847
744867
744876
744877
745257
745416
746031
746280
746610
746625
747000
747747
749291
749306
749309
749313
749319
749323
749326
749341
749490
750247
750257
750750
750932
751366
751367
751530
751771
751772
751781
751782
751783
751793
752186
752187
753116
753951
754073
754551
754875
755191
755201
756000
757188
758394
759357
759850
760000
760032
760529
760939
760949
761359
762001
762125
762433
762790
762943
763023
763033
763113
763623
763681
763691
763900
763985
764016
764017
764044
764070
764071
764081
764085
764090
764100
764101
764105
764110
764111
764113
764115
764116
764120
764125
764126
764128
764129
764131
764132
764135
764136
764138
764141
764142
764143
764145
764160
764161
764165
764170
764171
764207
764208
764210
764300
764307
764361
764375
764400
764425
764582
765450
766000
766001
766125
766413
766533
766537
768950
769440
772821
774900
774936
775320
775800
776385
777150
777575
777600
777625
778050
778491
778500
778501
778625
778680
778698
778725
778770
778805
778825
778905
779000
779001
779025
779125
779280
779500
779501
779625
780025
780759
781245
784784
784875
785211
785225
785232
785863
785868
785873
786240
788000
788500
789000
789750
792000
793920
793921
793925
793935
794400
794472
794497
794880
794976
796250
801500
802620
803880
803894
803928
803929
804057
804144
804375
805140
805707
807282
807300
807318
807480
807650
807660
807670
807696
807716
807822
807840
807858
807867
807907
807917
807943
807953
807957
808002
808020
808038
808542
808578
808704
810180
811800
812084
812812
813176
813540
813732
814081
814091
814814
814996
815350
815360
815370
815760
816088
816265
816275
816609
816624
816627
816631
816637
816641
816644
816659
816993
817003
817180
817908
818272
818454
818489
818496
818503
819177
819187
820000
820001
820092
820125
820456
821184
822150
825120
825156
825300
825552
826560
826561
826565
826620
826800
827280
827575
827576
827600
827601
827616
827617
827625
827626
827630
827631
827632
827634
827635
827638
827639
827640
827641
827644
827645
827648
827649
827650
827651
827652
827655
827660
827666
827667
827675
827700
827725
828000
828100
829374
829440
829441
829445
829500
829680
829920
830000
830160
831285
833280
833625
833626
836640
836892
840477
840510
840527
840537
840587
841525
841526
841550
841694
842550
842714
844074
845784
848043
848484
852637
852638
853668
853825
853826
853850
854850
855792
855793
855799
856900
858000
858001
858690
859518
860704
860705
860730
860808
861000
861750
862125
864500
865200
865201
865205
865581
865585
865613
865620
865628
865629
865638
865660
865661
865665
865710
866250
866251
867260
870375
870912
873600
876960
877243
877248
877253
877560
880128
881640
881665
885248
885585
889705
889749
889920
889921
889925
891000
891252
891980
892296
892297
896000
896001
896125
896427
896896
896980
897001
897025
897385
897400
897416
897417
897580
897652
897675
897685
897743
897750
897758
897759
897768
897780
897800
897801
897825
898380
898656
898657
898879
898889
899063
899776
899777
899793
900864
902280
904000
904050
904051
904075
905280
905281
905285
905290
905625
905690
908019
909279
909656
909657
909691
909692
909701
909702
909736
909737
910103
910113
910404
910405
910415
910500
911625
912912
913760
913800
913805
913810
913815
913825
913830
913835
913880
915075
915750
915751
916350
916351
916375
916500
916800
918375
918376
918400
918401
918425
918426
918450
919875
919975
920000
920025
920450
920451
920475
920736
920737
921153
924000
924462
927000
927001
927005
927525
929060
929575
929600
929625
929740
931675
932076
932750
932751
932775
933120
934375
935424
939360
939361
939365
939720
939721
939725
939735
940576
941420
944125
951180
951720
952000
953694
955000
955001
955125
955136
955137
955162
955500
956000
956800
961770
962766
962802
962962
963018
964080
965250
965286
966784
967590
967591
967595
967680
967785
968628
968760
969192
969193
969199
970060
971725
971726
971750
972062
972900
973329
973336
973343
973679
973882
974610
974787
974797
975702
977522
977625
978427
978437
979342
984802
986076
986622
988428
988429
988435
988715
988800
990001
990150
993163
993164
993173
993174
993175
993185
994125
994986
995071
995081
995166
996300
998325
1000482
1000593
1001160
1001275
1001397
1003833
1004076
1008000
1008036
1008940
1008941
1008945
1009593
1010025
1010160
1010651
1010655
1010988
1012500
1012947
1013520
1014094
1014095
1014750
1015740
1016390
1016391
1016395
1017200
1017201
1017205
1017220
1017221
1017225
1017405
1017425
1017825
1017945
1017949
1018260
1018430
1018440
1018450
1018620
1023363
1023403
1023413
1023453
1025480
1025481
1025485
1025889
1025920
1026112
1026113
1026461
1026720
1027125
1028785
1033750
1033751
1033875
1034000
1034001
1034125
1034500
1034501
1034525
1034625
1035000
1035001
1035125
1035828
1037400
1037934
1038420
1038654
1038739
1038749
1038834
1039500
1039501
1039554
1041012
1043625
1046500
1050500
1050525
1056079
1056080
1057356
1060209
1060210
1060211
1060219
1060220
1060221
1061491
1061501
1064250
1064349
1064350
1065016
1065017
1065033
1065064
1065636
1066830
1066831
1066835
1067045
1067080
1067604
1067605
1067733
1068120
1069740
1072500
1076250
1078004
1089000
1089001
1090125
1090126
1090244
1090341
1092650
1092651
1092675
1093125
1093675
1095850
1095906
1095920
1096175
1096200
1096225
1096320
1096560
1096800
1100040
1100041
1100045
1101879
1102100
1103799
1103803
1104000
1104001
1104125
1104500
1105501
1105560
1105561
1105565
1105630
1105631
1105635
1105650
1105651
1105655
1105720
1105721
1105725
1105975
1106560
1109625
1112384
1112400
1113552
1113750
1120000
1120574
1121225
1121750
1121751
1121760
1121775
1122095
1122100
1122101
1122105
1122975
1125432
1127052
1127142
1127227
1127237
1127322
1127412
1130724
1133314
1134219
1134229
1135134
1137775
1138493
1138508
1138509
1138518
1140048
1140912
1141875
1146150
1146151
1146175
1151010
1151150
1152837
1153800
1153801
1153825
1154160
1154250
1154376
1154412
1154502
1154736
1155000
1155420
1158318
1162350
1163190
1164618
1165221
1165225
1165626
1167348
1167448
1167458
1167894
1168253
1168263
1169168
1169270
1169280
1169290
1169664
1169825
1170080
1170081
1170085
1171082
1171097
1171100
1171104
1171110
1171114
1171117
1171132
1171500
1171501
1172140
1172990
1174756
1174766
1175625
1176588
1176942
1178997
1179360
1183000
1183896
1184500
1185884
1185885
1186812
1187550
1187950
1189377
1190880
1190881
1190885
1190940
1191120
1192320
1194800
1194801
1194805
1195560
1196860
1198962
1199660
1199661
1199665
1200346
1201302
1201387
1201397
1201482
1201750
1201875
1201876
1201900
1203384
1203822
1206216
1209220
1210923
1211490
1211863
1211873
1212736
1212750
1212813
1214290
1215240
1215241
1215245
1215435
1215972
1216782
1217900
1218376
1219521
1219525
1221580
1222512
1222513
1222552
1222553
1222560
1222561
1222565
1222570
1222587
1222588
1222597
1222598
1222632
1222633
1222672
1222673
1223040
1223640
1225125
1230060
1233925
1241460
1241461
1241465
1241475
1242000
1242768
1243350
1243755
1243775
1243800
1243825
1243835
1243855
1243935
1244250
1246400
1246401
1246425
1247425
1252401
1252405
1252465
1252496
1252497
1252560
1252561
1252565
1252714
1252715
1253119
1253120
1253121
1253129
1253130
1253131
1253534
1253535
1267991
1268401
1268411
1268736
1268821
1270248
1270273
1276740
1276741
1276745
1277550
1277551
1277555
1277570
1277571
1277575
1277755
1277775
1278380
1278381
1278385
1279341
1279348
1279355
1282401
1282405
1282500
1282640
1283850
1285440
1285441
1285445
1286208
1287500
1292310
1293130
1293150
1293552
1293970
1296000
1297458
1298025
1298919
1298970
1298999
1299009
1299089
1299700
1299701
1299725
1302525
1302526
1302550
1304100
1312000
1313477
1313494
1314460
1314624
1314625
1320001
1323175
1323176
1323200
1323201
1323225
1323226
1323250
1324125
1324300
1324775
1324800
1324825
1326720
1326721
1326725
1326780
1328400
1328401
1328425
1329425
1330656
1334550
1336825
1337161
1337175
1339880
1339881
1339885
1340095
1343875
1343876
1343900
1344600
1345500
1346520
1346521
1346525
1356220
1368000
1369750
1370250
1370700
1370750
1375020
1375200
1375326
1375362
1375370
1375371
1375380
1375390
1375411
1375416
1375421
1375447
1375457
1375461
1375506
1375542
1375560
1375740
1376128
1376129
1376154
1377792
1378580
1378650
1382021
1382025
1382053
1382068
1382069
1382078
1382100
1382101
1382105
1382150
1383175
1383200
1383225
1383912
1383913
1384320
1384321
1384325
1384560
1384561
1384565
1384570
1384952
1384953
1384987
1384988
1384997
1384998
1385032
1385033
1385985
1386016
1386017
1386072
1386073
1386112
1386380
1387750
1388660
1388842
1389388
1390116
1390293
1390303
1390319
1390470
1390480
1390490
1390637
1390652
1390655
1390659
1390665
1390669
1390672
1390687
1390970
1391021
1391031
1391208
1391399
1391409
1391936
1392300
1392482
1392489
1394001
1395212
1396680
1400000
1401708
1401709
1402115
1402200
1402236
1403100
1403131
1403141
1404150
1406988
1406989
1407005
1407252
1409058
1409130
1410750
1410751
1412040
1412041
1412045
1412050
1412271
1412450
1414098
1414500
1416058
1416059
1418518
1418519
1418525
1418802
1418923
1418924
1418933
1418934
1419335
1419338
1419339
1419345
1421395
1421405
1421798
1421799
1424094
1424095
1424101
1424275
1424381
1425816
1426225
1426226
1426250
1429260
1433327
1435817
1436148
1436149
1436227
1436237
1436565
1436647
1438528
1438650
1439100
1439137
1442250
1442700
1446120
1452000
1452001
1453662
1456125
1457274
1458000
1462080
1462112
1470840
1474875
1474876
1485000
1485216
1490580
1492560
1494450
1495680
1495681
1495685
1495740
1495920
1496950
1498627
1498637
1503528
1503553
1512000
1513920
1527801
1527825
1528000
1528001
1528125
1528140
1528185
1528200
1528216
1528217
1528235
1528243
1528245
1528258
1528259
1528268
1528340
1528600
1528601
1528625
1529528
1539000
1547896
1547897
1547903
1549800
1552770
1554280
1556901
1557360
1557396
1557450
1557540
1557620
1557630
1557640
1557810
1558000
1558071
1558111
1558121
1558161
1559250
1559268
1559331
1562490
1564150
1564151
1564175
1565200
1565600
1565601
1565605
1566175
1566176
1566200
1566201
1566225
1566226
1566250
1567010
1567030
1567660
1568250
1568251
1568275
1568840
1570870
1570926
1570940
1579760
1583225
1585275
1585300
1585325
1587375
1588398
1590012
1590318
1590322
1592500
1603125
1613820
1613821
1613825
1614015
1614564
1615250
1615320
1615644
1615734
1615819
1615829
1615914
1616004
1617084
1623500
1626898
1628848
1628849
1628874
1631520
1632358
1633263
1633273
1633500
1634178
1638000
1639638
1643460
1648712
1650240
1655277
1655278
1655279
1655287
1655288
1655289
1667666
1668571
1668581
1669486
1676780
1678811
1678815
1691260
1691261
1691265
1693320
1696570
1696571
1696575
1696590
1696591
1696595
1696604
1696775
1696795
1698659
1708582
1708583
1710648
1715980
1715981
1715985
1718040
1719000
1719036
1719243
1719675
1722000
1722001
1722125
1722160
1722500
1723500
1725000
1728000
1728001
1728125
1728430
1728431
1728435
1728500
1729000
1729500
1730400
1730520
1731368
1731375
1731383
1731384
1731393
1732500
1732501
1736000
1736625
1741383
1743000
1753920
1757250
1779340
1779341
1779345
1779555
1782000
1782001
1784328
1786125
1788584
1788585
1788591
1788871
1794800
1794801
1794825
1795281
1795285
1795345
1795376
1795377
1795440
1795441
1795445
1806750
1810396
1810825
1820000
1827575
1827600
1827616
1827625
1827630
1827631
1827634
1827638
1827640
1827644
1827648
1827650
1827651
1827666
1833930
1833931
1833935
1834560
1837125
1838850
1838851
1838855
1839660
1839661
1839665
1839680
1839681
1839685
1840490
1840491
1840495
1842865
1842885
1845410
1845411
1845415
1848625
1856250
1856251
1856295
1856763
1859625
1860375
1861275
1862095
1862115
1862935
1866240
1866525
1867915
1878825
1879683
1879687
1881000
1881001
1883637
1885125
1900704
1905750
1906975
1910000
1910250
1910251
1910275
1925532
1930500
1944000
1980000
1986240
1986241
1986245
1986300
1986312
1986337
1986480
1987776
2002320
2004183
2004750
2006550
2007666
2010404
2016000
2019150
2019186
2019534
2019535
2019798
2019870
2019941
2020050
2021976
2028927
2029500
2030074
2030075
2033850
2034420
2034421
2034425
2034430
2034830
2036880
2038375
2038400
2038425
2040209
2040210
2042676
2042950
2044339
2044340
2044349
2044350
2044751
2044761
2046726
2046811
2046821
2046906
2048479
2048480
2050956
2052000
2054831
2069075
2069076
2069100
2069101
2069125
2069126
2069150
2069154
2069155
2069571
2070250
2071656
2085720
2101275
2119936
2136750
2137590
2146725
2151864
2151865
2151890
2163000
2180682
2193163
2193173
2193828
2194486
2194500
2195960
2195961
2195965
2198020
2202750
2202751
2204160
2204161
2204165
2204220
2206875
2208000
2211256
2211257
2211280
2211281
2211285
2211290
2211291
2211292
2211301
2211302
2211336
2211337
2222740
2227500
2228940
2231040
2243500
2244200
2244201
2244205
2244375
2244376
2247200
2247220
2250794
2255890
2263200
2263201
2263225
2264225
2265480
2276260
2283750
2284000
2284500
2285000
2292360
2292361
2292365
2308320
2308321
2308325
2308500
2308752
2333079
2335473
2336040
2340380
2342209
2342219
2343000
2343001
2347125
2351349
2356830
2357604
2360187
2363816
2364307
2371194
2371195
2371875
2375212
2375213
2375219
2375325
2375499
2392500
2392501
2396625
2400111
2404500
2404501
2404505
2421375
2425150
2436560
2442001
2446125
2450250
2468620
2481000
2481001
2481125
2481500
2482920
2482924
2484000
2487510
2487663
2487680
2487690
2487700
2487703
2487713
2487753
2487870
2504960
2504961
2504965
2507020
2507985
2508016
2508017
2536424
2536425
2536831
2546100
2555120
2555121
2555125
2555130
2555530
2565001
2567174
2567175
2567356
2567579
2567580
2567589
2567590
2567991
2567994
2567995
2568001
2574000
2574001
2575538
2575539
2575545
2578125
2580025
2586280
2594025
2596050
2596293
2596860
2598481
2598744
2598745
2598891
2598901
2599161
2599311
2606947
2612080
2626051
2626055
2628347
2629125
2629494
2629495
2630436
2630880
2631790
2631791
2631795
2632084
2636800
2642265
2642266
2642270
2645460
2650525
2650526
2650530
2650545
2650546
2650550
2653730
2653750
2658805
2658806
2658810
2661520
2661561
2662020
2662660
2663885
2669760
2669761
2669765
2671820
2674350
2674406
2674420
2682120
2693250
2693251
2697240
2741460
2750652
2750742
2750760
2750827
2750837
2750922
2751012
2757375
2764000
2764001
2764118
2764125
2764133
2764134
2764143
2772000
2772001
2776125
2780414
2781319
2781329
2782234
2796750
2804375
2804400
2818080
2818116
2818260
2821518
2833740
2835550
2835570
2837380
2853340
2853341
2853345
2877525
2885400
2885625
2892240
2895750
2917824
2923175
2923200
2923225
2945250
2948400
2968875
2973880
2985120
2988900
3003480
3028725
3040128
3056400
3056401
3056405
3056425
3056465
3056496
3056497
3056560
3056561
3056565
3106988
3109500
3111108
3113802
3114720
3115260
3116000
3116001
3116125
3116142
3116227
3116237
3116322
3116500
3118500
3118536
3118662
3131200
3131990
3131991
3131995
3132800
3132801
3132805
3132820
3132821
3132825
3133630
3133631
3133635
3134040
3135000
3135001
3139125
3142111
3142125
3142958
3146094
3148418
3149323
3149333
3150238
3154000
3155698
3170185
3171005
3171025
3171845
3175680
3175681
3175685
3175740
3179520
3187548
3247425
3267000
3319680
3368332
3368333
3368739
3386625
3386626
3390750
3393160
3393161
3393165
3393170
3393570
3402294
3406414
3409707
3409708
3409717
3409718
3410119
3410129
3416337
3416338
3420468
3436125
3436126
3438000
3438450
3438486
3438558
3438630
3439350
3440250
3448500
3451092
3451093
3451509
3461400
3461401
3461425
3465000
3471650
3476175
3476200
3476225
3477425
3480750
3482766
3530100
3530101
3530125
3531125
3536250
3563820
3573150
3590720
3590721
3590725
3590985
3591016
3591017
3615248
3622780
3655277
3655287
3677618
3677619
3679340
3679341
3679345
3679350
3680078
3680079
3680483
3680484
3680493
3680494
3680898
3680899
3683358
3683359
3684025
3685750
3686895
3686905
3689775
3710749
3710750
3710756
3715236
3722467
3724210
3724957
3725367
3725377
3725787
3728277
3746570
3746590
3751260
3758880
3758881
3758885
3758940
3774582
3775980
3804720
3815140
3818430
3820500
3820600
3820601
3820605
3822000
3888000
3894075
3929340
3969784
4009500
4038300
4039560
4039596
4039740
4039893
4070430
4081350
4083160
4083180
4084990
4095910
4138000
4138001
4138125
4138195
4138196
4138200
4138215
4138216
4138220
4138500
4202660
4331250
4385934
4385935
4385941
4386240
4397250
4397251
4401375
4439421
4450875
4461534
4488400
4488750
4488751
4494420
4505774
4507209
4516339
4516349
4525479
4548480
4548481
4548485
4550540
4552875
4569075
4569100
4569125
4571154
4584750
4584751
4592000
4592001
4592125
4600000
4617000
4617001
4648000
4677750
4681125
4751864
4809375
4809376
4873500
4873960
4892160
4937625
4965840
4965841
4965845
4965900
4975326
4975380
4975411
4975421
4975506
5016000
5016001
5020125
5086050
5086051
5086075
5087075
5092200
5117040
5193558
5193720
5194125
5230500
5245212
5257677
5258824
5258825
5262894
5280000
5298589
5298590
5301070
5301071
5301075
5301080
5302719
5302720
5302729
5302730
5304996
5306859
5306860
5307480
5309131
5309141
5313276
5322956
5329500
5346000
5346001
5348861
5348875
5350125
5370750
5481000
5528200
5528201
5528225
5610500
5629624
5636160
5643000
5643036
5671120
5697874
5698779
5698789
5699694
5707125
5707126
5716438
5767944
5771250
5791500
5793487
5793488
5793494
5836194
5837265
5841290
5855525
5855545
5873805
6006960
6014250
6059340
6112960
6112961
6112965
6112985
6113016
6113017
6219000
6219225
6237000
6265374
6265375
6265620
6265621
6265625
6265630
6265779
6265780
6265789
6265790
6266194
6266195
6270000
6341781
6342030
6342191
6342201
6342611
6387800
6387801
6387825
6388825
6465700
6495020
6616000
6616001
6616125
6624000
6876900
6877080
6877116
6877143
6877260
6916000
6924960
6924961
6924965
6951490
6953300
6953320
6955130
6957020
7015680
7094640
7094641
7094645
7096700
7107000
7181160
7182000
7182001
7246125
7438332
7493160
7511625
7529707
7529717
7547337
7561125
7621092
7630875
7641200
7641250
7641251
7788150
7790580
7831000
7831001
7831125
7835100
7926500
8079120
8079750
8079786
8162518
8166340
8167978
8168883
8168893
8169798
8175258
8197749
8276407
8276408
8276410
8276411
8276415
8276417
8276418
8276420
8342880
8405375
8482900
8482901
8482925
8483925
8977500
9108000
9108001
9112125
9138000
9138195
9138215
9198350
9198351
9198375
9214375
9310525
9734634
9759750
10192000
10221720
10221721
10221725
10223780
10234080
10246500
10345500
10345501
10345625
10388250
10965840
11056480
11056481
11056485
11221875
11236050
11286000
11672024
11705589
11711070
11714719
11714729
11723859
12028500
12119625
12226000
12226001
12438450
12438540
12793487
12837920
12837921
12837925
12839980
12990125
12994480
13252675
13252676
13252700
13268700
13754160
13754250
13754286
13851000
13851001
13906074
13906620
13906979
13906989
13907894
13915125
14177800
14206500
14206501
14210625
14231250
14379750
14616000
15282500
15581160
15582375
15664050
15664051
15664075
15746640
15855075
16159500
17048560
17048561
17048565
17050620
17381000
18276407
18276410
18276417
18402440
18402441
18402445
18434500
18626860
18732900
20415850
20468250
20468251
20472375
20493000
20691025
20691026
20691050
22113000
22113001
22581720
22845500
24877080
24877125
25707000
25707001
25711125
26020500
26513620
26513621
26513625
26545680
27508500
28493920
29277675
31164750
31328920
31328921
31328925
31531500
31710980
34138500
34138501
34142625
34766550
36807750
36807751
36871875
37256625
37648560
40844440
41382060
41382061
41382065
45218250
45691025
49754250
53031375
53031376
53095500
57057000
58573620
62658250
62658251
63422375
69534920
75388500
81695250
82764125
82764126
91382060
117156375
139070750
182764125
